sale_id,rep_id,territory_id,product_id,month,year,month_num,units_sold,revenue_usd,discount_pct,net_revenue_usd
S000001,R001,T010,P001,2023-01-01,2023,1,17,7307.69,0.076,6752.31
S000002,R001,T010,P003,2023-01-01,2023,1,7,9310.45,0.131,8090.78
S000003,R001,T010,P004,2023-01-01,2023,1,13,4327.39,0.178,3557.11
S000004,R001,T010,P002,2023-01-01,2023,1,2,1531.19,0.112,1359.7
S000005,R001,T010,P004,2023-02-01,2023,2,16,5248.05,0.147,4476.59
S000006,R001,T010,P006,2023-02-01,2023,2,24,21629.99,0.073,20051.0
S000007,R001,T010,P001,2023-02-01,2023,2,4,1825.37,0.095,1651.96
S000008,R001,T010,P006,2023-03-01,2023,3,20,18652.08,0.142,16003.48
S000009,R001,T010,P001,2023-03-01,2023,3,6,2545.45,0.069,2369.81
S000010,R001,T010,P004,2023-03-01,2023,3,8,2533.5,0.129,2206.68
S000011,R001,T010,P003,2023-04-01,2023,4,3,4288.78,0.06,4031.45
S000012,R001,T010,P005,2023-04-01,2023,4,21,6184.96,0.175,5102.59
S000013,R001,T010,P004,2023-04-01,2023,4,9,2956.08,0.155,2497.89
S000014,R001,T010,P002,2023-05-01,2023,5,8,5743.21,0.077,5300.98
S000015,R001,T010,P001,2023-05-01,2023,5,11,4703.26,0.153,3983.66
S000016,R001,T010,P006,2023-05-01,2023,5,9,8677.45,0.08,7983.25
S000017,R001,T010,P005,2023-05-01,2023,5,11,3377.38,0.077,3117.32
S000018,R001,T010,P003,2023-06-01,2023,6,21,26624.49,0.025,25958.88
S000019,R001,T010,P001,2023-06-01,2023,6,4,1857.68,0.087,1696.06
S000020,R001,T010,P004,2023-07-01,2023,7,13,4151.79,0.055,3923.44
S000021,R001,T010,P001,2023-07-01,2023,7,2,1223.72,0.094,1108.69
S000022,R001,T010,P004,2023-08-01,2023,8,4,1379.14,0.145,1179.16
S000023,R001,T010,P006,2023-08-01,2023,8,13,12204.73,0.152,10349.61
S000024,R001,T010,P003,2023-08-01,2023,8,14,18671.02,0.021,18278.93
S000025,R001,T010,P001,2023-08-01,2023,8,19,8331.14,0.089,7589.67
S000026,R001,T010,P001,2023-09-01,2023,9,3,1334.97,0.026,1300.26
S000027,R001,T010,P004,2023-09-01,2023,9,22,7034.28,0.134,6091.69
S000028,R001,T010,P002,2023-10-01,2023,10,11,7761.49,0.149,6605.03
S000029,R001,T010,P006,2023-10-01,2023,10,5,4991.98,0.081,4587.63
S000030,R001,T010,P003,2023-10-01,2023,10,4,6036.76,0.145,5161.43
S000031,R001,T010,P005,2023-10-01,2023,10,4,1386.89,0.126,1212.14
S000032,R001,T010,P006,2023-11-01,2023,11,5,4973.74,0.162,4167.99
S000033,R001,T010,P004,2023-11-01,2023,11,16,5262.88,0.107,4699.75
S000034,R001,T010,P003,2023-12-01,2023,12,11,13875.52,0.136,11988.45
S000035,R001,T010,P005,2023-12-01,2023,12,15,4587.74,0.149,3904.17
S000036,R001,T010,P006,2023-12-01,2023,12,10,8906.06,0.116,7872.96
S000037,R001,T010,P006,2024-01-01,2024,1,10,9676.08,0.069,9008.43
S000038,R001,T010,P001,2024-01-01,2024,1,16,7080.45,0.064,6627.3
S000039,R001,T010,P004,2024-01-01,2024,1,18,5643.06,0.054,5338.33
S000040,R001,T010,P005,2024-02-01,2024,2,4,1347.95,0.146,1151.15
S000041,R001,T010,P004,2024-02-01,2024,2,12,4003.38,0.132,3474.93
S000042,R001,T010,P006,2024-03-01,2024,3,10,9572.49,0.14,8232.34
S000043,R001,T010,P001,2024-03-01,2024,3,18,7839.25,0.108,6992.61
S000044,R001,T010,P002,2024-04-01,2024,4,15,10794.37,0.169,8970.12
S000045,R001,T010,P004,2024-04-01,2024,4,12,3784.69,0.074,3504.62
S000046,R001,T010,P004,2024-05-01,2024,5,14,4536.84,0.098,4092.23
S000047,R001,T010,P005,2024-05-01,2024,5,15,4625.06,0.046,4412.31
S000048,R001,T010,P001,2024-06-01,2024,6,7,3155.92,0.063,2957.1
S000049,R001,T010,P002,2024-06-01,2024,6,11,7710.17,0.04,7401.76
S000050,R001,T010,P004,2024-06-01,2024,6,4,1505.3,0.026,1466.16
S000051,R001,T010,P004,2024-07-01,2024,7,6,2146.18,0.07,1995.95
S000052,R001,T010,P005,2024-07-01,2024,7,7,2316.7,0.16,1946.03
S000053,R001,T010,P005,2024-08-01,2024,8,2,767.2,0.138,661.33
S000054,R001,T010,P003,2024-08-01,2024,8,8,10279.29,0.026,10012.03
S000055,R001,T010,P002,2024-08-01,2024,8,9,6360.52,0.179,5221.99
S000056,R001,T010,P006,2024-08-01,2024,8,2,2549.3,0.047,2429.48
S000057,R001,T010,P002,2024-09-01,2024,9,18,12521.27,0.089,11406.88
S000058,R001,T010,P006,2024-09-01,2024,9,4,3906.54,0.073,3621.36
S000059,R001,T010,P004,2024-09-01,2024,9,6,1953.37,0.123,1713.11
S000060,R001,T010,P005,2024-09-01,2024,9,15,4520.95,0.13,3933.23
S000061,R001,T010,P001,2024-10-01,2024,10,11,5019.52,0.095,4542.67
S000062,R001,T010,P002,2024-10-01,2024,10,20,14089.04,0.145,12046.13
S000063,R001,T010,P001,2024-11-01,2024,11,8,3703.38,0.174,3058.99
S000064,R001,T010,P005,2024-11-01,2024,11,17,4997.34,0.128,4357.68
S000065,R001,T010,P003,2024-11-01,2024,11,17,22364.54,0.129,19479.51
S000066,R001,T010,P004,2024-11-01,2024,11,11,3481.82,0.08,3203.27
S000067,R001,T010,P001,2024-12-01,2024,12,11,4654.34,0.124,4077.2
S000068,R001,T010,P003,2024-12-01,2024,12,6,7810.01,0.132,6779.09
S000069,R002,T026,P003,2023-01-01,2023,1,1,2115.75,0.04,2031.12
S000070,R002,T026,P006,2023-01-01,2023,1,1,285.16,0.061,267.77
S000071,R002,T026,P005,2023-01-01,2023,1,1,199.94,0.144,171.15
S000072,R002,T026,P004,2023-01-01,2023,1,1,462.61,0.048,440.4
S000073,R002,T026,P003,2023-02-01,2023,2,1,952.41,0.112,845.74
S000074,R002,T026,P005,2023-02-01,2023,2,1,213.9,0.107,191.01
S000075,R002,T026,P004,2023-02-01,2023,2,1,151.88,0.148,129.4
S000076,R002,T026,P006,2023-02-01,2023,2,1,1376.76,0.043,1317.56
S000077,R002,T026,P003,2023-03-01,2023,3,1,1637.24,0.118,1444.05
S000078,R002,T026,P002,2023-03-01,2023,3,1,684.67,0.02,670.98
S000079,R002,T026,P006,2023-04-01,2023,4,2,1970.42,0.164,1647.27
S000080,R002,T026,P002,2023-04-01,2023,4,1,285.43,0.04,274.01
S000081,R002,T026,P001,2023-04-01,2023,4,1,177.18,0.153,150.07
S000082,R002,T026,P004,2023-04-01,2023,4,1,449.82,0.037,433.18
S000083,R002,T026,P002,2023-05-01,2023,5,1,444.93,0.044,425.35
S000084,R002,T026,P005,2023-05-01,2023,5,1,512.45,0.156,432.51
S000085,R002,T026,P004,2023-05-01,2023,5,1,421.63,0.108,376.09
S000086,R002,T026,P001,2023-05-01,2023,5,1,315.31,0.127,275.27
S000087,R002,T026,P002,2023-06-01,2023,6,1,598.53,0.048,569.8
S000088,R002,T026,P006,2023-06-01,2023,6,1,1247.52,0.105,1116.53
S000089,R002,T026,P005,2023-07-01,2023,7,1,427.65,0.071,397.29
S000090,R002,T026,P001,2023-07-01,2023,7,1,786.72,0.129,685.23
S000091,R002,T026,P006,2023-07-01,2023,7,1,857.38,0.078,790.5
S000092,R002,T026,P006,2023-08-01,2023,8,1,1167.8,0.1,1051.02
S000093,R002,T026,P002,2023-08-01,2023,8,1,959.83,0.128,836.97
S000094,R002,T026,P001,2023-08-01,2023,8,1,505.74,0.091,459.72
S000095,R002,T026,P004,2023-08-01,2023,8,1,501.66,0.057,473.07
S000096,R002,T026,P004,2023-09-01,2023,9,1,291.61,0.124,255.45
S000097,R002,T026,P001,2023-09-01,2023,9,1,575.8,0.096,520.52
S000098,R002,T026,P005,2023-09-01,2023,9,1,323.25,0.122,283.81
S000099,R002,T026,P001,2023-10-01,2023,10,1,111.88,0.069,104.16
S000100,R002,T026,P005,2023-10-01,2023,10,1,242.54,0.176,199.85
S000101,R002,T026,P004,2023-10-01,2023,10,1,335.99,0.163,281.22
S000102,R002,T026,P006,2023-10-01,2023,10,1,338.63,0.095,306.46
S000103,R002,T026,P001,2023-11-01,2023,11,1,639.5,0.105,572.35
S000104,R002,T026,P003,2023-11-01,2023,11,1,1528.94,0.029,1484.6
S000105,R002,T026,P006,2023-12-01,2023,12,1,1350.11,0.069,1256.95
S000106,R002,T026,P003,2023-12-01,2023,12,1,1934.8,0.146,1652.32
S000107,R002,T026,P006,2024-01-01,2024,1,1,502.62,0.074,465.43
S000108,R002,T026,P002,2024-01-01,2024,1,1,571.31,0.03,554.17
S000109,R002,T026,P001,2024-01-01,2024,1,1,189.39,0.038,182.19
S000110,R002,T026,P006,2024-02-01,2024,2,1,1342.2,0.093,1217.38
S000111,R002,T026,P004,2024-02-01,2024,2,1,349.35,0.086,319.31
S000112,R002,T026,P004,2024-03-01,2024,3,1,122.36,0.104,109.63
S000113,R002,T026,P003,2024-03-01,2024,3,1,1766.93,0.074,1636.18
S000114,R002,T026,P005,2024-03-01,2024,3,1,55.98,0.128,48.81
S000115,R002,T026,P002,2024-03-01,2024,3,1,263.55,0.053,249.58
S000116,R002,T026,P005,2024-04-01,2024,4,1,539.96,0.075,499.46
S000117,R002,T026,P006,2024-04-01,2024,4,1,1025.24,0.033,991.41
S000118,R002,T026,P002,2024-04-01,2024,4,1,660.97,0.044,631.89
S000119,R002,T026,P001,2024-05-01,2024,5,1,326.88,0.17,271.31
S000120,R002,T026,P002,2024-05-01,2024,5,1,1015.2,0.153,859.87
S000121,R002,T026,P001,2024-06-01,2024,6,1,227.13,0.051,215.55
S000122,R002,T026,P005,2024-06-01,2024,6,1,59.89,0.178,49.23
S000123,R002,T026,P004,2024-06-01,2024,6,1,124.85,0.026,121.6
S000124,R002,T026,P001,2024-07-01,2024,7,1,410.39,0.097,370.58
S000125,R002,T026,P004,2024-07-01,2024,7,1,191.47,0.024,186.87
S000126,R002,T026,P006,2024-07-01,2024,7,1,454.03,0.022,444.04
S000127,R002,T026,P004,2024-08-01,2024,8,1,81.14,0.081,74.57
S000128,R002,T026,P005,2024-08-01,2024,8,1,295.59,0.05,280.81
S000129,R002,T026,P003,2024-09-01,2024,9,1,1480.37,0.091,1345.66
S000130,R002,T026,P006,2024-09-01,2024,9,1,1315.95,0.148,1121.19
S000131,R002,T026,P001,2024-09-01,2024,9,1,222.45,0.17,184.63
S000132,R002,T026,P002,2024-10-01,2024,10,1,476.96,0.046,455.02
S000133,R002,T026,P004,2024-10-01,2024,10,1,437.43,0.111,388.88
S000134,R002,T026,P003,2024-10-01,2024,10,1,1868.31,0.152,1584.33
S000135,R002,T026,P001,2024-11-01,2024,11,1,409.67,0.12,360.51
S000136,R002,T026,P006,2024-11-01,2024,11,1,185.35,0.052,175.71
S000137,R002,T026,P005,2024-12-01,2024,12,1,246.31,0.063,230.79
S000138,R002,T026,P001,2024-12-01,2024,12,1,549.56,0.03,533.07
S000139,R002,T026,P002,2024-12-01,2024,12,1,913.47,0.103,819.38
S000140,R002,T026,P006,2024-12-01,2024,12,2,2005.69,0.109,1787.07
S000141,R003,T019,P002,2023-01-01,2023,1,1,1265.56,0.104,1133.94
S000142,R003,T019,P006,2023-01-01,2023,1,1,919.92,0.171,762.61
S000143,R003,T019,P004,2023-02-01,2023,2,1,464.07,0.103,416.27
S000144,R003,T019,P003,2023-02-01,2023,2,1,1418.39,0.029,1377.26
S000145,R003,T019,P005,2023-02-01,2023,2,1,146.45,0.172,121.26
S000146,R003,T019,P001,2023-03-01,2023,3,1,382.06,0.047,364.1
S000147,R003,T019,P004,2023-03-01,2023,3,1,490.45,0.143,420.32
S000148,R003,T019,P002,2023-03-01,2023,3,1,346.28,0.024,337.97
S000149,R003,T019,P005,2023-04-01,2023,4,1,152.27,0.174,125.78
S000150,R003,T019,P006,2023-04-01,2023,4,1,1160.11,0.036,1118.35
S000151,R003,T019,P003,2023-05-01,2023,5,1,1934.13,0.168,1609.2
S000152,R003,T019,P001,2023-05-01,2023,5,2,933.62,0.179,766.5
S000153,R003,T019,P004,2023-05-01,2023,5,2,629.38,0.174,519.87
S000154,R003,T019,P002,2023-06-01,2023,6,1,399.03,0.051,378.68
S000155,R003,T019,P006,2023-06-01,2023,6,1,1327.37,0.137,1145.52
S000156,R003,T019,P005,2023-07-01,2023,7,2,599.66,0.162,502.52
S000157,R003,T019,P002,2023-07-01,2023,7,1,928.34,0.084,850.36
S000158,R003,T019,P001,2023-08-01,2023,8,1,433.21,0.045,413.72
S000159,R003,T019,P002,2023-08-01,2023,8,1,803.17,0.179,659.4
S000160,R003,T019,P003,2023-08-01,2023,8,1,2177.57,0.068,2029.5
S000161,R003,T019,P005,2023-08-01,2023,8,1,449.81,0.114,398.53
S000162,R003,T019,P005,2023-09-01,2023,9,1,220.09,0.109,196.1
S000163,R003,T019,P001,2023-09-01,2023,9,1,466.32,0.031,451.86
S000164,R003,T019,P001,2023-10-01,2023,10,1,143.43,0.139,123.49
S000165,R003,T019,P004,2023-10-01,2023,10,2,641.18,0.138,552.7
S000166,R003,T019,P005,2023-10-01,2023,10,1,406.09,0.041,389.44
S000167,R003,T019,P006,2023-10-01,2023,10,1,683.36,0.049,649.88
S000168,R003,T019,P004,2023-11-01,2023,11,1,275.28,0.071,255.74
S000169,R003,T019,P005,2023-11-01,2023,11,2,772.67,0.048,735.58
S000170,R003,T019,P003,2023-11-01,2023,11,1,748.08,0.134,647.84
S000171,R003,T019,P006,2023-12-01,2023,12,1,556.16,0.158,468.29
S000172,R003,T019,P004,2023-12-01,2023,12,1,230.36,0.15,195.81
S000173,R003,T019,P005,2024-01-01,2024,1,1,181.11,0.049,172.24
S000174,R003,T019,P002,2024-01-01,2024,1,1,1175.56,0.09,1069.76
S000175,R003,T019,P004,2024-01-01,2024,1,1,514.45,0.088,469.18
S000176,R003,T019,P006,2024-01-01,2024,1,1,1132.82,0.136,978.76
S000177,R003,T019,P005,2024-02-01,2024,2,1,193.26,0.158,162.72
S000178,R003,T019,P003,2024-02-01,2024,2,1,586.37,0.063,549.43
S000179,R003,T019,P002,2024-02-01,2024,2,1,372.33,0.162,312.01
S000180,R003,T019,P006,2024-03-01,2024,3,1,361.92,0.023,353.6
S000181,R003,T019,P001,2024-03-01,2024,3,1,750.37,0.161,629.56
S000182,R003,T019,P002,2024-03-01,2024,3,1,1212.74,0.164,1013.85
S000183,R003,T019,P003,2024-03-01,2024,3,1,619.16,0.042,593.16
S000184,R003,T019,P003,2024-04-01,2024,4,1,2361.07,0.129,2056.49
S000185,R003,T019,P002,2024-04-01,2024,4,1,1130.6,0.176,931.61
S000186,R003,T019,P003,2024-05-01,2024,5,2,3471.0,0.131,3016.3
S000187,R003,T019,P001,2024-05-01,2024,5,1,630.59,0.029,612.3
S000188,R003,T019,P004,2024-05-01,2024,5,1,131.43,0.089,119.73
S000189,R003,T019,P002,2024-05-01,2024,5,2,1439.58,0.044,1376.24
S000190,R003,T019,P002,2024-06-01,2024,6,1,854.06,0.104,765.24
S000191,R003,T019,P003,2024-06-01,2024,6,2,3076.32,0.165,2568.73
S000192,R003,T019,P001,2024-06-01,2024,6,2,1092.09,0.072,1013.46
S000193,R003,T019,P005,2024-06-01,2024,6,1,451.6,0.049,429.47
S000194,R003,T019,P005,2024-07-01,2024,7,1,389.34,0.071,361.7
S000195,R003,T019,P002,2024-07-01,2024,7,1,981.95,0.168,816.98
S000196,R003,T019,P006,2024-07-01,2024,7,1,479.96,0.142,411.81
S000197,R003,T019,P004,2024-08-01,2024,8,1,185.98,0.127,162.36
S000198,R003,T019,P001,2024-08-01,2024,8,1,311.87,0.069,290.35
S000199,R003,T019,P001,2024-09-01,2024,9,1,539.63,0.126,471.64
S000200,R003,T019,P004,2024-09-01,2024,9,2,660.06,0.171,547.19
S000201,R003,T019,P006,2024-09-01,2024,9,2,1896.34,0.178,1558.79
S000202,R003,T019,P002,2024-09-01,2024,9,1,798.6,0.128,696.38
S000203,R003,T019,P005,2024-10-01,2024,10,1,142.27,0.096,128.61
S000204,R003,T019,P004,2024-10-01,2024,10,1,332.8,0.151,282.55
S000205,R003,T019,P001,2024-10-01,2024,10,1,576.09,0.05,547.29
S000206,R003,T019,P002,2024-10-01,2024,10,1,841.73,0.117,743.25
S000207,R003,T019,P001,2024-11-01,2024,11,1,290.64,0.132,252.28
S000208,R003,T019,P002,2024-11-01,2024,11,1,558.31,0.069,519.79
S000209,R003,T019,P006,2024-11-01,2024,11,1,827.32,0.069,770.23
S000210,R003,T019,P004,2024-11-01,2024,11,1,584.32,0.158,492.0
S000211,R003,T019,P004,2024-12-01,2024,12,1,448.53,0.022,438.66
S000212,R003,T019,P006,2024-12-01,2024,12,1,735.33,0.079,677.24
S000213,R003,T019,P002,2024-12-01,2024,12,1,571.19,0.087,521.5
S000214,R003,T019,P001,2024-12-01,2024,12,1,362.93,0.06,341.15
S000215,R004,T039,P003,2023-01-01,2023,1,2,2573.77,0.051,2442.51
S000216,R004,T039,P006,2023-01-01,2023,1,1,679.77,0.128,592.76
S000217,R004,T039,P006,2023-02-01,2023,2,1,934.82,0.115,827.32
S000218,R004,T039,P004,2023-02-01,2023,2,1,502.29,0.02,492.24
S000219,R004,T039,P005,2023-02-01,2023,2,1,298.25,0.053,282.44
S000220,R004,T039,P003,2023-02-01,2023,2,2,3090.04,0.037,2975.71
S000221,R004,T039,P006,2023-03-01,2023,3,1,706.25,0.057,665.99
S000222,R004,T039,P005,2023-03-01,2023,3,1,53.66,0.102,48.19
S000223,R004,T039,P001,2023-03-01,2023,3,1,348.95,0.119,307.42
S000224,R004,T039,P003,2023-03-01,2023,3,1,955.24,0.14,821.51
S000225,R004,T039,P001,2023-04-01,2023,4,1,746.26,0.033,721.63
S000226,R004,T039,P004,2023-04-01,2023,4,1,434.38,0.091,394.85
S000227,R004,T039,P005,2023-04-01,2023,4,1,429.69,0.16,360.94
S000228,R004,T039,P001,2023-05-01,2023,5,1,460.26,0.149,391.68
S000229,R004,T039,P005,2023-05-01,2023,5,1,258.96,0.141,222.45
S000230,R004,T039,P004,2023-05-01,2023,5,2,714.35,0.084,654.34
S000231,R004,T039,P004,2023-06-01,2023,6,1,84.83,0.085,77.62
S000232,R004,T039,P006,2023-06-01,2023,6,1,916.23,0.023,895.16
S000233,R004,T039,P002,2023-06-01,2023,6,1,575.8,0.02,564.28
S000234,R004,T039,P002,2023-07-01,2023,7,1,764.94,0.056,722.1
S000235,R004,T039,P004,2023-07-01,2023,7,1,452.31,0.16,379.94
S000236,R004,T039,P004,2023-08-01,2023,8,2,663.5,0.03,643.6
S000237,R004,T039,P006,2023-08-01,2023,8,1,439.59,0.128,383.32
S000238,R004,T039,P002,2023-08-01,2023,8,1,713.11,0.122,626.11
S000239,R004,T039,P006,2023-09-01,2023,9,1,236.93,0.107,211.58
S000240,R004,T039,P005,2023-09-01,2023,9,1,222.8,0.096,201.41
S000241,R004,T039,P003,2023-09-01,2023,9,1,1036.47,0.047,987.76
S000242,R004,T039,P002,2023-09-01,2023,9,1,1028.2,0.054,972.68
S000243,R004,T039,P005,2023-10-01,2023,10,1,556.56,0.052,527.62
S000244,R004,T039,P001,2023-10-01,2023,10,1,360.52,0.083,330.6
S000245,R004,T039,P006,2023-11-01,2023,11,1,512.13,0.138,441.46
S000246,R004,T039,P001,2023-11-01,2023,11,1,71.51,0.108,63.79
S000247,R004,T039,P004,2023-11-01,2023,11,2,667.71,0.055,630.99
S000248,R004,T039,P001,2023-12-01,2023,12,1,318.19,0.027,309.6
S000249,R004,T039,P006,2023-12-01,2023,12,1,1238.94,0.172,1025.84
S000250,R004,T039,P004,2024-01-01,2024,1,1,255.43,0.12,224.78
S000251,R004,T039,P005,2024-01-01,2024,1,1,204.05,0.17,169.36
S000252,R004,T039,P001,2024-02-01,2024,2,1,380.49,0.074,352.33
S000253,R004,T039,P005,2024-02-01,2024,2,1,190.99,0.168,158.9
S000254,R004,T039,P006,2024-02-01,2024,2,1,319.38,0.115,282.65
S000255,R004,T039,P004,2024-02-01,2024,2,1,213.96,0.041,205.19
S000256,R004,T039,P004,2024-03-01,2024,3,1,223.77,0.134,193.78
S000257,R004,T039,P005,2024-03-01,2024,3,1,534.08,0.148,455.04
S000258,R004,T039,P001,2024-03-01,2024,3,1,107.26,0.103,96.21
S000259,R004,T039,P006,2024-04-01,2024,4,1,823.66,0.059,775.06
S000260,R004,T039,P005,2024-04-01,2024,4,1,274.41,0.107,245.05
S000261,R004,T039,P002,2024-05-01,2024,5,1,173.41,0.059,163.18
S000262,R004,T039,P003,2024-05-01,2024,5,1,504.91,0.038,485.72
S000263,R004,T039,P005,2024-05-01,2024,5,1,567.89,0.053,537.79
S000264,R004,T039,P004,2024-06-01,2024,6,1,168.49,0.16,141.53
S000265,R004,T039,P001,2024-06-01,2024,6,1,384.43,0.167,320.23
S000266,R004,T039,P003,2024-06-01,2024,6,1,719.26,0.142,617.13
S000267,R004,T039,P002,2024-06-01,2024,6,1,281.75,0.138,242.87
S000268,R004,T039,P002,2024-07-01,2024,7,1,552.88,0.056,521.92
S000269,R004,T039,P006,2024-07-01,2024,7,1,398.65,0.098,359.58
S000270,R004,T039,P005,2024-07-01,2024,7,1,207.53,0.174,171.42
S000271,R004,T039,P001,2024-07-01,2024,7,1,458.92,0.167,382.28
S000272,R004,T039,P003,2024-08-01,2024,8,1,2378.09,0.147,2028.51
S000273,R004,T039,P002,2024-08-01,2024,8,1,482.99,0.147,411.99
S000274,R004,T039,P005,2024-08-01,2024,8,1,91.87,0.107,82.04
S000275,R004,T039,P006,2024-08-01,2024,8,1,805.58,0.083,738.72
S000276,R004,T039,P006,2024-09-01,2024,9,1,717.14,0.119,631.8
S000277,R004,T039,P003,2024-09-01,2024,9,1,634.27,0.14,545.47
S000278,R004,T039,P004,2024-10-01,2024,10,1,157.24,0.081,144.5
S000279,R004,T039,P001,2024-10-01,2024,10,2,934.78,0.134,809.52
S000280,R004,T039,P003,2024-10-01,2024,10,1,297.92,0.096,269.32
S000281,R004,T039,P005,2024-10-01,2024,10,1,181.63,0.106,162.38
S000282,R004,T039,P003,2024-11-01,2024,11,1,1037.04,0.029,1006.97
S000283,R004,T039,P001,2024-11-01,2024,11,1,280.04,0.042,268.28
S000284,R004,T039,P005,2024-11-01,2024,11,1,55.57,0.136,48.01
S000285,R004,T039,P001,2024-12-01,2024,12,1,559.27,0.103,501.67
S000286,R004,T039,P003,2024-12-01,2024,12,1,1733.3,0.037,1669.17
S000287,R004,T039,P005,2024-12-01,2024,12,1,523.59,0.116,462.85
S000288,R004,T039,P006,2024-12-01,2024,12,1,986.18,0.109,878.69
S000289,R005,T003,P002,2023-01-01,2023,1,5,3656.03,0.129,3184.4
S000290,R005,T003,P005,2023-01-01,2023,1,2,695.12,0.046,663.14
S000291,R005,T003,P001,2023-01-01,2023,1,4,1702.54,0.039,1636.14
S000292,R005,T003,P003,2023-01-01,2023,1,1,1235.86,0.054,1169.12
S000293,R005,T003,P006,2023-02-01,2023,2,4,3644.58,0.062,3418.62
S000294,R005,T003,P004,2023-02-01,2023,2,2,831.24,0.104,744.79
S000295,R005,T003,P003,2023-03-01,2023,3,3,4309.06,0.15,3662.7
S000296,R005,T003,P005,2023-03-01,2023,3,1,331.91,0.116,293.41
S000297,R005,T003,P004,2023-03-01,2023,3,2,853.94,0.134,739.51
S000298,R005,T003,P006,2023-04-01,2023,4,2,2398.94,0.115,2123.06
S000299,R005,T003,P005,2023-04-01,2023,4,1,469.19,0.098,423.21
S000300,R005,T003,P003,2023-05-01,2023,5,7,9562.03,0.15,8127.73
S000301,R005,T003,P005,2023-05-01,2023,5,2,622.81,0.082,571.74
S000302,R005,T003,P003,2023-06-01,2023,6,4,5222.63,0.163,4371.34
S000303,R005,T003,P004,2023-06-01,2023,6,1,425.13,0.136,367.31
S000304,R005,T003,P001,2023-07-01,2023,7,4,1885.93,0.108,1682.25
S000305,R005,T003,P003,2023-07-01,2023,7,4,5716.6,0.034,5522.24
S000306,R005,T003,P002,2023-07-01,2023,7,2,2023.52,0.118,1784.74
S000307,R005,T003,P005,2023-08-01,2023,8,3,1136.21,0.061,1066.9
S000308,R005,T003,P004,2023-08-01,2023,8,5,1623.41,0.177,1336.07
S000309,R005,T003,P006,2023-08-01,2023,8,2,2076.36,0.026,2022.37
S000310,R005,T003,P004,2023-09-01,2023,9,4,1523.79,0.026,1484.17
S000311,R005,T003,P003,2023-09-01,2023,9,5,6547.9,0.075,6056.81
S000312,R005,T003,P002,2023-09-01,2023,9,2,1521.46,0.07,1414.96
S000313,R005,T003,P003,2023-10-01,2023,10,7,9895.26,0.159,8321.91
S000314,R005,T003,P005,2023-10-01,2023,10,4,1255.99,0.066,1173.09
S000315,R005,T003,P006,2023-11-01,2023,11,2,1908.46,0.062,1790.14
S000316,R005,T003,P001,2023-11-01,2023,11,5,2148.26,0.087,1961.36
S000317,R005,T003,P003,2023-12-01,2023,12,2,3475.22,0.071,3228.48
S000318,R005,T003,P006,2023-12-01,2023,12,1,1355.79,0.109,1208.01
S000319,R005,T003,P006,2024-01-01,2024,1,1,672.01,0.083,616.23
S000320,R005,T003,P001,2024-01-01,2024,1,1,738.94,0.139,636.23
S000321,R005,T003,P005,2024-01-01,2024,1,3,960.89,0.106,859.04
S000322,R005,T003,P006,2024-02-01,2024,2,7,7104.87,0.096,6422.8
S000323,R005,T003,P003,2024-02-01,2024,2,2,2637.17,0.128,2299.61
S000324,R005,T003,P005,2024-02-01,2024,2,2,591.82,0.141,508.37
S000325,R005,T003,P001,2024-02-01,2024,2,6,2667.55,0.131,2318.1
S000326,R005,T003,P002,2024-03-01,2024,3,4,2935.17,0.172,2430.32
S000327,R005,T003,P003,2024-03-01,2024,3,10,13262.89,0.154,11220.4
S000328,R005,T003,P003,2024-04-01,2024,4,2,2580.82,0.166,2152.4
S000329,R005,T003,P004,2024-04-01,2024,4,7,2295.35,0.039,2205.83
S000330,R005,T003,P006,2024-04-01,2024,4,6,5846.45,0.17,4852.55
S000331,R005,T003,P001,2024-04-01,2024,4,9,3827.65,0.054,3620.96
S000332,R005,T003,P004,2024-05-01,2024,5,2,916.21,0.03,888.72
S000333,R005,T003,P001,2024-05-01,2024,5,5,2357.63,0.069,2194.95
S000334,R005,T003,P005,2024-06-01,2024,6,5,1470.8,0.122,1291.36
S000335,R005,T003,P006,2024-06-01,2024,6,4,4331.34,0.172,3586.35
S000336,R005,T003,P003,2024-06-01,2024,6,8,10471.2,0.064,9801.04
S000337,R005,T003,P001,2024-06-01,2024,6,1,549.59,0.041,527.06
S000338,R005,T003,P003,2024-07-01,2024,7,1,961.79,0.077,887.73
S000339,R005,T003,P005,2024-07-01,2024,7,4,1335.57,0.128,1164.62
S000340,R005,T003,P001,2024-07-01,2024,7,4,2099.88,0.147,1791.2
S000341,R005,T003,P002,2024-08-01,2024,8,1,948.62,0.041,909.73
S000342,R005,T003,P005,2024-08-01,2024,8,4,1316.67,0.07,1224.5
S000343,R005,T003,P005,2024-09-01,2024,9,7,2211.96,0.158,1862.47
S000344,R005,T003,P003,2024-09-01,2024,9,9,12270.2,0.067,11448.1
S000345,R005,T003,P006,2024-09-01,2024,9,4,4335.2,0.132,3762.95
S000346,R005,T003,P004,2024-09-01,2024,9,3,1209.39,0.025,1179.16
S000347,R005,T003,P006,2024-10-01,2024,10,4,3609.93,0.102,3241.72
S000348,R005,T003,P001,2024-10-01,2024,10,2,1009.55,0.157,851.05
S000349,R005,T003,P005,2024-10-01,2024,10,4,1181.41,0.048,1124.7
S000350,R005,T003,P003,2024-10-01,2024,10,3,4735.33,0.145,4048.71
S000351,R005,T003,P003,2024-11-01,2024,11,5,6717.56,0.021,6576.49
S000352,R005,T003,P002,2024-11-01,2024,11,4,3054.15,0.028,2968.63
S000353,R005,T003,P001,2024-12-01,2024,12,6,2599.9,0.04,2495.9
S000354,R005,T003,P004,2024-12-01,2024,12,2,821.51,0.023,802.62
S000355,R005,T003,P003,2024-12-01,2024,12,5,6797.0,0.05,6457.15
S000356,R006,T045,P001,2023-01-01,2023,1,4,2051.77,0.142,1760.42
S000357,R006,T045,P002,2023-01-01,2023,1,8,5859.07,0.106,5238.01
S000358,R006,T045,P006,2023-02-01,2023,2,1,1403.07,0.098,1265.57
S000359,R006,T045,P001,2023-02-01,2023,2,11,4674.89,0.028,4543.99
S000360,R006,T045,P005,2023-02-01,2023,2,10,3065.22,0.062,2875.18
S000361,R006,T045,P004,2023-03-01,2023,3,10,3223.14,0.151,2736.45
S000362,R006,T045,P006,2023-03-01,2023,3,4,4347.05,0.09,3955.82
S000363,R006,T045,P003,2023-04-01,2023,4,11,14297.76,0.171,11852.84
S000364,R006,T045,P002,2023-04-01,2023,4,12,8813.65,0.129,7676.69
S000365,R006,T045,P001,2023-04-01,2023,4,10,4273.43,0.171,3542.67
S000366,R006,T045,P004,2023-05-01,2023,5,10,3189.57,0.137,2752.6
S000367,R006,T045,P006,2023-05-01,2023,5,7,6877.58,0.173,5687.76
S000368,R006,T045,P003,2023-06-01,2023,6,5,6597.97,0.1,5938.17
S000369,R006,T045,P002,2023-06-01,2023,6,3,2569.61,0.107,2294.66
S000370,R006,T045,P006,2023-06-01,2023,6,2,2144.42,0.034,2071.51
S000371,R006,T045,P005,2023-06-01,2023,6,1,554.23,0.156,467.77
S000372,R006,T045,P004,2023-07-01,2023,7,2,788.29,0.097,711.83
S000373,R006,T045,P002,2023-07-01,2023,7,5,3746.88,0.075,3465.86
S000374,R006,T045,P006,2023-07-01,2023,7,2,2472.66,0.056,2334.19
S000375,R006,T045,P005,2023-07-01,2023,7,1,278.88,0.043,266.89
S000376,R006,T045,P001,2023-08-01,2023,8,4,1981.18,0.125,1733.53
S000377,R006,T045,P003,2023-08-01,2023,8,7,8815.39,0.159,7413.74
S000378,R006,T045,P005,2023-08-01,2023,8,9,2741.1,0.126,2395.72
S000379,R006,T045,P002,2023-09-01,2023,9,9,6180.79,0.06,5809.94
S000380,R006,T045,P006,2023-09-01,2023,9,5,5030.99,0.175,4150.57
S000381,R006,T045,P001,2023-09-01,2023,9,4,2059.68,0.046,1964.93
S000382,R006,T045,P003,2023-10-01,2023,10,11,13772.94,0.042,13194.48
S000383,R006,T045,P005,2023-10-01,2023,10,1,464.64,0.099,418.64
S000384,R006,T045,P002,2023-10-01,2023,10,1,1266.97,0.021,1240.36
S000385,R006,T045,P001,2023-11-01,2023,11,2,1049.35,0.129,913.98
S000386,R006,T045,P004,2023-11-01,2023,11,3,1080.12,0.115,955.91
S000387,R006,T045,P003,2023-11-01,2023,11,6,8477.18,0.083,7773.57
S000388,R006,T045,P005,2023-11-01,2023,11,1,550.87,0.155,465.49
S000389,R006,T045,P001,2023-12-01,2023,12,5,2149.79,0.052,2038.0
S000390,R006,T045,P005,2023-12-01,2023,12,5,1642.78,0.061,1542.57
S000391,R006,T045,P004,2023-12-01,2023,12,6,2088.0,0.066,1950.19
S000392,R006,T045,P005,2024-01-01,2024,1,3,1037.62,0.176,855.0
S000393,R006,T045,P006,2024-01-01,2024,1,8,7292.81,0.091,6629.16
S000394,R006,T045,P004,2024-02-01,2024,2,11,3680.99,0.022,3600.01
S000395,R006,T045,P002,2024-02-01,2024,2,2,1545.65,0.07,1437.45
S000396,R006,T045,P004,2024-03-01,2024,3,6,2014.11,0.048,1917.43
S000397,R006,T045,P003,2024-03-01,2024,3,3,4547.21,0.15,3865.13
S000398,R006,T045,P005,2024-03-01,2024,3,8,2591.05,0.136,2238.67
S000399,R006,T045,P002,2024-03-01,2024,3,4,3002.62,0.037,2891.52
S000400,R006,T045,P003,2024-04-01,2024,4,10,13176.42,0.111,11713.84
S000401,R006,T045,P001,2024-04-01,2024,4,4,1920.84,0.062,1801.75
S000402,R006,T045,P001,2024-05-01,2024,5,5,2218.13,0.024,2164.89
S000403,R006,T045,P006,2024-05-01,2024,5,12,11181.62,0.04,10734.36
S000404,R006,T045,P002,2024-05-01,2024,5,3,2249.17,0.061,2111.97
S000405,R006,T045,P006,2024-06-01,2024,6,2,2523.84,0.144,2160.41
S000406,R006,T045,P002,2024-06-01,2024,6,1,1209.15,0.121,1062.84
S000407,R006,T045,P002,2024-07-01,2024,7,6,4175.01,0.149,3552.93
S000408,R006,T045,P003,2024-07-01,2024,7,1,1428.33,0.122,1254.07
S000409,R006,T045,P006,2024-07-01,2024,7,5,4622.92,0.067,4313.18
S000410,R006,T045,P005,2024-07-01,2024,7,1,551.53,0.089,502.44
S000411,R006,T045,P006,2024-08-01,2024,8,2,2196.21,0.037,2114.95
S000412,R006,T045,P005,2024-08-01,2024,8,5,1543.02,0.139,1328.54
S000413,R006,T045,P004,2024-08-01,2024,8,5,1726.63,0.038,1661.02
S000414,R006,T045,P005,2024-09-01,2024,9,4,1447.44,0.151,1228.88
S000415,R006,T045,P004,2024-09-01,2024,9,8,2689.59,0.134,2329.18
S000416,R006,T045,P001,2024-09-01,2024,9,3,1556.22,0.064,1456.62
S000417,R006,T045,P003,2024-09-01,2024,9,6,8427.36,0.094,7635.19
S000418,R006,T045,P006,2024-10-01,2024,10,3,2954.23,0.085,2703.12
S000419,R006,T045,P005,2024-10-01,2024,10,4,1228.89,0.035,1185.88
S000420,R006,T045,P006,2024-11-01,2024,11,5,5143.13,0.177,4232.8
S000421,R006,T045,P004,2024-11-01,2024,11,4,1465.68,0.114,1298.59
S000422,R006,T045,P005,2024-11-01,2024,11,7,2275.41,0.152,1929.55
S000423,R006,T045,P001,2024-11-01,2024,11,10,4466.78,0.157,3765.5
S000424,R006,T045,P001,2024-12-01,2024,12,5,2370.53,0.031,2297.04
S000425,R006,T045,P006,2024-12-01,2024,12,12,11259.86,0.177,9266.86
S000426,R006,T045,P002,2024-12-01,2024,12,1,1082.94,0.129,943.24
S000427,R007,T013,P003,2023-01-01,2023,1,1,1352.99,0.026,1317.81
S000428,R007,T013,P005,2023-01-01,2023,1,1,401.76,0.135,347.52
S000429,R007,T013,P006,2023-02-01,2023,2,1,1744.72,0.112,1549.31
S000430,R007,T013,P001,2023-02-01,2023,2,3,1263.41,0.076,1167.39
S000431,R007,T013,P001,2023-03-01,2023,3,2,841.08,0.135,727.53
S000432,R007,T013,P002,2023-03-01,2023,3,1,608.39,0.09,553.63
S000433,R007,T013,P006,2023-04-01,2023,4,1,746.91,0.05,709.56
S000434,R007,T013,P004,2023-04-01,2023,4,1,406.16,0.114,359.86
S000435,R007,T013,P003,2023-05-01,2023,5,1,1595.97,0.107,1425.2
S000436,R007,T013,P001,2023-05-01,2023,5,1,756.1,0.12,665.37
S000437,R007,T013,P001,2023-06-01,2023,6,1,623.44,0.131,541.77
S000438,R007,T013,P004,2023-06-01,2023,6,3,1020.3,0.157,860.11
S000439,R007,T013,P003,2023-06-01,2023,6,1,344.27,0.102,309.15
S000440,R007,T013,P002,2023-06-01,2023,6,1,652.73,0.15,554.82
S000441,R007,T013,P001,2023-07-01,2023,7,1,118.21,0.14,101.66
S000442,R007,T013,P003,2023-07-01,2023,7,1,1326.35,0.122,1164.54
S000443,R007,T013,P006,2023-08-01,2023,8,1,447.29,0.048,425.82
S000444,R007,T013,P002,2023-08-01,2023,8,2,1814.0,0.166,1512.88
S000445,R007,T013,P006,2023-09-01,2023,9,2,2585.6,0.112,2296.01
S000446,R007,T013,P001,2023-09-01,2023,9,1,373.43,0.099,336.46
S000447,R007,T013,P006,2023-10-01,2023,10,1,1451.46,0.11,1291.8
S000448,R007,T013,P004,2023-10-01,2023,10,2,742.1,0.061,696.83
S000449,R007,T013,P002,2023-10-01,2023,10,2,1861.81,0.037,1792.92
S000450,R007,T013,P001,2023-10-01,2023,10,1,216.75,0.047,206.56
S000451,R007,T013,P002,2023-11-01,2023,11,2,1386.6,0.069,1290.92
S000452,R007,T013,P003,2023-11-01,2023,11,2,2660.28,0.112,2362.33
S000453,R007,T013,P001,2023-11-01,2023,11,2,1065.31,0.037,1025.89
S000454,R007,T013,P002,2023-12-01,2023,12,1,855.4,0.058,805.79
S000455,R007,T013,P005,2023-12-01,2023,12,1,495.01,0.079,455.9
S000456,R007,T013,P004,2023-12-01,2023,12,3,1021.75,0.129,889.94
S000457,R007,T013,P001,2023-12-01,2023,12,1,765.51,0.026,745.61
S000458,R007,T013,P002,2024-01-01,2024,1,1,1237.74,0.131,1075.6
S000459,R007,T013,P006,2024-01-01,2024,1,1,1119.38,0.178,920.13
S000460,R007,T013,P005,2024-02-01,2024,2,2,737.6,0.166,615.16
S000461,R007,T013,P001,2024-02-01,2024,2,1,422.77,0.098,381.34
S000462,R007,T013,P006,2024-02-01,2024,2,1,819.31,0.07,761.96
S000463,R007,T013,P004,2024-02-01,2024,2,2,697.28,0.048,663.81
S000464,R007,T013,P003,2024-03-01,2024,3,1,1222.57,0.166,1019.62
S000465,R007,T013,P006,2024-03-01,2024,3,1,1058.58,0.135,915.67
S000466,R007,T013,P003,2024-04-01,2024,4,3,3843.77,0.058,3620.83
S000467,R007,T013,P001,2024-04-01,2024,4,1,542.55,0.159,456.28
S000468,R007,T013,P001,2024-05-01,2024,5,1,608.85,0.18,499.26
S000469,R007,T013,P003,2024-05-01,2024,5,3,3792.07,0.129,3302.89
S000470,R007,T013,P004,2024-05-01,2024,5,3,995.76,0.1,896.18
S000471,R007,T013,P002,2024-06-01,2024,6,1,1302.43,0.103,1168.28
S000472,R007,T013,P004,2024-06-01,2024,6,1,563.73,0.081,518.07
S000473,R007,T013,P003,2024-07-01,2024,7,2,2703.4,0.133,2343.85
S000474,R007,T013,P006,2024-07-01,2024,7,1,1317.59,0.029,1279.38
S000475,R007,T013,P004,2024-07-01,2024,7,1,88.57,0.029,86.0
S000476,R007,T013,P003,2024-08-01,2024,8,2,3543.83,0.133,3072.5
S000477,R007,T013,P001,2024-08-01,2024,8,1,763.33,0.078,703.79
S000478,R007,T013,P005,2024-08-01,2024,8,1,291.35,0.078,268.62
S000479,R007,T013,P006,2024-08-01,2024,8,2,1784.27,0.026,1737.88
S000480,R007,T013,P001,2024-09-01,2024,9,3,1297.4,0.15,1102.79
S000481,R007,T013,P004,2024-09-01,2024,9,2,685.57,0.166,571.77
S000482,R007,T013,P001,2024-10-01,2024,10,1,399.24,0.092,362.51
S000483,R007,T013,P003,2024-10-01,2024,10,1,1858.75,0.046,1773.25
S000484,R007,T013,P002,2024-10-01,2024,10,1,853.54,0.126,745.99
S000485,R007,T013,P005,2024-11-01,2024,11,2,806.18,0.052,764.26
S000486,R007,T013,P001,2024-11-01,2024,11,1,567.36,0.135,490.77
S000487,R007,T013,P002,2024-11-01,2024,11,1,805.09,0.114,713.31
S000488,R007,T013,P004,2024-11-01,2024,11,1,218.31,0.09,198.66
S000489,R007,T013,P003,2024-12-01,2024,12,1,747.55,0.107,667.56
S000490,R007,T013,P004,2024-12-01,2024,12,1,257.97,0.12,227.01
S000491,R008,T050,P005,2023-01-01,2023,1,3,1031.79,0.159,867.74
S000492,R008,T050,P003,2023-01-01,2023,1,5,6339.19,0.135,5483.4
S000493,R008,T050,P005,2023-02-01,2023,2,5,1543.68,0.166,1287.43
S000494,R008,T050,P003,2023-02-01,2023,2,2,3462.55,0.098,3123.22
S000495,R008,T050,P006,2023-02-01,2023,2,2,1869.82,0.107,1669.75
S000496,R008,T050,P002,2023-02-01,2023,2,2,1932.44,0.044,1847.41
S000497,R008,T050,P003,2023-03-01,2023,3,4,5947.27,0.046,5673.7
S000498,R008,T050,P004,2023-03-01,2023,3,1,394.26,0.169,327.63
S000499,R008,T050,P004,2023-04-01,2023,4,6,2156.33,0.066,2014.01
S000500,R008,T050,P001,2023-04-01,2023,4,1,775.69,0.175,639.94
S000501,R008,T050,P005,2023-04-01,2023,4,1,496.54,0.066,463.77
S000502,R008,T050,P002,2023-05-01,2023,5,1,893.9,0.073,828.65
S000503,R008,T050,P006,2023-05-01,2023,5,4,3995.49,0.055,3775.74
S000504,R008,T050,P001,2023-06-01,2023,6,2,1111.44,0.065,1039.2
S000505,R008,T050,P006,2023-06-01,2023,6,4,4159.1,0.168,3460.37
S000506,R008,T050,P002,2023-06-01,2023,6,6,4532.4,0.075,4192.47
S000507,R008,T050,P005,2023-07-01,2023,7,6,2019.47,0.139,1738.76
S000508,R008,T050,P001,2023-07-01,2023,7,3,1328.05,0.12,1168.68
S000509,R008,T050,P006,2023-07-01,2023,7,2,1791.7,0.143,1535.49
S000510,R008,T050,P004,2023-08-01,2023,8,6,1978.13,0.026,1926.7
S000511,R008,T050,P006,2023-08-01,2023,8,3,3373.95,0.165,2817.25
S000512,R008,T050,P001,2023-09-01,2023,9,4,1952.28,0.149,1661.39
S000513,R008,T050,P002,2023-09-01,2023,9,2,1581.98,0.171,1311.46
S000514,R008,T050,P005,2023-09-01,2023,9,4,1220.13,0.044,1166.44
S000515,R008,T050,P002,2023-10-01,2023,10,1,690.88,0.022,675.68
S000516,R008,T050,P006,2023-10-01,2023,10,1,874.56,0.152,741.63
S000517,R008,T050,P004,2023-10-01,2023,10,1,457.58,0.165,382.08
S000518,R008,T050,P003,2023-10-01,2023,10,2,2943.01,0.032,2848.83
S000519,R008,T050,P004,2023-11-01,2023,11,3,954.57,0.124,836.2
S000520,R008,T050,P003,2023-11-01,2023,11,6,7917.76,0.054,7490.2
S000521,R008,T050,P005,2023-11-01,2023,11,3,1038.1,0.174,857.47
S000522,R008,T050,P004,2023-12-01,2023,12,6,2131.22,0.151,1809.41
S000523,R008,T050,P001,2023-12-01,2023,12,6,2925.45,0.053,2770.4
S000524,R008,T050,P003,2023-12-01,2023,12,2,3394.07,0.108,3027.51
S000525,R008,T050,P003,2024-01-01,2024,1,5,7294.81,0.167,6076.58
S000526,R008,T050,P002,2024-01-01,2024,1,4,3322.07,0.036,3202.48
S000527,R008,T050,P005,2024-01-01,2024,1,5,1681.24,0.077,1551.78
S000528,R008,T050,P006,2024-02-01,2024,2,5,4858.67,0.148,4139.59
S000529,R008,T050,P002,2024-02-01,2024,2,3,2162.22,0.115,1913.56
S000530,R008,T050,P005,2024-02-01,2024,2,5,1580.2,0.092,1434.82
S000531,R008,T050,P004,2024-03-01,2024,3,3,1162.72,0.051,1103.42
S000532,R008,T050,P006,2024-03-01,2024,3,3,2670.41,0.172,2211.1
S000533,R008,T050,P001,2024-03-01,2024,3,2,913.96,0.114,809.77
S000534,R008,T050,P001,2024-04-01,2024,4,4,2002.89,0.085,1832.64
S000535,R008,T050,P004,2024-04-01,2024,4,5,1562.43,0.136,1349.94
S000536,R008,T050,P005,2024-05-01,2024,5,2,643.58,0.058,606.25
S000537,R008,T050,P002,2024-05-01,2024,5,1,1067.43,0.047,1017.26
S000538,R008,T050,P001,2024-05-01,2024,5,1,524.24,0.107,468.15
S000539,R008,T050,P004,2024-05-01,2024,5,3,949.16,0.068,884.62
S000540,R008,T050,P005,2024-06-01,2024,6,4,1264.72,0.064,1183.78
S000541,R008,T050,P006,2024-06-01,2024,6,2,2058.13,0.133,1784.4
S000542,R008,T050,P005,2024-07-01,2024,7,5,1629.72,0.053,1543.34
S000543,R008,T050,P001,2024-07-01,2024,7,3,1319.37,0.156,1113.55
S000544,R008,T050,P005,2024-08-01,2024,8,2,658.79,0.049,626.51
S000545,R008,T050,P001,2024-08-01,2024,8,2,1060.18,0.051,1006.11
S000546,R008,T050,P004,2024-08-01,2024,8,7,2386.0,0.08,2195.12
S000547,R008,T050,P003,2024-09-01,2024,9,4,5024.08,0.137,4335.78
S000548,R008,T050,P004,2024-09-01,2024,9,2,690.2,0.021,675.71
S000549,R008,T050,P005,2024-09-01,2024,9,7,2090.35,0.158,1760.07
S000550,R008,T050,P002,2024-10-01,2024,10,3,2649.33,0.141,2275.77
S000551,R008,T050,P001,2024-10-01,2024,10,2,1019.58,0.119,898.25
S000552,R008,T050,P005,2024-10-01,2024,10,1,351.97,0.038,338.6
S000553,R008,T050,P006,2024-10-01,2024,10,6,5904.76,0.095,5343.81
S000554,R008,T050,P004,2024-11-01,2024,11,3,1160.75,0.024,1132.89
S000555,R008,T050,P002,2024-11-01,2024,11,2,1370.67,0.113,1215.78
S000556,R008,T050,P001,2024-11-01,2024,11,4,1788.87,0.03,1735.2
S000557,R008,T050,P004,2024-12-01,2024,12,6,1878.71,0.045,1794.17
S000558,R008,T050,P006,2024-12-01,2024,12,5,5276.4,0.162,4421.62
S000559,R008,T050,P003,2024-12-01,2024,12,1,1595.59,0.111,1418.48
S000560,R008,T050,P002,2024-12-01,2024,12,1,1345.3,0.028,1307.63
S000561,R009,T028,P005,2023-01-01,2023,1,1,246.61,0.11,219.48
S000562,R009,T028,P002,2023-01-01,2023,1,1,622.91,0.071,578.68
S000563,R009,T028,P004,2023-01-01,2023,1,1,554.18,0.1,498.76
S000564,R009,T028,P003,2023-01-01,2023,1,1,2371.52,0.059,2231.6
S000565,R009,T028,P005,2023-02-01,2023,2,1,430.14,0.18,352.71
S000566,R009,T028,P001,2023-02-01,2023,2,1,646.89,0.155,546.62
S000567,R009,T028,P002,2023-02-01,2023,2,5,3406.83,0.118,3004.82
S000568,R009,T028,P001,2023-03-01,2023,3,3,1270.63,0.168,1057.16
S000569,R009,T028,P004,2023-03-01,2023,3,2,667.04,0.162,558.98
S000570,R009,T028,P006,2023-03-01,2023,3,3,2961.67,0.076,2736.58
S000571,R009,T028,P003,2023-03-01,2023,3,1,729.25,0.063,683.31
S000572,R009,T028,P003,2023-04-01,2023,4,2,2748.04,0.079,2530.94
S000573,R009,T028,P004,2023-04-01,2023,4,2,801.3,0.178,658.67
S000574,R009,T028,P006,2023-04-01,2023,4,2,1828.3,0.166,1524.8
S000575,R009,T028,P005,2023-04-01,2023,4,4,1266.14,0.081,1163.58
S000576,R009,T028,P001,2023-05-01,2023,5,3,1636.98,0.127,1429.08
S000577,R009,T028,P002,2023-05-01,2023,5,2,1688.27,0.138,1455.29
S000578,R009,T028,P005,2023-05-01,2023,5,2,867.98,0.047,827.18
S000579,R009,T028,P005,2023-06-01,2023,6,1,516.89,0.048,492.08
S000580,R009,T028,P003,2023-06-01,2023,6,1,1596.57,0.084,1462.46
S000581,R009,T028,P002,2023-07-01,2023,7,2,1884.86,0.096,1703.91
S000582,R009,T028,P005,2023-07-01,2023,7,1,350.96,0.176,289.19
S000583,R009,T028,P006,2023-07-01,2023,7,2,2610.49,0.177,2148.43
S000584,R009,T028,P001,2023-07-01,2023,7,3,1359.06,0.171,1126.66
S000585,R009,T028,P003,2023-08-01,2023,8,3,4840.41,0.12,4259.56
S000586,R009,T028,P005,2023-08-01,2023,8,1,170.82,0.152,144.86
S000587,R009,T028,P004,2023-08-01,2023,8,1,434.73,0.03,421.69
S000588,R009,T028,P004,2023-09-01,2023,9,2,708.37,0.068,660.2
S000589,R009,T028,P003,2023-09-01,2023,9,2,3669.04,0.135,3173.72
S000590,R009,T028,P006,2023-10-01,2023,10,2,2215.45,0.136,1914.15
S000591,R009,T028,P005,2023-10-01,2023,10,1,526.26,0.133,456.27
S000592,R009,T028,P003,2023-10-01,2023,10,2,3014.91,0.144,2580.76
S000593,R009,T028,P001,2023-11-01,2023,11,1,717.57,0.097,647.97
S000594,R009,T028,P004,2023-11-01,2023,11,1,254.26,0.051,241.29
S000595,R009,T028,P002,2023-11-01,2023,11,1,922.74,0.033,892.29
S000596,R009,T028,P006,2023-12-01,2023,12,3,2987.19,0.091,2715.36
S000597,R009,T028,P002,2023-12-01,2023,12,4,3177.64,0.159,2672.4
S000598,R009,T028,P004,2023-12-01,2023,12,2,644.22,0.135,557.25
S000599,R009,T028,P003,2024-01-01,2024,1,2,3540.24,0.05,3363.23
S000600,R009,T028,P001,2024-01-01,2024,1,1,391.44,0.126,342.12
S000601,R009,T028,P006,2024-01-01,2024,1,2,2414.01,0.124,2114.67
S000602,R009,T028,P001,2024-02-01,2024,2,3,1672.9,0.134,1448.73
S000603,R009,T028,P002,2024-02-01,2024,2,1,541.54,0.044,517.71
S000604,R009,T028,P003,2024-02-01,2024,2,5,6968.71,0.106,6230.03
S000605,R009,T028,P005,2024-02-01,2024,2,2,854.44,0.156,721.15
S000606,R009,T028,P004,2024-03-01,2024,3,2,805.5,0.121,708.03
S000607,R009,T028,P006,2024-03-01,2024,3,3,2681.56,0.126,2343.68
S000608,R009,T028,P002,2024-04-01,2024,4,3,2100.48,0.029,2039.57
S000609,R009,T028,P005,2024-04-01,2024,4,3,1140.77,0.105,1020.99
S000610,R009,T028,P002,2024-05-01,2024,5,2,1832.36,0.179,1504.37
S000611,R009,T028,P001,2024-05-01,2024,5,2,948.17,0.11,843.87
S000612,R009,T028,P005,2024-06-01,2024,6,2,774.84,0.11,689.61
S000613,R009,T028,P002,2024-06-01,2024,6,1,1179.92,0.09,1073.73
S000614,R009,T028,P006,2024-06-01,2024,6,5,4451.38,0.053,4215.46
S000615,R009,T028,P006,2024-07-01,2024,7,1,1645.71,0.157,1387.33
S000616,R009,T028,P002,2024-07-01,2024,7,1,683.42,0.07,635.58
S000617,R009,T028,P001,2024-08-01,2024,8,1,815.81,0.114,722.81
S000618,R009,T028,P005,2024-08-01,2024,8,4,1221.64,0.082,1121.47
S000619,R009,T028,P003,2024-09-01,2024,9,1,1552.37,0.102,1394.03
S000620,R009,T028,P001,2024-09-01,2024,9,4,1712.78,0.108,1527.8
S000621,R009,T028,P004,2024-10-01,2024,10,1,315.26,0.136,272.38
S000622,R009,T028,P005,2024-10-01,2024,10,2,697.2,0.043,667.22
S000623,R009,T028,P005,2024-11-01,2024,11,3,1008.32,0.179,827.83
S000624,R009,T028,P002,2024-11-01,2024,11,3,2561.12,0.116,2264.03
S000625,R009,T028,P004,2024-11-01,2024,11,3,1041.08,0.027,1012.97
S000626,R009,T028,P003,2024-12-01,2024,12,3,3983.63,0.15,3386.09
S000627,R009,T028,P006,2024-12-01,2024,12,1,1622.27,0.077,1497.36
S000628,R009,T028,P002,2024-12-01,2024,12,5,3502.16,0.143,3001.35
S000629,R010,T020,P005,2023-01-01,2023,1,18,5407.76,0.141,4645.27
S000630,R010,T020,P001,2023-01-01,2023,1,4,1880.15,0.105,1682.73
S000631,R010,T020,P004,2023-01-01,2023,1,12,3837.34,0.097,3465.12
S000632,R010,T020,P006,2023-01-01,2023,1,11,10010.54,0.051,9500.0
S000633,R010,T020,P002,2023-02-01,2023,2,3,2407.12,0.133,2086.97
S000634,R010,T020,P006,2023-02-01,2023,2,12,11087.04,0.175,9146.81
S000635,R010,T020,P001,2023-02-01,2023,2,14,6025.3,0.086,5507.12
S000636,R010,T020,P003,2023-03-01,2023,3,5,6639.52,0.034,6413.78
S000637,R010,T020,P004,2023-03-01,2023,3,15,4657.26,0.11,4144.96
S000638,R010,T020,P006,2023-03-01,2023,3,6,6045.09,0.129,5265.27
S000639,R010,T020,P005,2023-03-01,2023,3,9,2717.46,0.16,2282.67
S000640,R010,T020,P006,2023-04-01,2023,4,11,10096.32,0.177,8309.27
S000641,R010,T020,P001,2023-04-01,2023,4,8,3541.34,0.054,3350.11
S000642,R010,T020,P002,2023-04-01,2023,4,24,16604.94,0.128,14479.51
S000643,R010,T020,P002,2023-05-01,2023,5,5,3433.33,0.109,3059.1
S000644,R010,T020,P006,2023-05-01,2023,5,12,10840.06,0.032,10493.18
S000645,R010,T020,P002,2023-06-01,2023,6,18,12621.33,0.05,11990.26
S000646,R010,T020,P004,2023-06-01,2023,6,20,6222.35,0.063,5830.34
S000647,R010,T020,P005,2023-06-01,2023,6,8,2580.6,0.128,2250.28
S000648,R010,T020,P001,2023-06-01,2023,6,2,1072.54,0.091,974.94
S000649,R010,T020,P003,2023-07-01,2023,7,20,25022.36,0.134,21669.36
S000650,R010,T020,P002,2023-07-01,2023,7,3,2660.13,0.141,2285.05
S000651,R010,T020,P003,2023-08-01,2023,8,6,8534.05,0.128,7441.69
S000652,R010,T020,P004,2023-08-01,2023,8,2,767.59,0.132,666.27
S000653,R010,T020,P004,2023-09-01,2023,9,13,4311.58,0.092,3914.91
S000654,R010,T020,P002,2023-09-01,2023,9,17,11949.08,0.032,11566.71
S000655,R010,T020,P002,2023-10-01,2023,10,7,5392.67,0.138,4648.48
S000656,R010,T020,P001,2023-10-01,2023,10,6,2591.03,0.095,2344.88
S000657,R010,T020,P003,2023-10-01,2023,10,7,9641.4,0.06,9062.92
S000658,R010,T020,P002,2023-11-01,2023,11,16,11138.15,0.025,10859.7
S000659,R010,T020,P001,2023-11-01,2023,11,15,6350.97,0.113,5633.31
S000660,R010,T020,P002,2023-12-01,2023,12,23,16020.23,0.145,13697.3
S000661,R010,T020,P006,2023-12-01,2023,12,5,4595.99,0.117,4058.26
S000662,R010,T020,P005,2024-01-01,2024,1,7,2155.83,0.1,1940.25
S000663,R010,T020,P003,2024-01-01,2024,1,12,15732.16,0.104,14096.02
S000664,R010,T020,P005,2024-02-01,2024,2,10,3026.34,0.149,2575.42
S000665,R010,T020,P004,2024-02-01,2024,2,4,1346.46,0.139,1159.3
S000666,R010,T020,P001,2024-02-01,2024,2,6,2520.54,0.108,2248.32
S000667,R010,T020,P003,2024-03-01,2024,3,10,13492.17,0.034,13033.44
S000668,R010,T020,P004,2024-03-01,2024,3,19,5943.25,0.056,5610.43
S000669,R010,T020,P002,2024-04-01,2024,4,4,3383.58,0.136,2923.41
S000670,R010,T020,P001,2024-04-01,2024,4,13,5470.87,0.157,4611.94
S000671,R010,T020,P005,2024-04-01,2024,4,7,2180.28,0.071,2025.48
S000672,R010,T020,P004,2024-04-01,2024,4,2,677.55,0.087,618.6
S000673,R010,T020,P005,2024-05-01,2024,5,9,2713.47,0.149,2309.16
S000674,R010,T020,P004,2024-05-01,2024,5,8,2586.43,0.069,2407.97
S000675,R010,T020,P003,2024-05-01,2024,5,16,20802.79,0.139,17911.2
S000676,R010,T020,P005,2024-06-01,2024,6,12,3544.13,0.153,3001.88
S000677,R010,T020,P003,2024-06-01,2024,6,19,23783.21,0.121,20905.44
S000678,R010,T020,P002,2024-06-01,2024,6,9,6657.96,0.027,6478.2
S000679,R010,T020,P002,2024-07-01,2024,7,8,5816.81,0.131,5054.81
S000680,R010,T020,P004,2024-07-01,2024,7,13,4232.11,0.068,3944.33
S000681,R010,T020,P003,2024-07-01,2024,7,8,11149.46,0.032,10792.68
S000682,R010,T020,P001,2024-08-01,2024,8,9,3833.85,0.139,3300.94
S000683,R010,T020,P005,2024-08-01,2024,8,1,565.24,0.149,481.02
S000684,R010,T020,P006,2024-08-01,2024,8,2,1800.89,0.024,1757.67
S000685,R010,T020,P003,2024-08-01,2024,8,10,13578.0,0.085,12423.87
S000686,R010,T020,P002,2024-09-01,2024,9,9,6380.12,0.1,5742.11
S000687,R010,T020,P003,2024-09-01,2024,9,5,6780.74,0.041,6502.73
S000688,R010,T020,P004,2024-09-01,2024,9,9,2938.21,0.034,2838.31
S000689,R010,T020,P002,2024-10-01,2024,10,6,4579.24,0.112,4066.37
S000690,R010,T020,P004,2024-10-01,2024,10,9,3067.15,0.108,2735.9
S000691,R010,T020,P006,2024-10-01,2024,10,19,17418.02,0.094,15780.73
S000692,R010,T020,P006,2024-11-01,2024,11,7,6778.46,0.091,6161.62
S000693,R010,T020,P004,2024-11-01,2024,11,9,2966.09,0.038,2853.38
S000694,R010,T020,P005,2024-11-01,2024,11,9,2654.42,0.157,2237.68
S000695,R010,T020,P003,2024-12-01,2024,12,7,9753.55,0.136,8427.07
S000696,R010,T020,P005,2024-12-01,2024,12,7,2137.16,0.114,1893.52
S000697,R010,T020,P004,2024-12-01,2024,12,9,2965.64,0.092,2692.8
S000698,R011,T028,P004,2023-01-01,2023,1,6,2040.79,0.116,1804.06
S000699,R011,T028,P005,2023-01-01,2023,1,4,1199.13,0.147,1022.86
S000700,R011,T028,P006,2023-02-01,2023,2,1,1448.54,0.038,1393.5
S000701,R011,T028,P003,2023-02-01,2023,2,4,6174.08,0.028,6001.21
S000702,R011,T028,P005,2023-03-01,2023,3,1,415.37,0.077,383.39
S000703,R011,T028,P003,2023-03-01,2023,3,5,6898.93,0.116,6098.65
S000704,R011,T028,P004,2023-03-01,2023,3,8,2742.52,0.16,2303.72
S000705,R011,T028,P001,2023-03-01,2023,3,5,2424.38,0.156,2046.18
S000706,R011,T028,P004,2023-04-01,2023,4,1,383.7,0.062,359.91
S000707,R011,T028,P003,2023-04-01,2023,4,5,6763.4,0.07,6289.96
S000708,R011,T028,P001,2023-04-01,2023,4,2,1214.83,0.029,1179.6
S000709,R011,T028,P005,2023-05-01,2023,5,9,2742.7,0.138,2364.21
S000710,R011,T028,P001,2023-05-01,2023,5,2,1043.74,0.11,928.93
S000711,R011,T028,P003,2023-05-01,2023,5,7,9452.52,0.028,9187.85
S000712,R011,T028,P006,2023-05-01,2023,5,3,2751.61,0.149,2341.62
S000713,R011,T028,P006,2023-06-01,2023,6,3,3309.04,0.15,2812.68
S000714,R011,T028,P003,2023-06-01,2023,6,5,7436.33,0.175,6134.97
S000715,R011,T028,P002,2023-06-01,2023,6,6,4478.16,0.03,4343.82
S000716,R011,T028,P003,2023-07-01,2023,7,2,3005.56,0.167,2503.63
S000717,R011,T028,P006,2023-07-01,2023,7,4,4336.62,0.082,3981.02
S000718,R011,T028,P002,2023-07-01,2023,7,5,3431.14,0.046,3273.31
S000719,R011,T028,P005,2023-08-01,2023,8,3,982.97,0.073,911.21
S000720,R011,T028,P003,2023-08-01,2023,8,3,4538.4,0.092,4120.87
S000721,R011,T028,P001,2023-09-01,2023,9,2,1166.25,0.116,1030.96
S000722,R011,T028,P005,2023-09-01,2023,9,6,1904.88,0.12,1676.29
S000723,R011,T028,P006,2023-10-01,2023,10,8,7123.86,0.173,5891.43
S000724,R011,T028,P002,2023-10-01,2023,10,2,1857.43,0.052,1760.84
S000725,R011,T028,P005,2023-10-01,2023,10,4,1441.09,0.049,1370.48
S000726,R011,T028,P002,2023-11-01,2023,11,4,2939.48,0.074,2721.96
S000727,R011,T028,P006,2023-11-01,2023,11,6,5673.89,0.051,5384.52
S000728,R011,T028,P006,2023-12-01,2023,12,6,5985.99,0.157,5046.19
S000729,R011,T028,P003,2023-12-01,2023,12,7,9580.43,0.053,9072.67
S000730,R011,T028,P005,2023-12-01,2023,12,6,2016.74,0.097,1821.12
S000731,R011,T028,P004,2024-01-01,2024,1,2,875.68,0.099,788.99
S000732,R011,T028,P002,2024-01-01,2024,1,4,3348.09,0.038,3220.86
S000733,R011,T028,P006,2024-01-01,2024,1,6,5540.82,0.087,5058.77
S000734,R011,T028,P003,2024-01-01,2024,1,8,11077.06,0.157,9337.96
S000735,R011,T028,P001,2024-02-01,2024,2,3,1452.43,0.08,1336.24
S000736,R011,T028,P002,2024-02-01,2024,2,2,1573.6,0.029,1527.97
S000737,R011,T028,P005,2024-02-01,2024,2,2,743.34,0.067,693.54
S000738,R011,T028,P004,2024-02-01,2024,2,6,1887.86,0.166,1574.48
S000739,R011,T028,P002,2024-03-01,2024,3,7,4892.74,0.118,4315.4
S000740,R011,T028,P001,2024-03-01,2024,3,1,668.14,0.132,579.95
S000741,R011,T028,P003,2024-03-01,2024,3,3,4336.24,0.035,4184.47
S000742,R011,T028,P002,2024-04-01,2024,4,7,5341.14,0.081,4908.51
S000743,R011,T028,P005,2024-04-01,2024,4,7,2304.46,0.106,2060.19
S000744,R011,T028,P004,2024-04-01,2024,4,2,851.54,0.142,730.62
S000745,R011,T028,P004,2024-05-01,2024,5,3,972.54,0.096,879.18
S000746,R011,T028,P001,2024-05-01,2024,5,1,539.66,0.095,488.39
S000747,R011,T028,P003,2024-05-01,2024,5,3,3781.98,0.086,3456.73
S000748,R011,T028,P004,2024-06-01,2024,6,5,1776.83,0.169,1476.55
S000749,R011,T028,P002,2024-06-01,2024,6,4,2837.76,0.078,2616.41
S000750,R011,T028,P001,2024-07-01,2024,7,7,3357.9,0.067,3132.92
S000751,R011,T028,P003,2024-07-01,2024,7,4,5699.78,0.152,4833.41
S000752,R011,T028,P006,2024-07-01,2024,7,4,4079.92,0.128,3557.69
S000753,R011,T028,P003,2024-08-01,2024,8,5,7018.89,0.089,6394.21
S000754,R011,T028,P002,2024-08-01,2024,8,1,853.93,0.025,832.58
S000755,R011,T028,P005,2024-08-01,2024,8,5,1609.02,0.058,1515.7
S000756,R011,T028,P005,2024-09-01,2024,9,8,2433.78,0.151,2066.28
S000757,R011,T028,P001,2024-09-01,2024,9,4,1966.6,0.05,1868.27
S000758,R011,T028,P003,2024-09-01,2024,9,1,2042.93,0.076,1887.67
S000759,R011,T028,P001,2024-10-01,2024,10,3,1516.0,0.149,1290.12
S000760,R011,T028,P004,2024-10-01,2024,10,4,1524.44,0.133,1321.69
S000761,R011,T028,P002,2024-11-01,2024,11,8,5919.92,0.108,5280.57
S000762,R011,T028,P004,2024-11-01,2024,11,6,1946.65,0.157,1641.03
S000763,R011,T028,P003,2024-11-01,2024,11,2,3034.81,0.099,2734.36
S000764,R011,T028,P006,2024-11-01,2024,11,5,5334.11,0.119,4699.35
S000765,R011,T028,P003,2024-12-01,2024,12,2,3653.44,0.179,2999.47
S000766,R011,T028,P006,2024-12-01,2024,12,8,7370.97,0.145,6302.18
S000767,R011,T028,P005,2024-12-01,2024,12,3,1039.87,0.023,1015.95
S000768,R011,T028,P004,2024-12-01,2024,12,7,2449.55,0.081,2251.14
S000769,R012,T008,P002,2023-01-01,2023,1,2,1808.19,0.169,1502.61
S000770,R012,T008,P003,2023-01-01,2023,1,1,1121.22,0.094,1015.83
S000771,R012,T008,P003,2023-02-01,2023,2,1,704.29,0.065,658.51
S000772,R012,T008,P005,2023-02-01,2023,2,1,251.49,0.092,228.35
S000773,R012,T008,P001,2023-03-01,2023,3,1,507.43,0.032,491.19
S000774,R012,T008,P004,2023-03-01,2023,3,1,544.67,0.167,453.71
S000775,R012,T008,P006,2023-03-01,2023,3,3,2682.64,0.089,2443.89
S000776,R012,T008,P005,2023-03-01,2023,3,2,837.05,0.023,817.8
S000777,R012,T008,P004,2023-04-01,2023,4,2,768.3,0.092,697.62
S000778,R012,T008,P005,2023-04-01,2023,4,1,458.16,0.071,425.63
S000779,R012,T008,P006,2023-04-01,2023,4,1,1391.41,0.162,1166.0
S000780,R012,T008,P001,2023-04-01,2023,4,2,1213.41,0.179,996.21
S000781,R012,T008,P006,2023-05-01,2023,5,1,1658.03,0.054,1568.5
S000782,R012,T008,P003,2023-05-01,2023,5,2,2995.5,0.051,2842.73
S000783,R012,T008,P005,2023-05-01,2023,5,2,716.47,0.07,666.32
S000784,R012,T008,P005,2023-06-01,2023,6,2,652.8,0.145,558.14
S000785,R012,T008,P004,2023-06-01,2023,6,1,559.24,0.097,504.99
S000786,R012,T008,P003,2023-06-01,2023,6,1,703.96,0.097,635.68
S000787,R012,T008,P006,2023-06-01,2023,6,2,2306.81,0.142,1979.24
S000788,R012,T008,P006,2023-07-01,2023,7,1,1233.29,0.04,1183.96
S000789,R012,T008,P005,2023-07-01,2023,7,1,120.27,0.095,108.84
S000790,R012,T008,P004,2023-07-01,2023,7,1,394.37,0.12,347.05
S000791,R012,T008,P003,2023-08-01,2023,8,2,2575.26,0.058,2425.89
S000792,R012,T008,P002,2023-08-01,2023,8,2,1591.82,0.101,1431.05
S000793,R012,T008,P004,2023-08-01,2023,8,1,259.27,0.066,242.16
S000794,R012,T008,P001,2023-08-01,2023,8,1,553.54,0.121,486.56
S000795,R012,T008,P002,2023-09-01,2023,9,1,975.61,0.141,838.05
S000796,R012,T008,P005,2023-09-01,2023,9,1,473.3,0.097,427.39
S000797,R012,T008,P006,2023-09-01,2023,9,1,1445.59,0.14,1243.21
S000798,R012,T008,P004,2023-09-01,2023,9,1,297.36,0.179,244.13
S000799,R012,T008,P005,2023-10-01,2023,10,2,631.93,0.145,540.3
S000800,R012,T008,P003,2023-10-01,2023,10,1,2367.33,0.168,1969.62
S000801,R012,T008,P001,2023-10-01,2023,10,1,126.56,0.1,113.9
S000802,R012,T008,P004,2023-11-01,2023,11,1,73.57,0.15,62.53
S000803,R012,T008,P005,2023-11-01,2023,11,1,513.84,0.143,440.36
S000804,R012,T008,P002,2023-11-01,2023,11,1,301.49,0.137,260.19
S000805,R012,T008,P003,2023-12-01,2023,12,1,1754.55,0.099,1580.85
S000806,R012,T008,P001,2023-12-01,2023,12,1,510.36,0.171,423.09
S000807,R012,T008,P004,2023-12-01,2023,12,1,265.97,0.101,239.11
S000808,R012,T008,P005,2023-12-01,2023,12,1,533.5,0.037,513.76
S000809,R012,T008,P002,2024-01-01,2024,1,2,1709.87,0.059,1608.99
S000810,R012,T008,P005,2024-01-01,2024,1,1,202.53,0.175,167.09
S000811,R012,T008,P003,2024-02-01,2024,2,1,1246.03,0.032,1206.16
S000812,R012,T008,P005,2024-02-01,2024,2,1,198.5,0.074,183.81
S000813,R012,T008,P004,2024-03-01,2024,3,1,426.42,0.024,416.19
S000814,R012,T008,P005,2024-03-01,2024,3,1,286.01,0.028,278.0
S000815,R012,T008,P006,2024-04-01,2024,4,1,380.77,0.169,316.42
S000816,R012,T008,P003,2024-04-01,2024,4,1,774.06,0.108,690.46
S000817,R012,T008,P005,2024-04-01,2024,4,2,614.32,0.177,505.59
S000818,R012,T008,P004,2024-04-01,2024,4,1,307.28,0.061,288.54
S000819,R012,T008,P006,2024-05-01,2024,5,1,1073.27,0.082,985.26
S000820,R012,T008,P004,2024-05-01,2024,5,2,745.19,0.04,715.38
S000821,R012,T008,P003,2024-05-01,2024,5,1,1953.19,0.024,1906.31
S000822,R012,T008,P003,2024-06-01,2024,6,1,1086.35,0.117,959.25
S000823,R012,T008,P004,2024-06-01,2024,6,1,318.36,0.037,306.58
S000824,R012,T008,P005,2024-06-01,2024,6,1,407.69,0.152,345.72
S000825,R012,T008,P004,2024-07-01,2024,7,3,993.72,0.108,886.4
S000826,R012,T008,P002,2024-07-01,2024,7,2,1587.68,0.046,1514.65
S000827,R012,T008,P002,2024-08-01,2024,8,1,1358.44,0.041,1302.74
S000828,R012,T008,P005,2024-08-01,2024,8,1,522.21,0.08,480.43
S000829,R012,T008,P004,2024-08-01,2024,8,1,361.95,0.166,301.87
S000830,R012,T008,P006,2024-09-01,2024,9,1,1626.58,0.104,1457.42
S000831,R012,T008,P004,2024-09-01,2024,9,1,165.63,0.031,160.5
S000832,R012,T008,P005,2024-09-01,2024,9,1,430.53,0.125,376.71
S000833,R012,T008,P002,2024-09-01,2024,9,1,1337.54,0.159,1124.87
S000834,R012,T008,P002,2024-10-01,2024,10,1,984.49,0.054,931.33
S000835,R012,T008,P003,2024-10-01,2024,10,1,2127.4,0.036,2050.81
S000836,R012,T008,P002,2024-11-01,2024,11,1,1358.41,0.057,1280.98
S000837,R012,T008,P004,2024-11-01,2024,11,1,199.58,0.051,189.4
S000838,R012,T008,P005,2024-11-01,2024,11,1,273.92,0.101,246.25
S000839,R012,T008,P006,2024-11-01,2024,11,2,1986.26,0.098,1791.61
S000840,R012,T008,P004,2024-12-01,2024,12,2,622.12,0.109,554.31
S000841,R012,T008,P005,2024-12-01,2024,12,1,354.96,0.099,319.82
S000842,R013,T041,P005,2023-01-01,2023,1,2,610.79,0.133,529.55
S000843,R013,T041,P006,2023-01-01,2023,1,2,2488.43,0.093,2257.01
S000844,R013,T041,P003,2023-02-01,2023,2,2,3660.61,0.102,3287.23
S000845,R013,T041,P004,2023-02-01,2023,2,1,308.45,0.103,276.68
S000846,R013,T041,P006,2023-02-01,2023,2,1,1697.69,0.068,1582.25
S000847,R013,T041,P001,2023-02-01,2023,2,2,1148.54,0.06,1079.63
S000848,R013,T041,P004,2023-03-01,2023,3,2,838.78,0.13,729.74
S000849,R013,T041,P005,2023-03-01,2023,3,1,386.5,0.176,318.48
S000850,R013,T041,P002,2023-03-01,2023,3,1,1037.38,0.135,897.33
S000851,R013,T041,P006,2023-03-01,2023,3,1,1154.08,0.15,980.97
S000852,R013,T041,P005,2023-04-01,2023,4,1,271.39,0.023,265.15
S000853,R013,T041,P002,2023-04-01,2023,4,2,1398.87,0.12,1231.01
S000854,R013,T041,P003,2023-04-01,2023,4,1,1016.26,0.085,929.88
S000855,R013,T041,P001,2023-04-01,2023,4,3,1263.66,0.102,1134.77
S000856,R013,T041,P004,2023-05-01,2023,5,2,858.01,0.061,805.67
S000857,R013,T041,P006,2023-05-01,2023,5,1,918.42,0.13,799.03
S000858,R013,T041,P003,2023-05-01,2023,5,1,2255.16,0.049,2144.66
S000859,R013,T041,P005,2023-05-01,2023,5,1,498.11,0.119,438.83
S000860,R013,T041,P003,2023-06-01,2023,6,2,2712.18,0.104,2430.11
S000861,R013,T041,P006,2023-06-01,2023,6,2,2055.15,0.162,1722.22
S000862,R013,T041,P001,2023-06-01,2023,6,1,441.63,0.094,400.12
S000863,R013,T041,P002,2023-06-01,2023,6,2,1470.61,0.024,1435.32
S000864,R013,T041,P002,2023-07-01,2023,7,1,833.89,0.166,695.46
S000865,R013,T041,P004,2023-07-01,2023,7,1,133.92,0.141,115.04
S000866,R013,T041,P001,2023-07-01,2023,7,1,566.41,0.133,491.08
S000867,R013,T041,P006,2023-07-01,2023,7,1,864.56,0.153,732.28
S000868,R013,T041,P003,2023-08-01,2023,8,1,2015.63,0.159,1695.14
S000869,R013,T041,P004,2023-08-01,2023,8,2,804.01,0.174,664.11
S000870,R013,T041,P006,2023-08-01,2023,8,1,941.93,0.155,795.93
S000871,R013,T041,P001,2023-08-01,2023,8,1,779.48,0.164,651.65
S000872,R013,T041,P002,2023-09-01,2023,9,1,1014.4,0.151,861.23
S000873,R013,T041,P006,2023-09-01,2023,9,2,2145.55,0.023,2096.2
S000874,R013,T041,P006,2023-10-01,2023,10,1,1627.36,0.091,1479.27
S000875,R013,T041,P003,2023-10-01,2023,10,1,2262.28,0.09,2058.67
S000876,R013,T041,P002,2023-10-01,2023,10,1,523.68,0.087,478.12
S000877,R013,T041,P001,2023-11-01,2023,11,2,990.19,0.074,916.92
S000878,R013,T041,P002,2023-11-01,2023,11,1,845.16,0.054,799.52
S000879,R013,T041,P003,2023-12-01,2023,12,2,2752.03,0.175,2270.42
S000880,R013,T041,P002,2023-12-01,2023,12,3,2067.26,0.056,1951.49
S000881,R013,T041,P003,2024-01-01,2024,1,1,1245.46,0.099,1122.16
S000882,R013,T041,P005,2024-01-01,2024,1,2,725.99,0.108,647.58
S000883,R013,T041,P005,2024-02-01,2024,2,1,209.11,0.173,172.93
S000884,R013,T041,P006,2024-02-01,2024,2,1,431.07,0.064,403.48
S000885,R013,T041,P006,2024-03-01,2024,3,1,1049.26,0.044,1003.09
S000886,R013,T041,P001,2024-03-01,2024,3,1,742.13,0.132,644.17
S000887,R013,T041,P005,2024-04-01,2024,4,1,132.39,0.087,120.87
S000888,R013,T041,P003,2024-04-01,2024,4,3,3787.1,0.058,3567.45
S000889,R013,T041,P006,2024-04-01,2024,4,3,2853.01,0.133,2473.56
S000890,R013,T041,P001,2024-04-01,2024,4,2,971.66,0.1,874.49
S000891,R013,T041,P002,2024-05-01,2024,5,1,1262.8,0.112,1121.37
S000892,R013,T041,P003,2024-05-01,2024,5,1,1917.77,0.135,1658.87
S000893,R013,T041,P006,2024-06-01,2024,6,2,1863.52,0.079,1716.3
S000894,R013,T041,P002,2024-06-01,2024,6,2,1422.07,0.139,1224.4
S000895,R013,T041,P001,2024-06-01,2024,6,2,1052.73,0.056,993.78
S000896,R013,T041,P003,2024-06-01,2024,6,2,2674.84,0.133,2319.09
S000897,R013,T041,P002,2024-07-01,2024,7,1,611.26,0.081,561.75
S000898,R013,T041,P003,2024-07-01,2024,7,1,1302.54,0.117,1150.14
S000899,R013,T041,P004,2024-07-01,2024,7,1,178.64,0.028,173.64
S000900,R013,T041,P006,2024-07-01,2024,7,1,941.47,0.162,788.95
S000901,R013,T041,P006,2024-08-01,2024,8,2,2150.12,0.048,2046.91
S000902,R013,T041,P004,2024-08-01,2024,8,1,614.21,0.165,512.87
S000903,R013,T041,P001,2024-08-01,2024,8,1,411.73,0.156,347.5
S000904,R013,T041,P004,2024-09-01,2024,9,1,561.19,0.164,469.15
S000905,R013,T041,P005,2024-09-01,2024,9,1,448.11,0.026,436.46
S000906,R013,T041,P002,2024-09-01,2024,9,1,813.98,0.139,700.84
S000907,R013,T041,P003,2024-09-01,2024,9,2,3518.79,0.05,3342.85
S000908,R013,T041,P002,2024-10-01,2024,10,1,1302.25,0.043,1246.25
S000909,R013,T041,P005,2024-10-01,2024,10,1,506.09,0.112,449.41
S000910,R013,T041,P004,2024-11-01,2024,11,1,269.52,0.168,224.24
S000911,R013,T041,P006,2024-11-01,2024,11,2,1830.82,0.024,1786.88
S000912,R013,T041,P006,2024-12-01,2024,12,2,2383.54,0.122,2092.75
S000913,R013,T041,P004,2024-12-01,2024,12,1,598.3,0.115,529.5
S000914,R014,T039,P004,2023-01-01,2023,1,1,210.05,0.141,180.43
S000915,R014,T039,P001,2023-01-01,2023,1,1,133.06,0.135,115.1
S000916,R014,T039,P006,2023-01-01,2023,1,1,1655.94,0.026,1612.89
S000917,R014,T039,P003,2023-02-01,2023,2,1,549.79,0.123,482.17
S000918,R014,T039,P004,2023-02-01,2023,2,3,1001.01,0.086,914.92
S000919,R014,T039,P002,2023-02-01,2023,2,1,1013.38,0.161,850.23
S000920,R014,T039,P001,2023-02-01,2023,2,2,1022.14,0.102,917.88
S000921,R014,T039,P002,2023-03-01,2023,3,1,220.18,0.113,195.3
S000922,R014,T039,P003,2023-03-01,2023,3,1,1045.41,0.035,1008.82
S000923,R014,T039,P004,2023-03-01,2023,3,1,489.41,0.069,455.64
S000924,R014,T039,P006,2023-04-01,2023,4,1,1103.3,0.113,978.63
S000925,R014,T039,P003,2023-04-01,2023,4,1,2128.9,0.155,1798.92
S000926,R014,T039,P002,2023-05-01,2023,5,1,606.17,0.147,517.06
S000927,R014,T039,P003,2023-05-01,2023,5,1,1546.92,0.097,1396.87
S000928,R014,T039,P003,2023-06-01,2023,6,1,2389.6,0.113,2119.58
S000929,R014,T039,P004,2023-06-01,2023,6,1,345.72,0.131,300.43
S000930,R014,T039,P002,2023-06-01,2023,6,2,1582.52,0.178,1300.83
S000931,R014,T039,P006,2023-06-01,2023,6,1,1596.01,0.048,1519.4
S000932,R014,T039,P001,2023-07-01,2023,7,1,794.19,0.169,659.97
S000933,R014,T039,P003,2023-07-01,2023,7,2,2782.24,0.043,2662.6
S000934,R014,T039,P006,2023-07-01,2023,7,1,611.7,0.034,590.9
S000935,R014,T039,P004,2023-08-01,2023,8,1,366.76,0.046,349.89
S000936,R014,T039,P001,2023-08-01,2023,8,1,512.3,0.138,441.6
S000937,R014,T039,P003,2023-08-01,2023,8,1,2245.03,0.116,1984.61
S000938,R014,T039,P005,2023-09-01,2023,9,1,476.25,0.091,432.91
S000939,R014,T039,P003,2023-09-01,2023,9,1,1257.83,0.088,1147.14
S000940,R014,T039,P003,2023-10-01,2023,10,2,2898.99,0.11,2580.1
S000941,R014,T039,P001,2023-10-01,2023,10,1,214.01,0.112,190.04
S000942,R014,T039,P002,2023-11-01,2023,11,1,1073.97,0.08,988.05
S000943,R014,T039,P006,2023-11-01,2023,11,2,2033.66,0.074,1883.17
S000944,R014,T039,P003,2023-11-01,2023,11,2,2887.26,0.06,2714.02
S000945,R014,T039,P001,2023-11-01,2023,11,2,974.97,0.057,919.4
S000946,R014,T039,P004,2023-12-01,2023,12,1,551.48,0.093,500.19
S000947,R014,T039,P001,2023-12-01,2023,12,1,511.17,0.066,477.43
S000948,R014,T039,P002,2023-12-01,2023,12,1,356.94,0.075,330.17
S000949,R014,T039,P002,2024-01-01,2024,1,1,544.95,0.173,450.67
S000950,R014,T039,P003,2024-01-01,2024,1,1,682.03,0.053,645.88
S000951,R014,T039,P004,2024-01-01,2024,1,1,509.05,0.046,485.63
S000952,R014,T039,P005,2024-02-01,2024,2,3,1076.58,0.07,1001.22
S000953,R014,T039,P002,2024-02-01,2024,2,1,1352.75,0.135,1170.13
S000954,R014,T039,P003,2024-02-01,2024,2,1,1751.44,0.155,1479.97
S000955,R014,T039,P004,2024-02-01,2024,2,1,302.75,0.029,293.97
S000956,R014,T039,P002,2024-03-01,2024,3,2,1366.48,0.17,1134.18
S000957,R014,T039,P005,2024-03-01,2024,3,1,502.61,0.121,441.79
S000958,R014,T039,P003,2024-03-01,2024,3,1,1117.91,0.086,1021.77
S000959,R014,T039,P001,2024-04-01,2024,4,1,499.05,0.09,454.14
S000960,R014,T039,P004,2024-04-01,2024,4,1,590.29,0.052,559.59
S000961,R014,T039,P002,2024-04-01,2024,4,1,210.14,0.105,188.08
S000962,R014,T039,P004,2024-05-01,2024,5,2,701.94,0.159,590.33
S000963,R014,T039,P005,2024-05-01,2024,5,1,576.4,0.137,497.43
S000964,R014,T039,P002,2024-05-01,2024,5,1,1194.05,0.151,1013.75
S000965,R014,T039,P006,2024-05-01,2024,5,2,2291.09,0.025,2233.81
S000966,R014,T039,P003,2024-06-01,2024,6,1,814.33,0.067,759.77
S000967,R014,T039,P005,2024-06-01,2024,6,1,417.9,0.086,381.96
S000968,R014,T039,P006,2024-07-01,2024,7,2,1982.52,0.071,1841.76
S000969,R014,T039,P002,2024-07-01,2024,7,1,691.67,0.089,630.11
S000970,R014,T039,P005,2024-08-01,2024,8,1,394.17,0.118,347.66
S000971,R014,T039,P006,2024-08-01,2024,8,1,1328.37,0.082,1219.44
S000972,R014,T039,P003,2024-08-01,2024,8,1,402.72,0.093,365.27
S000973,R014,T039,P004,2024-08-01,2024,8,1,246.42,0.11,219.31
S000974,R014,T039,P002,2024-09-01,2024,9,1,491.85,0.084,450.53
S000975,R014,T039,P001,2024-09-01,2024,9,1,552.13,0.091,501.89
S000976,R014,T039,P005,2024-10-01,2024,10,1,150.39,0.086,137.46
S000977,R014,T039,P002,2024-10-01,2024,10,1,985.89,0.055,931.67
S000978,R014,T039,P001,2024-10-01,2024,10,2,968.38,0.097,874.45
S000979,R014,T039,P002,2024-11-01,2024,11,2,1496.82,0.127,1306.72
S000980,R014,T039,P006,2024-11-01,2024,11,1,575.1,0.028,559.0
S000981,R014,T039,P003,2024-12-01,2024,12,1,1668.88,0.086,1525.36
S000982,R014,T039,P004,2024-12-01,2024,12,1,283.55,0.026,276.18
S000983,R015,T001,P002,2023-01-01,2023,1,1,423.3,0.035,408.48
S000984,R015,T001,P005,2023-01-01,2023,1,1,122.82,0.072,113.98
S000985,R015,T001,P006,2023-01-01,2023,1,1,202.92,0.038,195.21
S000986,R015,T001,P004,2023-01-01,2023,1,1,252.61,0.162,211.69
S000987,R015,T001,P006,2023-02-01,2023,2,1,699.87,0.12,615.89
S000988,R015,T001,P003,2023-02-01,2023,2,1,1458.85,0.075,1349.44
S000989,R015,T001,P004,2023-02-01,2023,2,1,97.13,0.116,85.86
S000990,R015,T001,P005,2023-02-01,2023,2,1,284.65,0.105,254.76
S000991,R015,T001,P005,2023-03-01,2023,3,1,115.94,0.095,104.93
S000992,R015,T001,P001,2023-03-01,2023,3,1,243.28,0.064,227.71
S000993,R015,T001,P006,2023-03-01,2023,3,1,613.15,0.17,508.91
S000994,R015,T001,P005,2023-04-01,2023,4,1,319.42,0.076,295.14
S000995,R015,T001,P004,2023-04-01,2023,4,1,293.88,0.133,254.79
S000996,R015,T001,P002,2023-05-01,2023,5,1,159.17,0.097,143.73
S000997,R015,T001,P001,2023-05-01,2023,5,1,176.0,0.093,159.63
S000998,R015,T001,P004,2023-05-01,2023,5,1,344.32,0.042,329.86
S000999,R015,T001,P003,2023-05-01,2023,5,1,628.05,0.064,587.85
S001000,R015,T001,P003,2023-06-01,2023,6,1,1118.26,0.165,933.75
S001001,R015,T001,P005,2023-06-01,2023,6,1,174.81,0.13,152.08
S001002,R015,T001,P004,2023-06-01,2023,6,1,159.68,0.111,141.96
S001003,R015,T001,P005,2023-07-01,2023,7,1,69.11,0.084,63.3
S001004,R015,T001,P004,2023-07-01,2023,7,1,413.3,0.064,386.85
S001005,R015,T001,P001,2023-08-01,2023,8,1,183.75,0.093,166.66
S001006,R015,T001,P005,2023-08-01,2023,8,1,181.33,0.022,177.34
S001007,R015,T001,P005,2023-09-01,2023,9,1,369.43,0.144,316.23
S001008,R015,T001,P001,2023-09-01,2023,9,1,114.59,0.028,111.38
S001009,R015,T001,P004,2023-10-01,2023,10,1,131.89,0.133,114.35
S001010,R015,T001,P001,2023-10-01,2023,10,1,256.93,0.134,222.5
S001011,R015,T001,P005,2023-11-01,2023,11,1,351.61,0.148,299.57
S001012,R015,T001,P002,2023-11-01,2023,11,1,90.72,0.049,86.27
S001013,R015,T001,P004,2023-11-01,2023,11,1,62.57,0.108,55.81
S001014,R015,T001,P003,2023-12-01,2023,12,1,779.48,0.022,762.33
S001015,R015,T001,P001,2023-12-01,2023,12,1,354.19,0.151,300.71
S001016,R015,T001,P002,2023-12-01,2023,12,1,522.42,0.031,506.22
S001017,R015,T001,P005,2023-12-01,2023,12,1,398.96,0.06,375.02
S001018,R015,T001,P006,2024-01-01,2024,1,1,809.69,0.043,774.87
S001019,R015,T001,P001,2024-01-01,2024,1,1,140.45,0.163,117.56
S001020,R015,T001,P005,2024-01-01,2024,1,1,233.8,0.172,193.59
S001021,R015,T001,P001,2024-02-01,2024,2,1,75.98,0.071,70.59
S001022,R015,T001,P003,2024-02-01,2024,2,1,176.41,0.051,167.41
S001023,R015,T001,P005,2024-02-01,2024,2,1,366.33,0.151,311.01
S001024,R015,T001,P004,2024-02-01,2024,2,1,106.7,0.173,88.24
S001025,R015,T001,P004,2024-03-01,2024,3,1,417.21,0.13,362.97
S001026,R015,T001,P005,2024-03-01,2024,3,1,146.11,0.023,142.75
S001027,R015,T001,P006,2024-03-01,2024,3,1,400.87,0.138,345.55
S001028,R015,T001,P001,2024-03-01,2024,3,1,148.45,0.105,132.86
S001029,R015,T001,P002,2024-04-01,2024,4,1,737.12,0.02,722.38
S001030,R015,T001,P001,2024-04-01,2024,4,1,307.5,0.154,260.14
S001031,R015,T001,P004,2024-04-01,2024,4,1,307.45,0.111,273.32
S001032,R015,T001,P003,2024-05-01,2024,5,1,1290.07,0.174,1065.6
S001033,R015,T001,P001,2024-05-01,2024,5,1,192.7,0.16,161.87
S001034,R015,T001,P002,2024-05-01,2024,5,1,852.17,0.08,784.0
S001035,R015,T001,P004,2024-06-01,2024,6,1,368.86,0.079,339.72
S001036,R015,T001,P001,2024-06-01,2024,6,1,447.1,0.152,379.14
S001037,R015,T001,P001,2024-07-01,2024,7,1,203.29,0.128,177.27
S001038,R015,T001,P005,2024-07-01,2024,7,1,392.1,0.04,376.42
S001039,R015,T001,P002,2024-07-01,2024,7,1,670.39,0.035,646.93
S001040,R015,T001,P006,2024-07-01,2024,7,1,561.11,0.13,488.17
S001041,R015,T001,P004,2024-08-01,2024,8,1,105.45,0.122,92.59
S001042,R015,T001,P006,2024-08-01,2024,8,1,256.14,0.052,242.82
S001043,R015,T001,P002,2024-08-01,2024,8,1,425.89,0.067,397.36
S001044,R015,T001,P001,2024-08-01,2024,8,1,96.43,0.044,92.19
S001045,R015,T001,P004,2024-09-01,2024,9,1,54.29,0.042,52.01
S001046,R015,T001,P003,2024-09-01,2024,9,1,951.23,0.053,900.81
S001047,R015,T001,P002,2024-09-01,2024,9,1,423.43,0.111,376.43
S001048,R015,T001,P006,2024-09-01,2024,9,1,121.49,0.169,100.96
S001049,R015,T001,P004,2024-10-01,2024,10,1,423.76,0.095,383.5
S001050,R015,T001,P003,2024-10-01,2024,10,1,430.18,0.177,354.04
S001051,R015,T001,P003,2024-11-01,2024,11,1,700.32,0.07,651.3
S001052,R015,T001,P002,2024-11-01,2024,11,1,250.69,0.169,208.32
S001053,R015,T001,P005,2024-12-01,2024,12,1,97.32,0.108,86.81
S001054,R015,T001,P004,2024-12-01,2024,12,1,235.64,0.114,208.78
S001055,R016,T003,P002,2023-01-01,2023,1,2,1950.15,0.165,1628.38
S001056,R016,T003,P006,2023-01-01,2023,1,6,5854.06,0.044,5596.48
S001057,R016,T003,P001,2023-01-01,2023,1,3,1528.77,0.086,1397.3
S001058,R016,T003,P002,2023-02-01,2023,2,1,924.08,0.148,787.32
S001059,R016,T003,P006,2023-02-01,2023,2,4,3854.89,0.022,3770.08
S001060,R016,T003,P004,2023-02-01,2023,2,3,1140.65,0.158,960.43
S001061,R016,T003,P003,2023-03-01,2023,3,7,8922.41,0.024,8708.27
S001062,R016,T003,P006,2023-03-01,2023,3,6,6039.0,0.117,5332.44
S001063,R016,T003,P006,2023-04-01,2023,4,3,3140.64,0.103,2817.15
S001064,R016,T003,P003,2023-04-01,2023,4,3,4758.94,0.025,4639.97
S001065,R016,T003,P003,2023-05-01,2023,5,1,1274.17,0.136,1100.88
S001066,R016,T003,P004,2023-05-01,2023,5,1,419.26,0.156,353.86
S001067,R016,T003,P005,2023-06-01,2023,6,2,786.08,0.031,761.71
S001068,R016,T003,P004,2023-06-01,2023,6,6,2002.29,0.154,1693.94
S001069,R016,T003,P001,2023-07-01,2023,7,5,2399.09,0.146,2048.82
S001070,R016,T003,P006,2023-07-01,2023,7,1,1269.73,0.058,1196.09
S001071,R016,T003,P002,2023-07-01,2023,7,1,505.78,0.052,479.48
S001072,R016,T003,P002,2023-08-01,2023,8,6,4299.33,0.178,3534.05
S001073,R016,T003,P001,2023-08-01,2023,8,1,741.91,0.117,655.11
S001074,R016,T003,P005,2023-08-01,2023,8,1,336.58,0.139,289.8
S001075,R016,T003,P005,2023-09-01,2023,9,1,573.45,0.091,521.27
S001076,R016,T003,P002,2023-09-01,2023,9,3,2349.06,0.164,1963.81
S001077,R016,T003,P001,2023-09-01,2023,9,3,1508.24,0.139,1298.59
S001078,R016,T003,P006,2023-09-01,2023,9,5,5023.42,0.04,4822.48
S001079,R016,T003,P006,2023-10-01,2023,10,5,4717.75,0.046,4500.73
S001080,R016,T003,P001,2023-10-01,2023,10,3,1330.95,0.095,1204.51
S001081,R016,T003,P004,2023-10-01,2023,10,3,1168.03,0.15,992.83
S001082,R016,T003,P005,2023-11-01,2023,11,5,1481.97,0.098,1336.74
S001083,R016,T003,P003,2023-11-01,2023,11,2,2603.82,0.076,2405.93
S001084,R016,T003,P006,2023-11-01,2023,11,4,3575.75,0.028,3475.63
S001085,R016,T003,P001,2023-11-01,2023,11,7,2997.06,0.078,2763.29
S001086,R016,T003,P001,2023-12-01,2023,12,5,2154.22,0.158,1813.85
S001087,R016,T003,P003,2023-12-01,2023,12,3,4732.51,0.09,4306.58
S001088,R016,T003,P002,2023-12-01,2023,12,3,2371.02,0.106,2119.69
S001089,R016,T003,P004,2024-01-01,2024,1,2,915.77,0.088,835.18
S001090,R016,T003,P001,2024-01-01,2024,1,2,843.61,0.114,747.44
S001091,R016,T003,P003,2024-01-01,2024,1,2,2826.61,0.11,2515.68
S001092,R016,T003,P002,2024-02-01,2024,2,7,4816.51,0.143,4127.75
S001093,R016,T003,P003,2024-02-01,2024,2,3,4919.26,0.135,4255.16
S001094,R016,T003,P001,2024-02-01,2024,2,1,455.8,0.112,404.75
S001095,R016,T003,P004,2024-03-01,2024,3,5,1842.27,0.077,1700.42
S001096,R016,T003,P003,2024-03-01,2024,3,2,3420.72,0.021,3348.88
S001097,R016,T003,P002,2024-03-01,2024,3,3,2621.25,0.02,2568.82
S001098,R016,T003,P001,2024-03-01,2024,3,5,2432.13,0.177,2001.64
S001099,R016,T003,P001,2024-04-01,2024,4,1,656.73,0.142,563.47
S001100,R016,T003,P005,2024-04-01,2024,4,1,282.52,0.096,255.4
S001101,R016,T003,P002,2024-04-01,2024,4,2,1383.82,0.041,1327.08
S001102,R016,T003,P004,2024-04-01,2024,4,3,963.91,0.178,792.33
S001103,R016,T003,P006,2024-05-01,2024,5,4,4142.75,0.059,3898.33
S001104,R016,T003,P002,2024-05-01,2024,5,1,625.55,0.136,540.48
S001105,R016,T003,P002,2024-06-01,2024,6,2,1604.74,0.114,1421.8
S001106,R016,T003,P005,2024-06-01,2024,6,6,1790.11,0.07,1664.8
S001107,R016,T003,P004,2024-06-01,2024,6,7,2257.37,0.128,1968.43
S001108,R016,T003,P001,2024-06-01,2024,6,5,2273.57,0.091,2066.68
S001109,R016,T003,P004,2024-07-01,2024,7,1,485.28,0.13,422.19
S001110,R016,T003,P005,2024-07-01,2024,7,3,951.79,0.149,809.97
S001111,R016,T003,P002,2024-08-01,2024,8,3,2541.46,0.022,2485.55
S001112,R016,T003,P001,2024-08-01,2024,8,3,1433.83,0.091,1303.35
S001113,R016,T003,P004,2024-08-01,2024,8,5,1644.7,0.135,1422.67
S001114,R016,T003,P003,2024-08-01,2024,8,2,3395.54,0.125,2971.1
S001115,R016,T003,P003,2024-09-01,2024,9,1,2043.52,0.026,1990.39
S001116,R016,T003,P002,2024-09-01,2024,9,4,2893.68,0.042,2772.15
S001117,R016,T003,P004,2024-09-01,2024,9,4,1502.62,0.159,1263.7
S001118,R016,T003,P001,2024-09-01,2024,9,1,425.02,0.179,348.94
S001119,R016,T003,P004,2024-10-01,2024,10,3,1222.79,0.065,1143.31
S001120,R016,T003,P002,2024-10-01,2024,10,6,4369.72,0.039,4199.3
S001121,R016,T003,P004,2024-11-01,2024,11,1,560.7,0.13,487.81
S001122,R016,T003,P002,2024-11-01,2024,11,4,3218.12,0.086,2941.36
S001123,R016,T003,P003,2024-11-01,2024,11,3,4011.46,0.093,3638.39
S001124,R016,T003,P006,2024-12-01,2024,12,3,3193.74,0.106,2855.2
S001125,R016,T003,P001,2024-12-01,2024,12,1,562.57,0.145,481.0
S001126,R017,T013,P002,2023-01-01,2023,1,1,1208.26,0.146,1031.85
S001127,R017,T013,P006,2023-01-01,2023,1,1,1711.06,0.048,1628.93
S001128,R017,T013,P004,2023-01-01,2023,1,1,352.75,0.095,319.24
S001129,R017,T013,P003,2023-01-01,2023,1,1,1964.17,0.04,1885.6
S001130,R017,T013,P005,2023-02-01,2023,2,1,176.4,0.175,145.53
S001131,R017,T013,P001,2023-02-01,2023,2,2,910.69,0.085,833.28
S001132,R017,T013,P002,2023-02-01,2023,2,1,585.29,0.066,546.66
S001133,R017,T013,P003,2023-02-01,2023,2,2,2921.87,0.174,2413.46
S001134,R017,T013,P002,2023-03-01,2023,3,2,1389.48,0.07,1292.22
S001135,R017,T013,P001,2023-03-01,2023,3,1,777.8,0.066,726.47
S001136,R017,T013,P005,2023-04-01,2023,4,1,529.87,0.125,463.64
S001137,R017,T013,P004,2023-04-01,2023,4,1,152.74,0.063,143.12
S001138,R017,T013,P001,2023-04-01,2023,4,1,256.26,0.055,242.17
S001139,R017,T013,P005,2023-05-01,2023,5,1,304.43,0.156,256.94
S001140,R017,T013,P003,2023-05-01,2023,5,1,686.75,0.116,607.09
S001141,R017,T013,P002,2023-06-01,2023,6,2,1686.04,0.103,1512.38
S001142,R017,T013,P001,2023-06-01,2023,6,1,121.08,0.1,108.97
S001143,R017,T013,P003,2023-07-01,2023,7,1,1595.04,0.06,1499.34
S001144,R017,T013,P005,2023-07-01,2023,7,1,275.14,0.073,255.05
S001145,R017,T013,P001,2023-07-01,2023,7,3,1261.75,0.037,1215.07
S001146,R017,T013,P005,2023-08-01,2023,8,1,268.8,0.036,259.12
S001147,R017,T013,P001,2023-08-01,2023,8,1,776.84,0.1,699.16
S001148,R017,T013,P003,2023-08-01,2023,8,1,782.55,0.117,690.99
S001149,R017,T013,P006,2023-09-01,2023,9,1,837.21,0.058,788.65
S001150,R017,T013,P005,2023-09-01,2023,9,1,434.96,0.177,357.97
S001151,R017,T013,P004,2023-10-01,2023,10,1,329.74,0.077,304.35
S001152,R017,T013,P001,2023-10-01,2023,10,1,456.07,0.064,426.88
S001153,R017,T013,P002,2023-10-01,2023,10,1,546.73,0.099,492.6
S001154,R017,T013,P005,2023-10-01,2023,10,2,611.2,0.114,541.52
S001155,R017,T013,P001,2023-11-01,2023,11,2,846.34,0.079,779.48
S001156,R017,T013,P002,2023-11-01,2023,11,1,329.99,0.053,312.5
S001157,R017,T013,P006,2023-11-01,2023,11,1,1058.2,0.098,954.5
S001158,R017,T013,P004,2023-12-01,2023,12,1,261.4,0.022,255.65
S001159,R017,T013,P002,2023-12-01,2023,12,1,754.43,0.06,709.16
S001160,R017,T013,P001,2023-12-01,2023,12,1,594.27,0.055,561.59
S001161,R017,T013,P005,2023-12-01,2023,12,2,613.03,0.054,579.93
S001162,R017,T013,P005,2024-01-01,2024,1,1,238.37,0.021,233.36
S001163,R017,T013,P006,2024-01-01,2024,1,1,1385.77,0.117,1223.63
S001164,R017,T013,P001,2024-01-01,2024,1,2,1165.94,0.087,1064.5
S001165,R017,T013,P004,2024-01-01,2024,1,1,262.94,0.056,248.22
S001166,R017,T013,P003,2024-02-01,2024,2,1,367.58,0.103,329.72
S001167,R017,T013,P005,2024-02-01,2024,2,2,614.56,0.166,512.54
S001168,R017,T013,P006,2024-02-01,2024,2,1,739.22,0.146,631.29
S001169,R017,T013,P002,2024-03-01,2024,3,3,2047.62,0.031,1984.14
S001170,R017,T013,P003,2024-03-01,2024,3,2,2794.04,0.101,2511.84
S001171,R017,T013,P004,2024-04-01,2024,4,1,345.89,0.061,324.79
S001172,R017,T013,P001,2024-04-01,2024,4,1,655.33,0.141,562.93
S001173,R017,T013,P006,2024-04-01,2024,4,1,1658.66,0.171,1375.03
S001174,R017,T013,P005,2024-05-01,2024,5,1,176.39,0.139,151.87
S001175,R017,T013,P003,2024-05-01,2024,5,3,4914.37,0.065,4594.94
S001176,R017,T013,P002,2024-05-01,2024,5,1,962.93,0.039,925.38
S001177,R017,T013,P004,2024-05-01,2024,5,1,282.02,0.116,249.31
S001178,R017,T013,P004,2024-06-01,2024,6,2,916.04,0.142,785.96
S001179,R017,T013,P005,2024-06-01,2024,6,2,629.95,0.036,607.27
S001180,R017,T013,P003,2024-06-01,2024,6,1,626.3,0.052,593.73
S001181,R017,T013,P001,2024-06-01,2024,6,1,772.06,0.157,650.85
S001182,R017,T013,P004,2024-07-01,2024,7,1,414.16,0.031,401.32
S001183,R017,T013,P006,2024-07-01,2024,7,1,1082.73,0.084,991.78
S001184,R017,T013,P003,2024-07-01,2024,7,1,1562.07,0.155,1319.95
S001185,R017,T013,P001,2024-08-01,2024,8,1,803.57,0.038,773.03
S001186,R017,T013,P002,2024-08-01,2024,8,2,1596.81,0.074,1478.65
S001187,R017,T013,P003,2024-08-01,2024,8,1,2402.06,0.046,2291.57
S001188,R017,T013,P005,2024-08-01,2024,8,1,410.22,0.095,371.25
S001189,R017,T013,P006,2024-09-01,2024,9,2,2644.39,0.029,2567.7
S001190,R017,T013,P004,2024-09-01,2024,9,1,568.03,0.024,554.4
S001191,R017,T013,P004,2024-10-01,2024,10,1,472.73,0.097,426.88
S001192,R017,T013,P003,2024-10-01,2024,10,2,2777.92,0.14,2389.01
S001193,R017,T013,P005,2024-10-01,2024,10,1,281.38,0.143,241.14
S001194,R017,T013,P006,2024-10-01,2024,10,1,1150.24,0.127,1004.16
S001195,R017,T013,P006,2024-11-01,2024,11,1,989.24,0.077,913.07
S001196,R017,T013,P002,2024-11-01,2024,11,1,1002.31,0.058,944.18
S001197,R017,T013,P005,2024-11-01,2024,11,1,476.02,0.04,456.98
S001198,R017,T013,P001,2024-11-01,2024,11,1,705.21,0.087,643.86
S001199,R017,T013,P004,2024-12-01,2024,12,2,871.72,0.102,782.8
S001200,R017,T013,P002,2024-12-01,2024,12,2,1921.23,0.113,1704.13
S001201,R018,T028,P003,2023-01-01,2023,1,1,2038.1,0.04,1956.58
S001202,R018,T028,P002,2023-01-01,2023,1,1,851.11,0.125,744.72
S001203,R018,T028,P004,2023-01-01,2023,1,1,584.9,0.167,487.22
S001204,R018,T028,P004,2023-02-01,2023,2,1,294.09,0.03,285.27
S001205,R018,T028,P003,2023-02-01,2023,2,4,5261.59,0.101,4730.17
S001206,R018,T028,P002,2023-02-01,2023,2,3,2104.84,0.118,1856.47
S001207,R018,T028,P001,2023-03-01,2023,3,2,1009.89,0.167,841.24
S001208,R018,T028,P002,2023-03-01,2023,3,2,1931.48,0.167,1608.92
S001209,R018,T028,P004,2023-03-01,2023,3,3,1123.85,0.147,958.64
S001210,R018,T028,P003,2023-04-01,2023,4,3,4809.64,0.107,4295.01
S001211,R018,T028,P004,2023-04-01,2023,4,4,1308.43,0.136,1130.48
S001212,R018,T028,P002,2023-04-01,2023,4,1,1068.17,0.05,1014.76
S001213,R018,T028,P006,2023-04-01,2023,4,2,2062.55,0.156,1740.79
S001214,R018,T028,P006,2023-05-01,2023,5,1,1778.63,0.171,1474.48
S001215,R018,T028,P002,2023-05-01,2023,5,3,2330.19,0.074,2157.76
S001216,R018,T028,P005,2023-05-01,2023,5,1,305.81,0.117,270.03
S001217,R018,T028,P003,2023-05-01,2023,5,3,3808.9,0.038,3664.16
S001218,R018,T028,P001,2023-06-01,2023,6,5,2269.48,0.055,2144.66
S001219,R018,T028,P004,2023-06-01,2023,6,5,1758.43,0.091,1598.41
S001220,R018,T028,P003,2023-06-01,2023,6,1,1677.39,0.158,1412.36
S001221,R018,T028,P003,2023-07-01,2023,7,3,4431.9,0.115,3922.23
S001222,R018,T028,P002,2023-07-01,2023,7,1,809.74,0.077,747.39
S001223,R018,T028,P006,2023-07-01,2023,7,1,1112.94,0.136,961.58
S001224,R018,T028,P004,2023-07-01,2023,7,1,327.98,0.118,289.28
S001225,R018,T028,P003,2023-08-01,2023,8,3,3879.07,0.07,3607.54
S001226,R018,T028,P002,2023-08-01,2023,8,2,1714.03,0.054,1621.47
S001227,R018,T028,P001,2023-08-01,2023,8,1,470.18,0.059,442.44
S001228,R018,T028,P004,2023-09-01,2023,9,2,778.75,0.072,722.68
S001229,R018,T028,P001,2023-09-01,2023,9,3,1352.37,0.054,1279.34
S001230,R018,T028,P002,2023-10-01,2023,10,3,2717.5,0.126,2375.09
S001231,R018,T028,P001,2023-10-01,2023,10,1,540.59,0.111,480.58
S001232,R018,T028,P005,2023-10-01,2023,10,4,1171.45,0.117,1034.39
S001233,R018,T028,P002,2023-11-01,2023,11,1,632.8,0.062,593.57
S001234,R018,T028,P003,2023-11-01,2023,11,1,1739.25,0.08,1600.11
S001235,R018,T028,P001,2023-11-01,2023,11,4,2093.6,0.151,1777.47
S001236,R018,T028,P004,2023-12-01,2023,12,1,260.19,0.067,242.76
S001237,R018,T028,P002,2023-12-01,2023,12,3,2141.68,0.176,1764.74
S001238,R018,T028,P003,2024-01-01,2024,1,5,6963.17,0.156,5876.92
S001239,R018,T028,P005,2024-01-01,2024,1,4,1406.52,0.068,1310.88
S001240,R018,T028,P004,2024-02-01,2024,2,1,397.82,0.028,386.68
S001241,R018,T028,P002,2024-02-01,2024,2,1,757.47,0.143,649.15
S001242,R018,T028,P004,2024-03-01,2024,3,2,779.22,0.098,702.86
S001243,R018,T028,P006,2024-03-01,2024,3,4,4094.09,0.101,3680.59
S001244,R018,T028,P002,2024-03-01,2024,3,3,2096.44,0.04,2012.58
S001245,R018,T028,P001,2024-04-01,2024,4,2,1025.08,0.093,929.75
S001246,R018,T028,P003,2024-04-01,2024,4,3,3848.13,0.155,3251.67
S001247,R018,T028,P005,2024-04-01,2024,4,1,499.84,0.178,410.87
S001248,R018,T028,P006,2024-04-01,2024,4,2,2127.81,0.176,1753.32
S001249,R018,T028,P005,2024-05-01,2024,5,2,715.13,0.151,607.15
S001250,R018,T028,P006,2024-05-01,2024,5,3,2825.78,0.154,2390.61
S001251,R018,T028,P002,2024-05-01,2024,5,3,2456.35,0.172,2033.86
S001252,R018,T028,P002,2024-06-01,2024,6,5,3921.08,0.138,3379.97
S001253,R018,T028,P001,2024-06-01,2024,6,4,1800.88,0.101,1618.99
S001254,R018,T028,P004,2024-06-01,2024,6,3,1030.54,0.157,868.75
S001255,R018,T028,P004,2024-07-01,2024,7,5,1770.65,0.135,1531.61
S001256,R018,T028,P002,2024-07-01,2024,7,1,1098.64,0.136,949.22
S001257,R018,T028,P004,2024-08-01,2024,8,3,932.64,0.042,893.47
S001258,R018,T028,P001,2024-08-01,2024,8,1,438.67,0.027,426.83
S001259,R018,T028,P006,2024-09-01,2024,9,5,4832.4,0.15,4107.54
S001260,R018,T028,P001,2024-09-01,2024,9,1,721.08,0.112,640.32
S001261,R018,T028,P003,2024-09-01,2024,9,1,2203.38,0.04,2115.24
S001262,R018,T028,P005,2024-10-01,2024,10,4,1280.73,0.099,1153.94
S001263,R018,T028,P003,2024-10-01,2024,10,5,7256.58,0.104,6501.9
S001264,R018,T028,P001,2024-10-01,2024,10,3,1403.57,0.072,1302.51
S001265,R018,T028,P004,2024-10-01,2024,10,3,1129.65,0.084,1034.76
S001266,R018,T028,P006,2024-11-01,2024,11,3,3480.07,0.083,3191.22
S001267,R018,T028,P003,2024-11-01,2024,11,1,1551.84,0.116,1371.83
S001268,R018,T028,P005,2024-11-01,2024,11,5,1588.3,0.059,1494.59
S001269,R018,T028,P001,2024-11-01,2024,11,1,422.83,0.129,368.28
S001270,R018,T028,P005,2024-12-01,2024,12,3,1094.64,0.097,988.46
S001271,R018,T028,P002,2024-12-01,2024,12,2,1638.7,0.105,1466.64
S001272,R018,T028,P003,2024-12-01,2024,12,3,4471.61,0.047,4261.44
S001273,R019,T049,P006,2023-01-01,2023,1,5,4489.62,0.05,4265.14
S001274,R019,T049,P002,2023-01-01,2023,1,1,1340.11,0.099,1207.44
S001275,R019,T049,P004,2023-01-01,2023,1,2,863.32,0.125,755.41
S001276,R019,T049,P003,2023-02-01,2023,2,5,6361.61,0.143,5451.9
S001277,R019,T049,P002,2023-02-01,2023,2,2,1668.09,0.099,1502.95
S001278,R019,T049,P004,2023-02-01,2023,2,3,1130.49,0.048,1076.23
S001279,R019,T049,P006,2023-02-01,2023,2,3,3095.21,0.063,2900.21
S001280,R019,T049,P006,2023-03-01,2023,3,1,1285.79,0.057,1212.5
S001281,R019,T049,P001,2023-03-01,2023,3,4,1890.84,0.021,1851.13
S001282,R019,T049,P003,2023-03-01,2023,3,1,870.02,0.085,796.07
S001283,R019,T049,P003,2023-04-01,2023,4,5,6818.09,0.056,6436.28
S001284,R019,T049,P005,2023-04-01,2023,4,3,1091.21,0.15,927.53
S001285,R019,T049,P006,2023-04-01,2023,4,3,2917.14,0.109,2599.17
S001286,R019,T049,P003,2023-05-01,2023,5,1,1567.51,0.044,1498.54
S001287,R019,T049,P005,2023-05-01,2023,5,3,965.59,0.171,800.47
S001288,R019,T049,P006,2023-05-01,2023,5,2,2452.62,0.096,2217.17
S001289,R019,T049,P003,2023-06-01,2023,6,1,1830.97,0.059,1722.94
S001290,R019,T049,P006,2023-06-01,2023,6,1,1180.73,0.03,1145.31
S001291,R019,T049,P004,2023-06-01,2023,6,2,753.26,0.073,698.27
S001292,R019,T049,P002,2023-06-01,2023,6,1,1224.29,0.06,1150.83
S001293,R019,T049,P003,2023-07-01,2023,7,4,5311.16,0.063,4976.56
S001294,R019,T049,P001,2023-07-01,2023,7,3,1375.94,0.1,1238.35
S001295,R019,T049,P006,2023-07-01,2023,7,1,1165.51,0.081,1071.1
S001296,R019,T049,P006,2023-08-01,2023,8,1,1439.79,0.029,1398.04
S001297,R019,T049,P005,2023-08-01,2023,8,1,538.57,0.036,519.18
S001298,R019,T049,P003,2023-09-01,2023,9,2,2890.31,0.042,2768.92
S001299,R019,T049,P001,2023-09-01,2023,9,1,564.29,0.05,536.08
S001300,R019,T049,P002,2023-09-01,2023,9,1,1343.55,0.069,1250.85
S001301,R019,T049,P006,2023-09-01,2023,9,3,3394.0,0.06,3190.36
S001302,R019,T049,P005,2023-10-01,2023,10,2,632.99,0.041,607.04
S001303,R019,T049,P001,2023-10-01,2023,10,1,503.59,0.073,466.83
S001304,R019,T049,P002,2023-11-01,2023,11,3,2414.45,0.055,2281.66
S001305,R019,T049,P005,2023-11-01,2023,11,4,1404.86,0.056,1326.19
S001306,R019,T049,P002,2023-12-01,2023,12,1,1316.68,0.087,1202.13
S001307,R019,T049,P003,2023-12-01,2023,12,3,3974.25,0.151,3374.14
S001308,R019,T049,P006,2023-12-01,2023,12,3,3396.05,0.137,2930.79
S001309,R019,T049,P003,2024-01-01,2024,1,1,1680.47,0.106,1502.34
S001310,R019,T049,P001,2024-01-01,2024,1,1,708.23,0.127,618.28
S001311,R019,T049,P002,2024-01-01,2024,1,5,3799.87,0.148,3237.49
S001312,R019,T049,P002,2024-02-01,2024,2,3,2327.16,0.06,2187.53
S001313,R019,T049,P006,2024-02-01,2024,2,1,1360.91,0.084,1246.59
S001314,R019,T049,P005,2024-03-01,2024,3,3,1145.47,0.099,1032.07
S001315,R019,T049,P002,2024-03-01,2024,3,4,2784.04,0.124,2438.82
S001316,R019,T049,P001,2024-04-01,2024,4,5,2407.16,0.094,2180.89
S001317,R019,T049,P006,2024-04-01,2024,4,5,5034.68,0.049,4787.98
S001318,R019,T049,P005,2024-04-01,2024,4,3,972.91,0.131,845.46
S001319,R019,T049,P003,2024-04-01,2024,4,2,3120.61,0.135,2699.33
S001320,R019,T049,P003,2024-05-01,2024,5,1,916.25,0.075,847.53
S001321,R019,T049,P002,2024-05-01,2024,5,3,2684.7,0.155,2268.57
S001322,R019,T049,P006,2024-06-01,2024,6,3,2908.07,0.085,2660.88
S001323,R019,T049,P004,2024-06-01,2024,6,2,917.43,0.033,887.15
S001324,R019,T049,P001,2024-06-01,2024,6,3,1584.46,0.114,1403.83
S001325,R019,T049,P005,2024-06-01,2024,6,2,614.65,0.13,534.75
S001326,R019,T049,P006,2024-07-01,2024,7,1,1385.96,0.101,1245.98
S001327,R019,T049,P004,2024-07-01,2024,7,4,1461.7,0.147,1246.83
S001328,R019,T049,P005,2024-07-01,2024,7,3,971.86,0.158,818.31
S001329,R019,T049,P002,2024-07-01,2024,7,1,632.48,0.11,562.91
S001330,R019,T049,P005,2024-08-01,2024,8,2,798.68,0.068,744.37
S001331,R019,T049,P004,2024-08-01,2024,8,2,717.49,0.106,641.44
S001332,R019,T049,P001,2024-08-01,2024,8,1,432.15,0.063,404.92
S001333,R019,T049,P002,2024-08-01,2024,8,1,625.74,0.031,606.34
S001334,R019,T049,P004,2024-09-01,2024,9,1,585.55,0.041,561.54
S001335,R019,T049,P006,2024-09-01,2024,9,1,1068.76,0.13,929.82
S001336,R019,T049,P002,2024-09-01,2024,9,1,445.59,0.068,415.29
S001337,R019,T049,P002,2024-10-01,2024,10,3,2515.54,0.141,2160.85
S001338,R019,T049,P003,2024-10-01,2024,10,1,1064.15,0.031,1031.16
S001339,R019,T049,P004,2024-10-01,2024,10,1,222.92,0.043,213.33
S001340,R019,T049,P001,2024-11-01,2024,11,2,873.12,0.172,722.94
S001341,R019,T049,P002,2024-11-01,2024,11,3,2274.76,0.155,1922.17
S001342,R019,T049,P003,2024-11-01,2024,11,2,3511.07,0.064,3286.36
S001343,R019,T049,P004,2024-12-01,2024,12,3,974.55,0.131,846.88
S001344,R019,T049,P002,2024-12-01,2024,12,4,2773.25,0.047,2642.91
S001345,R019,T049,P006,2024-12-01,2024,12,2,2412.43,0.031,2337.64
S001346,R019,T049,P005,2024-12-01,2024,12,1,270.31,0.175,223.01
S001347,R020,T025,P003,2023-01-01,2023,1,1,1306.13,0.043,1249.97
S001348,R020,T025,P004,2023-01-01,2023,1,2,836.09,0.128,729.07
S001349,R020,T025,P001,2023-01-01,2023,1,2,1196.15,0.126,1045.44
S001350,R020,T025,P003,2023-02-01,2023,2,4,5168.64,0.093,4687.96
S001351,R020,T025,P004,2023-02-01,2023,2,1,372.57,0.135,322.27
S001352,R020,T025,P001,2023-02-01,2023,2,4,1912.5,0.078,1763.32
S001353,R020,T025,P005,2023-02-01,2023,2,2,605.13,0.039,581.53
S001354,R020,T025,P005,2023-03-01,2023,3,1,346.01,0.065,323.52
S001355,R020,T025,P002,2023-03-01,2023,3,3,2445.74,0.127,2135.13
S001356,R020,T025,P006,2023-04-01,2023,4,1,1292.18,0.122,1134.53
S001357,R020,T025,P002,2023-04-01,2023,4,1,773.35,0.076,714.58
S001358,R020,T025,P003,2023-04-01,2023,4,1,1353.32,0.111,1203.1
S001359,R020,T025,P001,2023-05-01,2023,5,1,768.48,0.035,741.58
S001360,R020,T025,P005,2023-05-01,2023,5,3,1076.29,0.169,894.4
S001361,R020,T025,P003,2023-06-01,2023,6,2,3745.62,0.105,3352.33
S001362,R020,T025,P004,2023-06-01,2023,6,2,913.89,0.095,827.07
S001363,R020,T025,P003,2023-07-01,2023,7,3,4847.41,0.127,4231.79
S001364,R020,T025,P005,2023-07-01,2023,7,2,849.99,0.094,770.09
S001365,R020,T025,P006,2023-07-01,2023,7,1,1745.13,0.178,1434.5
S001366,R020,T025,P004,2023-08-01,2023,8,1,552.81,0.023,540.1
S001367,R020,T025,P003,2023-08-01,2023,8,1,768.6,0.115,680.21
S001368,R020,T025,P001,2023-09-01,2023,9,2,1040.38,0.043,995.64
S001369,R020,T025,P003,2023-09-01,2023,9,1,2215.12,0.133,1920.51
S001370,R020,T025,P002,2023-09-01,2023,9,1,800.58,0.169,665.28
S001371,R020,T025,P005,2023-09-01,2023,9,1,252.02,0.037,242.7
S001372,R020,T025,P003,2023-10-01,2023,10,1,1157.09,0.06,1087.66
S001373,R020,T025,P004,2023-10-01,2023,10,4,1276.08,0.022,1248.01
S001374,R020,T025,P001,2023-10-01,2023,10,2,949.45,0.099,855.45
S001375,R020,T025,P005,2023-11-01,2023,11,2,767.72,0.081,705.53
S001376,R020,T025,P006,2023-11-01,2023,11,1,1658.38,0.045,1583.75
S001377,R020,T025,P004,2023-11-01,2023,11,1,427.08,0.055,403.59
S001378,R020,T025,P003,2023-11-01,2023,11,1,880.89,0.022,861.51
S001379,R020,T025,P001,2023-12-01,2023,12,3,1574.28,0.147,1342.86
S001380,R020,T025,P004,2023-12-01,2023,12,2,924.94,0.138,797.3
S001381,R020,T025,P001,2024-01-01,2024,1,1,631.71,0.059,594.44
S001382,R020,T025,P004,2024-01-01,2024,1,1,496.81,0.103,445.64
S001383,R020,T025,P005,2024-02-01,2024,2,1,294.91,0.024,287.83
S001384,R020,T025,P004,2024-02-01,2024,2,2,865.31,0.138,745.9
S001385,R020,T025,P002,2024-03-01,2024,3,2,1967.39,0.158,1656.54
S001386,R020,T025,P001,2024-03-01,2024,3,3,1487.63,0.046,1419.2
S001387,R020,T025,P006,2024-04-01,2024,4,4,3835.64,0.082,3521.12
S001388,R020,T025,P001,2024-04-01,2024,4,2,879.22,0.115,778.11
S001389,R020,T025,P003,2024-04-01,2024,4,4,5288.1,0.045,5050.14
S001390,R020,T025,P002,2024-04-01,2024,4,3,2171.04,0.126,1897.49
S001391,R020,T025,P004,2024-05-01,2024,5,2,851.94,0.023,832.35
S001392,R020,T025,P006,2024-05-01,2024,5,1,1299.34,0.127,1134.32
S001393,R020,T025,P005,2024-05-01,2024,5,3,921.32,0.08,847.61
S001394,R020,T025,P001,2024-05-01,2024,5,1,669.67,0.153,567.21
S001395,R020,T025,P002,2024-06-01,2024,6,1,851.1,0.097,768.54
S001396,R020,T025,P004,2024-06-01,2024,6,1,579.63,0.171,480.51
S001397,R020,T025,P005,2024-07-01,2024,7,1,576.14,0.026,561.16
S001398,R020,T025,P001,2024-07-01,2024,7,1,756.84,0.055,715.21
S001399,R020,T025,P004,2024-07-01,2024,7,3,1028.4,0.112,913.22
S001400,R020,T025,P006,2024-07-01,2024,7,4,4200.95,0.082,3856.47
S001401,R020,T025,P003,2024-08-01,2024,8,2,2719.57,0.096,2458.49
S001402,R020,T025,P001,2024-08-01,2024,8,1,788.17,0.032,762.95
S001403,R020,T025,P002,2024-08-01,2024,8,1,996.92,0.109,888.26
S001404,R020,T025,P003,2024-09-01,2024,9,1,507.22,0.064,474.76
S001405,R020,T025,P001,2024-09-01,2024,9,2,884.55,0.083,811.13
S001406,R020,T025,P005,2024-09-01,2024,9,3,1040.66,0.053,985.51
S001407,R020,T025,P002,2024-10-01,2024,10,1,1167.45,0.101,1049.54
S001408,R020,T025,P001,2024-10-01,2024,10,1,550.61,0.1,495.55
S001409,R020,T025,P005,2024-10-01,2024,10,3,1085.43,0.158,913.93
S001410,R020,T025,P003,2024-10-01,2024,10,1,2260.54,0.05,2147.51
S001411,R020,T025,P003,2024-11-01,2024,11,1,813.97,0.063,762.69
S001412,R020,T025,P004,2024-11-01,2024,11,2,634.8,0.143,544.02
S001413,R020,T025,P003,2024-12-01,2024,12,5,7393.89,0.151,6277.41
S001414,R020,T025,P005,2024-12-01,2024,12,3,1123.8,0.041,1077.72
S001415,R021,T033,P006,2023-01-01,2023,1,1,1590.13,0.136,1373.87
S001416,R021,T033,P001,2023-01-01,2023,1,4,1797.93,0.07,1672.07
S001417,R021,T033,P002,2023-01-01,2023,1,3,2676.26,0.156,2258.76
S001418,R021,T033,P005,2023-01-01,2023,1,10,2975.09,0.147,2537.75
S001419,R021,T033,P004,2023-02-01,2023,2,1,461.13,0.145,394.27
S001420,R021,T033,P002,2023-02-01,2023,2,7,5357.35,0.063,5019.84
S001421,R021,T033,P006,2023-02-01,2023,2,12,11023.07,0.052,10449.87
S001422,R021,T033,P003,2023-02-01,2023,2,10,13090.0,0.044,12514.04
S001423,R021,T033,P006,2023-03-01,2023,3,5,5014.04,0.141,4307.06
S001424,R021,T033,P005,2023-03-01,2023,3,4,1404.87,0.143,1203.97
S001425,R021,T033,P004,2023-03-01,2023,3,4,1334.91,0.087,1218.77
S001426,R021,T033,P003,2023-03-01,2023,3,3,4699.02,0.102,4219.72
S001427,R021,T033,P001,2023-04-01,2023,4,5,2303.89,0.131,2002.08
S001428,R021,T033,P002,2023-04-01,2023,4,9,6205.17,0.034,5994.19
S001429,R021,T033,P003,2023-04-01,2023,4,3,3902.01,0.02,3823.97
S001430,R021,T033,P005,2023-05-01,2023,5,6,1960.22,0.134,1697.55
S001431,R021,T033,P003,2023-05-01,2023,5,11,14263.89,0.123,12509.43
S001432,R021,T033,P006,2023-06-01,2023,6,2,2615.38,0.128,2280.61
S001433,R021,T033,P005,2023-06-01,2023,6,8,2576.77,0.069,2398.97
S001434,R021,T033,P002,2023-06-01,2023,6,2,1443.03,0.178,1186.17
S001435,R021,T033,P001,2023-06-01,2023,6,5,2185.85,0.126,1910.43
S001436,R021,T033,P005,2023-07-01,2023,7,3,1119.3,0.078,1031.99
S001437,R021,T033,P004,2023-07-01,2023,7,3,1215.72,0.177,1000.54
S001438,R021,T033,P006,2023-07-01,2023,7,6,6094.76,0.106,5448.72
S001439,R021,T033,P003,2023-08-01,2023,8,2,3220.85,0.022,3149.99
S001440,R021,T033,P006,2023-08-01,2023,8,10,8952.23,0.077,8262.91
S001441,R021,T033,P005,2023-09-01,2023,9,7,2096.33,0.156,1769.3
S001442,R021,T033,P003,2023-09-01,2023,9,7,9639.87,0.101,8666.24
S001443,R021,T033,P001,2023-09-01,2023,9,2,1116.56,0.112,991.51
S001444,R021,T033,P006,2023-09-01,2023,9,8,7335.34,0.159,6169.02
S001445,R021,T033,P002,2023-10-01,2023,10,2,1416.9,0.131,1231.29
S001446,R021,T033,P003,2023-10-01,2023,10,5,6255.05,0.052,5929.79
S001447,R021,T033,P004,2023-10-01,2023,10,1,588.57,0.066,549.72
S001448,R021,T033,P006,2023-11-01,2023,11,3,3315.27,0.145,2834.56
S001449,R021,T033,P005,2023-11-01,2023,11,9,2689.57,0.152,2280.76
S001450,R021,T033,P004,2023-11-01,2023,11,7,2238.13,0.134,1938.22
S001451,R021,T033,P001,2023-12-01,2023,12,7,3346.93,0.033,3236.48
S001452,R021,T033,P006,2023-12-01,2023,12,3,3541.35,0.14,3045.56
S001453,R021,T033,P004,2024-01-01,2024,1,5,1646.05,0.096,1488.03
S001454,R021,T033,P003,2024-01-01,2024,1,7,9451.17,0.174,7806.67
S001455,R021,T033,P001,2024-02-01,2024,2,5,2318.98,0.04,2226.22
S001456,R021,T033,P003,2024-02-01,2024,2,5,6253.62,0.17,5190.5
S001457,R021,T033,P002,2024-03-01,2024,3,6,4345.96,0.159,3654.95
S001458,R021,T033,P005,2024-03-01,2024,3,6,1915.58,0.122,1681.88
S001459,R021,T033,P003,2024-03-01,2024,3,3,4037.93,0.18,3311.1
S001460,R021,T033,P002,2024-04-01,2024,4,5,3805.32,0.082,3493.28
S001461,R021,T033,P003,2024-04-01,2024,4,5,7062.24,0.033,6829.19
S001462,R021,T033,P003,2024-05-01,2024,5,10,13110.71,0.033,12678.06
S001463,R021,T033,P002,2024-05-01,2024,5,3,2091.45,0.073,1938.77
S001464,R021,T033,P003,2024-06-01,2024,6,4,5600.92,0.077,5169.65
S001465,R021,T033,P001,2024-06-01,2024,6,10,4332.38,0.147,3695.52
S001466,R021,T033,P005,2024-06-01,2024,6,8,2474.81,0.157,2086.26
S001467,R021,T033,P003,2024-07-01,2024,7,10,13316.56,0.042,12757.26
S001468,R021,T033,P002,2024-07-01,2024,7,7,5212.09,0.169,4331.25
S001469,R021,T033,P005,2024-07-01,2024,7,6,1969.07,0.095,1782.01
S001470,R021,T033,P001,2024-08-01,2024,8,9,3861.93,0.159,3247.88
S001471,R021,T033,P002,2024-08-01,2024,8,5,3587.94,0.097,3239.91
S001472,R021,T033,P006,2024-08-01,2024,8,4,3762.1,0.151,3194.02
S001473,R021,T033,P004,2024-09-01,2024,9,6,1995.06,0.157,1681.84
S001474,R021,T033,P005,2024-09-01,2024,9,4,1252.1,0.09,1139.41
S001475,R021,T033,P003,2024-10-01,2024,10,4,5111.58,0.17,4242.61
S001476,R021,T033,P006,2024-10-01,2024,10,4,3641.96,0.142,3124.8
S001477,R021,T033,P003,2024-11-01,2024,11,5,6548.09,0.022,6404.03
S001478,R021,T033,P005,2024-11-01,2024,11,6,1828.94,0.036,1763.1
S001479,R021,T033,P002,2024-11-01,2024,11,1,1191.57,0.025,1161.78
S001480,R021,T033,P006,2024-12-01,2024,12,3,2809.99,0.101,2526.18
S001481,R021,T033,P004,2024-12-01,2024,12,5,1715.36,0.163,1435.76
S001482,R021,T033,P001,2024-12-01,2024,12,3,1587.27,0.163,1328.54
S001483,R021,T033,P005,2024-12-01,2024,12,6,1773.51,0.103,1590.84
S001484,R022,T038,P005,2023-01-01,2023,1,1,320.68,0.057,302.4
S001485,R022,T038,P006,2023-01-01,2023,1,1,506.81,0.123,444.47
S001486,R022,T038,P002,2023-02-01,2023,2,1,405.09,0.096,366.2
S001487,R022,T038,P006,2023-02-01,2023,2,1,1150.72,0.071,1069.02
S001488,R022,T038,P005,2023-03-01,2023,3,1,354.55,0.129,308.81
S001489,R022,T038,P006,2023-03-01,2023,3,1,467.55,0.164,390.87
S001490,R022,T038,P004,2023-04-01,2023,4,1,80.49,0.177,66.24
S001491,R022,T038,P006,2023-04-01,2023,4,1,1166.98,0.121,1025.78
S001492,R022,T038,P002,2023-04-01,2023,4,1,150.54,0.177,123.89
S001493,R022,T038,P001,2023-04-01,2023,4,1,256.42,0.135,221.8
S001494,R022,T038,P005,2023-05-01,2023,5,1,242.35,0.076,223.93
S001495,R022,T038,P004,2023-05-01,2023,5,1,269.75,0.081,247.9
S001496,R022,T038,P003,2023-05-01,2023,5,1,2061.07,0.059,1939.47
S001497,R022,T038,P002,2023-05-01,2023,5,1,465.13,0.177,382.8
S001498,R022,T038,P001,2023-06-01,2023,6,1,255.48,0.071,237.34
S001499,R022,T038,P005,2023-06-01,2023,6,1,224.73,0.109,200.23
S001500,R022,T038,P006,2023-07-01,2023,7,1,512.18,0.167,426.65
S001501,R022,T038,P005,2023-07-01,2023,7,1,187.33,0.023,183.02
S001502,R022,T038,P004,2023-07-01,2023,7,1,296.65,0.022,290.12
S001503,R022,T038,P003,2023-08-01,2023,8,1,785.59,0.052,744.74
S001504,R022,T038,P001,2023-08-01,2023,8,1,521.61,0.094,472.58
S001505,R022,T038,P004,2023-08-01,2023,8,1,76.98,0.152,65.28
S001506,R022,T038,P006,2023-08-01,2023,8,1,901.42,0.109,803.17
S001507,R022,T038,P002,2023-09-01,2023,9,1,415.26,0.145,355.05
S001508,R022,T038,P003,2023-09-01,2023,9,1,995.36,0.155,841.08
S001509,R022,T038,P001,2023-09-01,2023,9,1,279.39,0.058,263.19
S001510,R022,T038,P005,2023-10-01,2023,10,1,291.14,0.153,246.6
S001511,R022,T038,P003,2023-10-01,2023,10,1,1666.7,0.152,1413.36
S001512,R022,T038,P002,2023-10-01,2023,10,1,698.46,0.025,681.0
S001513,R022,T038,P003,2023-11-01,2023,11,1,1140.75,0.056,1076.87
S001514,R022,T038,P005,2023-11-01,2023,11,1,396.9,0.158,334.19
S001515,R022,T038,P001,2023-12-01,2023,12,1,670.9,0.095,607.16
S001516,R022,T038,P004,2023-12-01,2023,12,1,138.46,0.122,121.57
S001517,R022,T038,P005,2023-12-01,2023,12,1,319.12,0.035,307.95
S001518,R022,T038,P003,2023-12-01,2023,12,1,1346.96,0.042,1290.39
S001519,R022,T038,P006,2024-01-01,2024,1,1,970.31,0.139,835.44
S001520,R022,T038,P003,2024-01-01,2024,1,1,712.26,0.057,671.66
S001521,R022,T038,P002,2024-01-01,2024,1,1,871.28,0.054,824.23
S001522,R022,T038,P003,2024-02-01,2024,2,1,571.7,0.137,493.38
S001523,R022,T038,P006,2024-02-01,2024,2,1,1472.31,0.073,1364.83
S001524,R022,T038,P001,2024-02-01,2024,2,1,142.56,0.165,119.04
S001525,R022,T038,P004,2024-02-01,2024,2,1,258.27,0.07,240.19
S001526,R022,T038,P001,2024-03-01,2024,3,1,83.63,0.16,70.25
S001527,R022,T038,P006,2024-03-01,2024,3,1,202.98,0.107,181.26
S001528,R022,T038,P004,2024-04-01,2024,4,1,182.92,0.073,169.57
S001529,R022,T038,P005,2024-04-01,2024,4,1,236.87,0.092,215.08
S001530,R022,T038,P006,2024-05-01,2024,5,1,850.13,0.078,783.82
S001531,R022,T038,P005,2024-05-01,2024,5,1,221.2,0.074,204.83
S001532,R022,T038,P004,2024-06-01,2024,6,1,192.0,0.154,162.43
S001533,R022,T038,P002,2024-06-01,2024,6,1,1126.27,0.06,1058.69
S001534,R022,T038,P005,2024-06-01,2024,6,1,275.22,0.17,228.43
S001535,R022,T038,P003,2024-06-01,2024,6,1,218.02,0.163,182.48
S001536,R022,T038,P002,2024-07-01,2024,7,1,354.18,0.171,293.62
S001537,R022,T038,P005,2024-07-01,2024,7,1,299.14,0.173,247.39
S001538,R022,T038,P004,2024-07-01,2024,7,1,113.81,0.081,104.59
S001539,R022,T038,P004,2024-08-01,2024,8,1,131.77,0.113,116.88
S001540,R022,T038,P006,2024-08-01,2024,8,1,1126.59,0.078,1038.72
S001541,R022,T038,P001,2024-08-01,2024,8,1,451.23,0.168,375.42
S001542,R022,T038,P003,2024-09-01,2024,9,1,959.29,0.127,837.46
S001543,R022,T038,P002,2024-09-01,2024,9,1,270.35,0.161,226.82
S001544,R022,T038,P005,2024-10-01,2024,10,1,242.25,0.045,231.35
S001545,R022,T038,P006,2024-10-01,2024,10,1,294.55,0.149,250.66
S001546,R022,T038,P003,2024-10-01,2024,10,1,1578.29,0.032,1527.78
S001547,R022,T038,P001,2024-10-01,2024,10,1,601.02,0.165,501.85
S001548,R022,T038,P003,2024-11-01,2024,11,1,920.07,0.133,797.7
S001549,R022,T038,P001,2024-11-01,2024,11,1,248.0,0.056,234.11
S001550,R022,T038,P006,2024-11-01,2024,11,1,531.17,0.108,473.8
S001551,R022,T038,P004,2024-11-01,2024,11,1,268.54,0.088,244.91
S001552,R022,T038,P001,2024-12-01,2024,12,1,476.35,0.099,429.19
S001553,R022,T038,P005,2024-12-01,2024,12,1,143.34,0.118,126.43
S001554,R022,T038,P006,2024-12-01,2024,12,1,262.88,0.131,228.44
S001555,R023,T006,P005,2023-01-01,2023,1,2,796.97,0.138,686.99
S001556,R023,T006,P003,2023-01-01,2023,1,2,3526.83,0.133,3057.76
S001557,R023,T006,P006,2023-01-01,2023,1,7,6585.5,0.16,5531.82
S001558,R023,T006,P002,2023-01-01,2023,1,1,1178.26,0.105,1054.54
S001559,R023,T006,P005,2023-02-01,2023,2,1,533.97,0.146,456.01
S001560,R023,T006,P006,2023-02-01,2023,2,3,2891.45,0.045,2761.33
S001561,R023,T006,P001,2023-03-01,2023,3,2,893.72,0.081,821.33
S001562,R023,T006,P002,2023-03-01,2023,3,4,3152.72,0.074,2919.42
S001563,R023,T006,P004,2023-03-01,2023,3,2,655.34,0.078,604.22
S001564,R023,T006,P005,2023-03-01,2023,3,1,343.8,0.094,311.48
S001565,R023,T006,P005,2023-04-01,2023,4,1,360.79,0.144,308.84
S001566,R023,T006,P001,2023-04-01,2023,4,2,1065.96,0.125,932.72
S001567,R023,T006,P004,2023-04-01,2023,4,5,1607.05,0.051,1525.09
S001568,R023,T006,P002,2023-04-01,2023,4,5,3852.95,0.059,3625.63
S001569,R023,T006,P003,2023-05-01,2023,5,4,5756.62,0.124,5042.8
S001570,R023,T006,P004,2023-05-01,2023,5,2,844.23,0.066,788.51
S001571,R023,T006,P006,2023-05-01,2023,5,2,2669.79,0.045,2549.65
S001572,R023,T006,P002,2023-05-01,2023,5,5,3889.84,0.083,3566.98
S001573,R023,T006,P006,2023-06-01,2023,6,4,3797.7,0.172,3144.5
S001574,R023,T006,P001,2023-06-01,2023,6,4,1922.69,0.17,1595.83
S001575,R023,T006,P005,2023-06-01,2023,6,3,993.15,0.081,912.7
S001576,R023,T006,P006,2023-07-01,2023,7,3,2887.19,0.139,2485.87
S001577,R023,T006,P001,2023-07-01,2023,7,5,2187.53,0.154,1850.65
S001578,R023,T006,P005,2023-07-01,2023,7,5,1725.12,0.037,1661.29
S001579,R023,T006,P002,2023-07-01,2023,7,1,574.29,0.162,481.26
S001580,R023,T006,P004,2023-08-01,2023,8,1,563.82,0.082,517.59
S001581,R023,T006,P005,2023-08-01,2023,8,2,672.19,0.075,621.78
S001582,R023,T006,P001,2023-09-01,2023,9,3,1526.24,0.135,1320.2
S001583,R023,T006,P005,2023-09-01,2023,9,2,763.8,0.171,633.19
S001584,R023,T006,P002,2023-09-01,2023,9,1,1009.45,0.116,892.35
S001585,R023,T006,P006,2023-10-01,2023,10,3,3458.69,0.023,3379.14
S001586,R023,T006,P003,2023-10-01,2023,10,1,1472.28,0.094,1333.89
S001587,R023,T006,P004,2023-10-01,2023,10,3,1023.34,0.131,889.28
S001588,R023,T006,P002,2023-10-01,2023,10,2,1406.75,0.028,1367.36
S001589,R023,T006,P004,2023-11-01,2023,11,4,1302.88,0.067,1215.59
S001590,R023,T006,P005,2023-11-01,2023,11,2,758.89,0.173,627.6
S001591,R023,T006,P006,2023-11-01,2023,11,2,2057.49,0.06,1934.04
S001592,R023,T006,P004,2023-12-01,2023,12,6,1876.42,0.15,1594.96
S001593,R023,T006,P006,2023-12-01,2023,12,1,1249.22,0.059,1175.52
S001594,R023,T006,P001,2023-12-01,2023,12,1,568.02,0.118,500.99
S001595,R023,T006,P002,2023-12-01,2023,12,3,2647.24,0.116,2340.16
S001596,R023,T006,P005,2024-01-01,2024,1,1,490.3,0.143,420.19
S001597,R023,T006,P006,2024-01-01,2024,1,5,4764.21,0.031,4616.52
S001598,R023,T006,P002,2024-01-01,2024,1,6,4096.17,0.047,3903.65
S001599,R023,T006,P003,2024-02-01,2024,2,1,1859.7,0.138,1603.06
S001600,R023,T006,P002,2024-02-01,2024,2,3,2486.68,0.116,2198.23
S001601,R023,T006,P005,2024-03-01,2024,3,3,1076.01,0.113,954.42
S001602,R023,T006,P002,2024-03-01,2024,3,1,1323.0,0.159,1112.64
S001603,R023,T006,P001,2024-03-01,2024,3,4,1833.51,0.141,1574.99
S001604,R023,T006,P003,2024-03-01,2024,3,1,2255.89,0.068,2102.49
S001605,R023,T006,P002,2024-04-01,2024,4,2,1528.41,0.097,1380.15
S001606,R023,T006,P003,2024-04-01,2024,4,4,5825.27,0.031,5644.69
S001607,R023,T006,P006,2024-04-01,2024,4,1,607.6,0.125,531.65
S001608,R023,T006,P002,2024-05-01,2024,5,2,1557.7,0.113,1381.68
S001609,R023,T006,P004,2024-05-01,2024,5,2,784.22,0.081,720.7
S001610,R023,T006,P005,2024-06-01,2024,6,3,925.22,0.173,765.16
S001611,R023,T006,P006,2024-06-01,2024,6,6,5746.39,0.103,5154.51
S001612,R023,T006,P003,2024-06-01,2024,6,4,5414.28,0.156,4569.65
S001613,R023,T006,P003,2024-07-01,2024,7,2,3330.83,0.056,3144.3
S001614,R023,T006,P001,2024-07-01,2024,7,5,2465.3,0.176,2031.41
S001615,R023,T006,P004,2024-07-01,2024,7,4,1497.42,0.066,1398.59
S001616,R023,T006,P006,2024-07-01,2024,7,2,2344.27,0.179,1924.65
S001617,R023,T006,P006,2024-08-01,2024,8,2,2348.34,0.071,2181.61
S001618,R023,T006,P003,2024-08-01,2024,8,1,1383.7,0.115,1224.57
S001619,R023,T006,P004,2024-09-01,2024,9,2,874.94,0.035,844.32
S001620,R023,T006,P003,2024-09-01,2024,9,3,4113.77,0.054,3891.63
S001621,R023,T006,P005,2024-09-01,2024,9,1,399.8,0.166,333.43
S001622,R023,T006,P004,2024-10-01,2024,10,5,1561.46,0.159,1313.19
S001623,R023,T006,P006,2024-10-01,2024,10,3,2955.69,0.061,2775.39
S001624,R023,T006,P005,2024-10-01,2024,10,1,323.76,0.082,297.21
S001625,R023,T006,P001,2024-10-01,2024,10,3,1616.95,0.054,1529.63
S001626,R023,T006,P005,2024-11-01,2024,11,1,372.63,0.024,363.69
S001627,R023,T006,P006,2024-11-01,2024,11,1,1114.06,0.154,942.49
S001628,R023,T006,P002,2024-11-01,2024,11,5,3559.29,0.113,3157.09
S001629,R023,T006,P004,2024-12-01,2024,12,5,1685.06,0.14,1449.15
S001630,R023,T006,P003,2024-12-01,2024,12,3,4084.62,0.087,3729.26
S001631,R023,T006,P001,2024-12-01,2024,12,1,302.1,0.171,250.44
S001632,R023,T006,P002,2024-12-01,2024,12,2,1613.73,0.13,1403.95
S001633,R024,T044,P005,2023-01-01,2023,1,5,1608.73,0.071,1494.51
S001634,R024,T044,P004,2023-01-01,2023,1,2,707.24,0.116,625.2
S001635,R024,T044,P006,2023-01-01,2023,1,9,8353.64,0.106,7468.15
S001636,R024,T044,P003,2023-01-01,2023,1,5,7297.64,0.153,6181.1
S001637,R024,T044,P004,2023-02-01,2023,2,3,1217.45,0.021,1191.88
S001638,R024,T044,P003,2023-02-01,2023,2,2,3114.88,0.094,2822.08
S001639,R024,T044,P006,2023-02-01,2023,2,6,5477.77,0.032,5302.48
S001640,R024,T044,P001,2023-03-01,2023,3,6,2569.8,0.066,2400.19
S001641,R024,T044,P002,2023-03-01,2023,3,3,2252.35,0.076,2081.17
S001642,R024,T044,P005,2023-03-01,2023,3,8,2466.96,0.155,2084.58
S001643,R024,T044,P006,2023-03-01,2023,3,11,10593.73,0.031,10265.32
S001644,R024,T044,P004,2023-04-01,2023,4,1,458.88,0.091,417.12
S001645,R024,T044,P002,2023-04-01,2023,4,1,835.52,0.03,810.45
S001646,R024,T044,P006,2023-04-01,2023,4,11,9892.37,0.12,8705.29
S001647,R024,T044,P006,2023-05-01,2023,5,10,9656.52,0.059,9086.79
S001648,R024,T044,P005,2023-05-01,2023,5,2,811.92,0.051,770.51
S001649,R024,T044,P002,2023-05-01,2023,5,7,5303.83,0.073,4916.65
S001650,R024,T044,P003,2023-06-01,2023,6,4,5693.8,0.137,4913.75
S001651,R024,T044,P001,2023-06-01,2023,6,7,3290.92,0.121,2892.72
S001652,R024,T044,P006,2023-06-01,2023,6,1,1458.06,0.117,1287.47
S001653,R024,T044,P005,2023-07-01,2023,7,3,1016.41,0.098,916.8
S001654,R024,T044,P006,2023-07-01,2023,7,2,2394.77,0.046,2284.61
S001655,R024,T044,P004,2023-07-01,2023,7,1,486.66,0.125,425.83
S001656,R024,T044,P001,2023-07-01,2023,7,13,5566.69,0.159,4681.59
S001657,R024,T044,P006,2023-08-01,2023,8,4,3672.72,0.14,3158.54
S001658,R024,T044,P003,2023-08-01,2023,8,3,4401.3,0.14,3785.12
S001659,R024,T044,P004,2023-09-01,2023,9,7,2305.52,0.147,1966.61
S001660,R024,T044,P003,2023-09-01,2023,9,6,8664.04,0.172,7173.83
S001661,R024,T044,P006,2023-10-01,2023,10,3,3388.03,0.162,2839.17
S001662,R024,T044,P005,2023-10-01,2023,10,4,1384.84,0.068,1290.67
S001663,R024,T044,P002,2023-10-01,2023,10,2,1677.78,0.091,1525.1
S001664,R024,T044,P006,2023-11-01,2023,11,5,4494.91,0.121,3951.03
S001665,R024,T044,P004,2023-11-01,2023,11,10,3214.85,0.075,2973.74
S001666,R024,T044,P001,2023-11-01,2023,11,9,3810.39,0.08,3505.56
S001667,R024,T044,P003,2023-12-01,2023,12,8,10297.7,0.023,10060.85
S001668,R024,T044,P004,2023-12-01,2023,12,1,425.37,0.076,393.04
S001669,R024,T044,P006,2023-12-01,2023,12,11,9887.52,0.172,8186.87
S001670,R024,T044,P002,2023-12-01,2023,12,7,5082.24,0.03,4929.77
S001671,R024,T044,P006,2024-01-01,2024,1,3,3161.31,0.153,2677.63
S001672,R024,T044,P005,2024-01-01,2024,1,9,2844.28,0.162,2383.51
S001673,R024,T044,P001,2024-01-01,2024,1,9,4176.57,0.099,3763.09
S001674,R024,T044,P002,2024-01-01,2024,1,3,2499.95,0.037,2407.45
S001675,R024,T044,P006,2024-02-01,2024,2,9,8887.42,0.104,7963.13
S001676,R024,T044,P003,2024-02-01,2024,2,2,3417.9,0.03,3315.36
S001677,R024,T044,P003,2024-03-01,2024,3,3,3917.17,0.124,3431.44
S001678,R024,T044,P001,2024-03-01,2024,3,6,2559.11,0.084,2344.14
S001679,R024,T044,P004,2024-04-01,2024,4,3,976.15,0.128,851.2
S001680,R024,T044,P005,2024-04-01,2024,4,2,641.67,0.134,555.69
S001681,R024,T044,P002,2024-04-01,2024,4,9,6524.78,0.12,5741.81
S001682,R024,T044,P006,2024-05-01,2024,5,7,7056.82,0.117,6231.17
S001683,R024,T044,P002,2024-05-01,2024,5,6,4165.56,0.039,4003.1
S001684,R024,T044,P005,2024-06-01,2024,6,4,1299.3,0.104,1164.17
S001685,R024,T044,P006,2024-06-01,2024,6,5,5015.03,0.12,4413.23
S001686,R024,T044,P006,2024-07-01,2024,7,1,1368.97,0.107,1222.49
S001687,R024,T044,P003,2024-07-01,2024,7,14,18033.37,0.033,17438.27
S001688,R024,T044,P001,2024-08-01,2024,8,3,1581.59,0.131,1374.4
S001689,R024,T044,P006,2024-08-01,2024,8,3,3545.96,0.058,3340.29
S001690,R024,T044,P002,2024-08-01,2024,8,2,1380.0,0.157,1163.34
S001691,R024,T044,P004,2024-09-01,2024,9,4,1458.78,0.148,1242.88
S001692,R024,T044,P005,2024-09-01,2024,9,6,1932.44,0.147,1648.37
S001693,R024,T044,P001,2024-09-01,2024,9,1,748.18,0.086,683.84
S001694,R024,T044,P002,2024-10-01,2024,10,3,2191.23,0.052,2077.29
S001695,R024,T044,P004,2024-10-01,2024,10,6,2161.22,0.03,2096.38
S001696,R024,T044,P003,2024-10-01,2024,10,8,10887.45,0.094,9864.03
S001697,R024,T044,P001,2024-10-01,2024,10,1,634.75,0.072,589.05
S001698,R024,T044,P006,2024-11-01,2024,11,6,5523.39,0.067,5153.32
S001699,R024,T044,P005,2024-11-01,2024,11,7,2307.32,0.089,2101.97
S001700,R024,T044,P001,2024-12-01,2024,12,3,1536.27,0.059,1445.63
S001701,R024,T044,P003,2024-12-01,2024,12,2,2812.55,0.071,2612.86
S001702,R024,T044,P004,2024-12-01,2024,12,10,3274.1,0.152,2776.44
S001703,R024,T044,P006,2024-12-01,2024,12,7,7010.23,0.177,5769.42
S001704,R025,T045,P003,2023-01-01,2023,1,4,5822.67,0.157,4908.51
S001705,R025,T045,P002,2023-01-01,2023,1,5,3790.45,0.085,3468.26
S001706,R025,T045,P001,2023-01-01,2023,1,5,2439.09,0.07,2268.35
S001707,R025,T045,P005,2023-01-01,2023,1,1,433.76,0.077,400.36
S001708,R025,T045,P001,2023-02-01,2023,2,8,3453.94,0.042,3308.87
S001709,R025,T045,P003,2023-02-01,2023,2,3,4042.04,0.045,3860.15
S001710,R025,T045,P004,2023-02-01,2023,2,5,1812.4,0.092,1645.66
S001711,R025,T045,P001,2023-03-01,2023,3,5,2409.58,0.115,2132.48
S001712,R025,T045,P006,2023-03-01,2023,3,7,6244.91,0.084,5720.34
S001713,R025,T045,P002,2023-03-01,2023,3,7,4835.49,0.041,4637.23
S001714,R025,T045,P003,2023-04-01,2023,4,2,2968.95,0.097,2680.96
S001715,R025,T045,P004,2023-04-01,2023,4,1,494.97,0.168,411.82
S001716,R025,T045,P002,2023-04-01,2023,4,2,1843.62,0.163,1543.11
S001717,R025,T045,P006,2023-05-01,2023,5,2,2336.52,0.028,2271.1
S001718,R025,T045,P002,2023-05-01,2023,5,2,1545.7,0.16,1298.39
S001719,R025,T045,P005,2023-05-01,2023,5,1,510.74,0.035,492.86
S001720,R025,T045,P004,2023-05-01,2023,5,8,2522.56,0.174,2083.63
S001721,R025,T045,P001,2023-06-01,2023,6,5,2168.16,0.084,1986.03
S001722,R025,T045,P004,2023-06-01,2023,6,7,2310.23,0.028,2245.54
S001723,R025,T045,P006,2023-06-01,2023,6,1,1552.14,0.098,1400.03
S001724,R025,T045,P003,2023-06-01,2023,6,6,8525.74,0.044,8150.61
S001725,R025,T045,P002,2023-07-01,2023,7,3,2147.66,0.087,1960.81
S001726,R025,T045,P006,2023-07-01,2023,7,2,2263.94,0.171,1876.81
S001727,R025,T045,P001,2023-08-01,2023,8,8,3526.06,0.061,3310.97
S001728,R025,T045,P002,2023-08-01,2023,8,7,5354.96,0.079,4931.92
S001729,R025,T045,P003,2023-08-01,2023,8,4,5307.65,0.098,4787.5
S001730,R025,T045,P003,2023-09-01,2023,9,5,6438.98,0.041,6174.98
S001731,R025,T045,P005,2023-09-01,2023,9,4,1188.96,0.06,1117.62
S001732,R025,T045,P004,2023-09-01,2023,9,4,1471.05,0.141,1263.63
S001733,R025,T045,P006,2023-10-01,2023,10,1,1465.28,0.028,1424.25
S001734,R025,T045,P001,2023-10-01,2023,10,2,1045.8,0.056,987.24
S001735,R025,T045,P001,2023-11-01,2023,11,2,1167.75,0.022,1142.06
S001736,R025,T045,P002,2023-11-01,2023,11,2,1454.09,0.055,1374.12
S001737,R025,T045,P006,2023-12-01,2023,12,7,6536.36,0.135,5653.95
S001738,R025,T045,P002,2023-12-01,2023,12,4,3162.21,0.143,2710.01
S001739,R025,T045,P005,2023-12-01,2023,12,2,824.26,0.123,722.88
S001740,R025,T045,P001,2023-12-01,2023,12,2,846.16,0.026,824.16
S001741,R025,T045,P001,2024-01-01,2024,1,9,4131.17,0.178,3395.82
S001742,R025,T045,P005,2024-01-01,2024,1,3,1007.28,0.143,863.24
S001743,R025,T045,P002,2024-01-01,2024,1,9,6590.14,0.071,6122.24
S001744,R025,T045,P001,2024-02-01,2024,2,6,2934.02,0.054,2775.58
S001745,R025,T045,P004,2024-02-01,2024,2,8,2493.04,0.111,2216.31
S001746,R025,T045,P002,2024-03-01,2024,3,2,1844.01,0.079,1698.33
S001747,R025,T045,P003,2024-03-01,2024,3,5,6656.79,0.162,5578.39
S001748,R025,T045,P004,2024-04-01,2024,4,1,483.66,0.159,406.76
S001749,R025,T045,P003,2024-04-01,2024,4,1,2271.99,0.17,1885.75
S001750,R025,T045,P003,2024-05-01,2024,5,6,8203.22,0.146,7005.55
S001751,R025,T045,P001,2024-05-01,2024,5,11,4729.59,0.055,4469.46
S001752,R025,T045,P006,2024-05-01,2024,5,5,4827.07,0.044,4614.68
S001753,R025,T045,P002,2024-05-01,2024,5,3,2603.71,0.145,2226.17
S001754,R025,T045,P001,2024-06-01,2024,6,3,1516.06,0.07,1409.94
S001755,R025,T045,P002,2024-06-01,2024,6,2,1714.74,0.028,1666.73
S001756,R025,T045,P001,2024-07-01,2024,7,1,663.97,0.053,628.78
S001757,R025,T045,P005,2024-07-01,2024,7,8,2465.49,0.135,2132.65
S001758,R025,T045,P001,2024-08-01,2024,8,2,1092.81,0.123,958.39
S001759,R025,T045,P003,2024-08-01,2024,8,2,2766.62,0.121,2431.86
S001760,R025,T045,P006,2024-08-01,2024,8,1,1289.07,0.058,1214.3
S001761,R025,T045,P005,2024-08-01,2024,8,6,1830.36,0.065,1711.39
S001762,R025,T045,P001,2024-09-01,2024,9,1,569.38,0.041,546.04
S001763,R025,T045,P004,2024-09-01,2024,9,7,2458.44,0.138,2119.18
S001764,R025,T045,P005,2024-10-01,2024,10,4,1330.82,0.178,1093.93
S001765,R025,T045,P003,2024-10-01,2024,10,10,12778.89,0.144,10938.73
S001766,R025,T045,P003,2024-11-01,2024,11,2,3154.3,0.126,2756.86
S001767,R025,T045,P001,2024-11-01,2024,11,7,3232.42,0.067,3015.85
S001768,R025,T045,P003,2024-12-01,2024,12,1,1128.14,0.084,1033.38
S001769,R025,T045,P006,2024-12-01,2024,12,1,1594.29,0.063,1493.85
S001770,R026,T032,P004,2023-01-01,2023,1,3,1218.17,0.118,1074.43
S001771,R026,T032,P006,2023-01-01,2023,1,3,2920.68,0.05,2774.65
S001772,R026,T032,P001,2023-01-01,2023,1,1,685.47,0.127,598.42
S001773,R026,T032,P004,2023-02-01,2023,2,3,1163.66,0.076,1075.22
S001774,R026,T032,P002,2023-02-01,2023,2,5,3506.92,0.115,3103.62
S001775,R026,T032,P006,2023-02-01,2023,2,3,3051.5,0.172,2526.64
S001776,R026,T032,P005,2023-03-01,2023,3,1,349.2,0.118,307.99
S001777,R026,T032,P002,2023-03-01,2023,3,4,2952.45,0.115,2612.92
S001778,R026,T032,P003,2023-04-01,2023,4,1,1595.21,0.11,1419.74
S001779,R026,T032,P001,2023-04-01,2023,4,2,1055.28,0.065,986.69
S001780,R026,T032,P004,2023-04-01,2023,4,3,1144.6,0.142,982.07
S001781,R026,T032,P002,2023-04-01,2023,4,5,3801.87,0.163,3182.17
S001782,R026,T032,P001,2023-05-01,2023,5,5,2329.77,0.114,2064.18
S001783,R026,T032,P004,2023-05-01,2023,5,6,1911.27,0.137,1649.43
S001784,R026,T032,P002,2023-06-01,2023,6,3,2442.4,0.076,2256.78
S001785,R026,T032,P003,2023-06-01,2023,6,2,2648.1,0.136,2287.96
S001786,R026,T032,P004,2023-06-01,2023,6,4,1454.95,0.067,1357.47
S001787,R026,T032,P006,2023-06-01,2023,6,3,2930.48,0.133,2540.73
S001788,R026,T032,P004,2023-07-01,2023,7,3,1069.69,0.093,970.21
S001789,R026,T032,P006,2023-07-01,2023,7,4,4444.96,0.144,3804.89
S001790,R026,T032,P006,2023-08-01,2023,8,3,2981.64,0.044,2850.45
S001791,R026,T032,P003,2023-08-01,2023,8,2,2903.67,0.024,2833.98
S001792,R026,T032,P002,2023-09-01,2023,9,1,1256.83,0.094,1138.69
S001793,R026,T032,P003,2023-09-01,2023,9,2,2952.99,0.157,2489.37
S001794,R026,T032,P006,2023-09-01,2023,9,3,2920.65,0.156,2465.03
S001795,R026,T032,P004,2023-09-01,2023,9,2,778.67,0.148,663.43
S001796,R026,T032,P004,2023-10-01,2023,10,4,1456.6,0.136,1258.5
S001797,R026,T032,P006,2023-10-01,2023,10,2,2084.4,0.064,1951.0
S001798,R026,T032,P002,2023-10-01,2023,10,4,3254.33,0.023,3179.48
S001799,R026,T032,P005,2023-10-01,2023,10,3,1109.41,0.071,1030.64
S001800,R026,T032,P005,2023-11-01,2023,11,2,785.5,0.17,651.96
S001801,R026,T032,P001,2023-11-01,2023,11,3,1362.88,0.177,1121.65
S001802,R026,T032,P003,2023-11-01,2023,11,2,2613.88,0.112,2321.13
S001803,R026,T032,P003,2023-12-01,2023,12,5,6831.94,0.133,5923.29
S001804,R026,T032,P004,2023-12-01,2023,12,3,1147.61,0.07,1067.28
S001805,R026,T032,P001,2023-12-01,2023,12,1,654.72,0.13,569.61
S001806,R026,T032,P003,2024-01-01,2024,1,4,5462.51,0.077,5041.9
S001807,R026,T032,P002,2024-01-01,2024,1,3,2599.11,0.124,2276.82
S001808,R026,T032,P001,2024-02-01,2024,2,1,343.68,0.092,312.06
S001809,R026,T032,P002,2024-02-01,2024,2,3,2070.61,0.092,1880.11
S001810,R026,T032,P002,2024-03-01,2024,3,4,2985.87,0.113,2648.47
S001811,R026,T032,P006,2024-03-01,2024,3,1,1467.47,0.068,1367.68
S001812,R026,T032,P005,2024-03-01,2024,3,2,798.91,0.032,773.34
S001813,R026,T032,P002,2024-04-01,2024,4,1,1215.54,0.133,1053.87
S001814,R026,T032,P004,2024-04-01,2024,4,1,396.72,0.091,360.62
S001815,R026,T032,P006,2024-05-01,2024,5,6,6177.98,0.079,5689.92
S001816,R026,T032,P004,2024-05-01,2024,5,4,1362.29,0.12,1198.82
S001817,R026,T032,P001,2024-05-01,2024,5,5,2483.97,0.099,2238.06
S001818,R026,T032,P001,2024-06-01,2024,6,1,360.84,0.091,328.0
S001819,R026,T032,P002,2024-06-01,2024,6,5,3919.41,0.133,3398.13
S001820,R026,T032,P003,2024-06-01,2024,6,5,6933.62,0.152,5879.71
S001821,R026,T032,P006,2024-07-01,2024,7,5,4521.11,0.069,4209.15
S001822,R026,T032,P003,2024-07-01,2024,7,2,3196.2,0.12,2812.66
S001823,R026,T032,P002,2024-07-01,2024,7,1,774.75,0.169,643.82
S001824,R026,T032,P001,2024-08-01,2024,8,4,1711.39,0.152,1451.26
S001825,R026,T032,P003,2024-08-01,2024,8,5,7292.19,0.049,6934.87
S001826,R026,T032,P003,2024-09-01,2024,9,1,2065.45,0.062,1937.39
S001827,R026,T032,P005,2024-09-01,2024,9,3,1030.31,0.084,943.76
S001828,R026,T032,P003,2024-10-01,2024,10,5,6524.07,0.175,5382.36
S001829,R026,T032,P006,2024-10-01,2024,10,2,2298.51,0.107,2052.57
S001830,R026,T032,P001,2024-10-01,2024,10,1,794.47,0.084,727.73
S001831,R026,T032,P004,2024-10-01,2024,10,2,925.8,0.069,861.92
S001832,R026,T032,P001,2024-11-01,2024,11,2,912.27,0.172,755.36
S001833,R026,T032,P002,2024-11-01,2024,11,3,2680.75,0.021,2624.45
S001834,R026,T032,P005,2024-11-01,2024,11,7,2047.96,0.081,1882.08
S001835,R026,T032,P003,2024-11-01,2024,11,5,6633.82,0.043,6348.57
S001836,R026,T032,P004,2024-12-01,2024,12,1,471.58,0.031,456.96
S001837,R026,T032,P006,2024-12-01,2024,12,5,4582.25,0.074,4243.16
S001838,R026,T032,P003,2024-12-01,2024,12,5,6456.17,0.109,5752.45
S001839,R026,T032,P002,2024-12-01,2024,12,3,2443.68,0.035,2358.15
S001840,R027,T045,P004,2023-01-01,2023,1,2,629.17,0.107,561.85
S001841,R027,T045,P006,2023-01-01,2023,1,5,4772.97,0.153,4042.71
S001842,R027,T045,P003,2023-01-01,2023,1,4,5705.43,0.032,5522.86
S001843,R027,T045,P005,2023-02-01,2023,2,11,3366.97,0.173,2784.48
S001844,R027,T045,P003,2023-02-01,2023,2,10,13552.36,0.15,11519.51
S001845,R027,T045,P004,2023-03-01,2023,3,4,1282.48,0.061,1204.25
S001846,R027,T045,P006,2023-03-01,2023,3,6,6166.72,0.027,6000.22
S001847,R027,T045,P003,2023-03-01,2023,3,6,7983.77,0.021,7816.11
S001848,R027,T045,P006,2023-04-01,2023,4,4,4163.2,0.165,3476.27
S001849,R027,T045,P001,2023-04-01,2023,4,12,5325.98,0.112,4729.47
S001850,R027,T045,P004,2023-04-01,2023,4,3,1033.96,0.1,930.56
S001851,R027,T045,P003,2023-04-01,2023,4,2,2630.23,0.138,2267.26
S001852,R027,T045,P001,2023-05-01,2023,5,6,2857.82,0.164,2389.14
S001853,R027,T045,P002,2023-05-01,2023,5,2,1983.92,0.16,1666.49
S001854,R027,T045,P003,2023-05-01,2023,5,1,1934.21,0.044,1849.1
S001855,R027,T045,P001,2023-06-01,2023,6,6,2817.1,0.163,2357.91
S001856,R027,T045,P002,2023-06-01,2023,6,14,9554.28,0.041,9162.55
S001857,R027,T045,P003,2023-06-01,2023,6,4,6166.49,0.165,5149.02
S001858,R027,T045,P006,2023-07-01,2023,7,5,4879.32,0.026,4752.46
S001859,R027,T045,P002,2023-07-01,2023,7,4,3058.97,0.151,2597.07
S001860,R027,T045,P003,2023-07-01,2023,7,3,3882.53,0.028,3773.82
S001861,R027,T045,P001,2023-08-01,2023,8,5,2128.12,0.092,1932.33
S001862,R027,T045,P004,2023-08-01,2023,8,4,1282.77,0.166,1069.83
S001863,R027,T045,P003,2023-08-01,2023,8,8,11075.16,0.081,10178.07
S001864,R027,T045,P002,2023-08-01,2023,8,7,4878.25,0.154,4127.0
S001865,R027,T045,P005,2023-09-01,2023,9,6,1861.26,0.066,1738.42
S001866,R027,T045,P001,2023-09-01,2023,9,7,3126.82,0.113,2773.49
S001867,R027,T045,P003,2023-10-01,2023,10,6,8116.05,0.18,6655.16
S001868,R027,T045,P006,2023-10-01,2023,10,2,2483.22,0.106,2220.0
S001869,R027,T045,P001,2023-10-01,2023,10,9,4018.42,0.147,3427.71
S001870,R027,T045,P004,2023-10-01,2023,10,4,1429.9,0.069,1331.24
S001871,R027,T045,P005,2023-11-01,2023,11,1,518.71,0.083,475.66
S001872,R027,T045,P004,2023-11-01,2023,11,2,713.99,0.039,686.14
S001873,R027,T045,P004,2023-12-01,2023,12,2,894.98,0.065,836.81
S001874,R027,T045,P003,2023-12-01,2023,12,3,4312.48,0.141,3704.42
S001875,R027,T045,P006,2023-12-01,2023,12,2,1921.63,0.125,1681.43
S001876,R027,T045,P005,2023-12-01,2023,12,6,2025.07,0.066,1891.42
S001877,R027,T045,P002,2024-01-01,2024,1,4,2851.08,0.049,2711.38
S001878,R027,T045,P005,2024-01-01,2024,1,3,1060.87,0.041,1017.37
S001879,R027,T045,P006,2024-01-01,2024,1,4,4082.46,0.126,3568.07
S001880,R027,T045,P001,2024-02-01,2024,2,3,1619.7,0.051,1537.1
S001881,R027,T045,P003,2024-02-01,2024,2,3,4996.23,0.11,4446.64
S001882,R027,T045,P006,2024-02-01,2024,2,8,7171.5,0.124,6282.23
S001883,R027,T045,P003,2024-03-01,2024,3,6,7832.31,0.142,6720.12
S001884,R027,T045,P006,2024-03-01,2024,3,9,8420.61,0.086,7696.44
S001885,R027,T045,P004,2024-03-01,2024,3,6,1929.91,0.04,1852.71
S001886,R027,T045,P005,2024-04-01,2024,4,3,1119.24,0.133,970.38
S001887,R027,T045,P001,2024-04-01,2024,4,6,2885.97,0.169,2398.24
S001888,R027,T045,P004,2024-04-01,2024,4,9,2839.78,0.09,2584.2
S001889,R027,T045,P005,2024-05-01,2024,5,2,812.76,0.027,790.82
S001890,R027,T045,P002,2024-05-01,2024,5,10,7177.58,0.134,6215.78
S001891,R027,T045,P002,2024-06-01,2024,6,13,8876.91,0.073,8228.9
S001892,R027,T045,P003,2024-06-01,2024,6,10,12780.99,0.101,11490.11
S001893,R027,T045,P002,2024-07-01,2024,7,5,3403.07,0.061,3195.48
S001894,R027,T045,P004,2024-07-01,2024,7,3,949.68,0.024,926.89
S001895,R027,T045,P001,2024-08-01,2024,8,1,794.5,0.027,773.05
S001896,R027,T045,P005,2024-08-01,2024,8,4,1207.69,0.055,1141.27
S001897,R027,T045,P002,2024-09-01,2024,9,4,3377.66,0.138,2911.54
S001898,R027,T045,P003,2024-09-01,2024,9,7,8849.62,0.123,7761.12
S001899,R027,T045,P003,2024-10-01,2024,10,8,11027.51,0.16,9263.11
S001900,R027,T045,P005,2024-10-01,2024,10,2,741.72,0.041,711.31
S001901,R027,T045,P006,2024-11-01,2024,11,1,1609.72,0.104,1442.31
S001902,R027,T045,P005,2024-11-01,2024,11,5,1707.66,0.132,1482.25
S001903,R027,T045,P001,2024-12-01,2024,12,5,2500.93,0.144,2140.8
S001904,R027,T045,P002,2024-12-01,2024,12,6,4720.55,0.168,3927.5
S001905,R027,T045,P006,2024-12-01,2024,12,6,6100.39,0.166,5087.73
S001906,R028,T047,P004,2023-01-01,2023,1,3,1063.37,0.093,964.48
S001907,R028,T047,P002,2023-01-01,2023,1,4,2940.57,0.18,2411.27
S001908,R028,T047,P003,2023-01-01,2023,1,9,11577.95,0.159,9737.06
S001909,R028,T047,P001,2023-01-01,2023,1,15,6458.62,0.035,6232.57
S001910,R028,T047,P004,2023-02-01,2023,2,8,2691.81,0.12,2368.79
S001911,R028,T047,P005,2023-02-01,2023,2,4,1443.98,0.07,1342.9
S001912,R028,T047,P001,2023-03-01,2023,3,3,1474.32,0.11,1312.14
S001913,R028,T047,P006,2023-03-01,2023,3,11,10070.1,0.12,8861.69
S001914,R028,T047,P003,2023-03-01,2023,3,1,1403.52,0.149,1194.4
S001915,R028,T047,P004,2023-03-01,2023,3,3,1235.23,0.178,1015.36
S001916,R028,T047,P003,2023-04-01,2023,4,4,5978.91,0.096,5404.93
S001917,R028,T047,P006,2023-04-01,2023,4,12,10993.45,0.152,9322.45
S001918,R028,T047,P001,2023-04-01,2023,4,13,5879.32,0.088,5361.94
S001919,R028,T047,P002,2023-04-01,2023,4,10,7006.97,0.055,6621.59
S001920,R028,T047,P002,2023-05-01,2023,5,9,6281.54,0.091,5709.92
S001921,R028,T047,P006,2023-05-01,2023,5,7,6753.81,0.076,6240.52
S001922,R028,T047,P003,2023-06-01,2023,6,2,3041.54,0.163,2545.77
S001923,R028,T047,P002,2023-06-01,2023,6,1,1266.57,0.03,1228.57
S001924,R028,T047,P004,2023-06-01,2023,6,3,949.67,0.035,916.43
S001925,R028,T047,P005,2023-06-01,2023,6,10,2941.16,0.179,2414.69
S001926,R028,T047,P002,2023-07-01,2023,7,9,6436.62,0.041,6172.72
S001927,R028,T047,P003,2023-07-01,2023,7,13,16592.09,0.18,13605.51
S001928,R028,T047,P006,2023-07-01,2023,7,2,2322.18,0.138,2001.72
S001929,R028,T047,P006,2023-08-01,2023,8,4,3656.08,0.021,3579.3
S001930,R028,T047,P003,2023-08-01,2023,8,12,15257.77,0.115,13503.13
S001931,R028,T047,P004,2023-08-01,2023,8,4,1400.0,0.11,1246.0
S001932,R028,T047,P006,2023-09-01,2023,9,8,7593.29,0.162,6363.18
S001933,R028,T047,P002,2023-09-01,2023,9,3,2483.4,0.041,2381.58
S001934,R028,T047,P001,2023-09-01,2023,9,8,3388.62,0.048,3225.97
S001935,R028,T047,P004,2023-09-01,2023,9,8,2570.64,0.108,2293.01
S001936,R028,T047,P005,2023-10-01,2023,10,2,784.98,0.155,663.31
S001937,R028,T047,P003,2023-10-01,2023,10,2,2812.15,0.129,2449.38
S001938,R028,T047,P006,2023-11-01,2023,11,4,4220.81,0.051,4005.55
S001939,R028,T047,P005,2023-11-01,2023,11,13,3938.64,0.107,3517.21
S001940,R028,T047,P003,2023-12-01,2023,12,15,19255.92,0.08,17715.45
S001941,R028,T047,P006,2023-12-01,2023,12,7,6412.03,0.158,5398.93
S001942,R028,T047,P002,2024-01-01,2024,1,5,3478.49,0.084,3186.3
S001943,R028,T047,P003,2024-01-01,2024,1,12,15730.78,0.064,14724.01
S001944,R028,T047,P006,2024-01-01,2024,1,12,10751.66,0.023,10504.37
S001945,R028,T047,P004,2024-02-01,2024,2,3,1077.39,0.025,1050.46
S001946,R028,T047,P002,2024-02-01,2024,2,3,2231.02,0.069,2077.08
S001947,R028,T047,P006,2024-02-01,2024,2,4,4091.6,0.107,3653.8
S001948,R028,T047,P001,2024-02-01,2024,2,9,3860.73,0.135,3339.53
S001949,R028,T047,P004,2024-03-01,2024,3,16,4998.31,0.038,4808.37
S001950,R028,T047,P002,2024-03-01,2024,3,1,1042.61,0.162,873.71
S001951,R028,T047,P006,2024-03-01,2024,3,5,5231.54,0.062,4907.18
S001952,R028,T047,P001,2024-04-01,2024,4,7,3112.65,0.112,2764.03
S001953,R028,T047,P006,2024-04-01,2024,4,1,1558.41,0.14,1340.23
S001954,R028,T047,P004,2024-05-01,2024,5,2,678.01,0.055,640.72
S001955,R028,T047,P001,2024-05-01,2024,5,8,3368.22,0.146,2876.46
S001956,R028,T047,P005,2024-05-01,2024,5,6,1976.52,0.053,1871.76
S001957,R028,T047,P002,2024-05-01,2024,5,7,5434.28,0.093,4928.89
S001958,R028,T047,P001,2024-06-01,2024,6,2,977.12,0.046,932.17
S001959,R028,T047,P004,2024-06-01,2024,6,6,2114.61,0.124,1852.4
S001960,R028,T047,P005,2024-06-01,2024,6,3,1034.77,0.102,929.22
S001961,R028,T047,P002,2024-06-01,2024,6,10,7423.45,0.09,6755.34
S001962,R028,T047,P004,2024-07-01,2024,7,8,2591.03,0.05,2461.48
S001963,R028,T047,P006,2024-07-01,2024,7,4,4133.01,0.084,3785.84
S001964,R028,T047,P001,2024-07-01,2024,7,2,895.6,0.094,811.41
S001965,R028,T047,P002,2024-08-01,2024,8,6,4183.84,0.05,3974.65
S001966,R028,T047,P001,2024-08-01,2024,8,4,2027.72,0.114,1796.56
S001967,R028,T047,P004,2024-08-01,2024,8,2,808.38,0.054,764.73
S001968,R028,T047,P005,2024-08-01,2024,8,2,586.75,0.029,569.73
S001969,R028,T047,P003,2024-09-01,2024,9,6,8597.08,0.059,8089.85
S001970,R028,T047,P004,2024-09-01,2024,9,6,2155.02,0.05,2047.27
S001971,R028,T047,P006,2024-10-01,2024,10,3,2884.53,0.025,2812.42
S001972,R028,T047,P004,2024-10-01,2024,10,4,1275.63,0.068,1188.89
S001973,R028,T047,P006,2024-11-01,2024,11,2,1805.92,0.144,1545.87
S001974,R028,T047,P002,2024-11-01,2024,11,8,5885.86,0.163,4926.46
S001975,R028,T047,P005,2024-11-01,2024,11,6,1863.39,0.096,1684.5
S001976,R028,T047,P005,2024-12-01,2024,12,3,871.91,0.045,832.67
S001977,R028,T047,P001,2024-12-01,2024,12,11,5014.04,0.113,4447.45
S001978,R028,T047,P006,2024-12-01,2024,12,5,4567.01,0.118,4028.1
S001979,R028,T047,P004,2024-12-01,2024,12,10,3293.12,0.057,3105.41
S001980,R029,T021,P001,2023-01-01,2023,1,1,320.76,0.118,282.91
S001981,R029,T021,P004,2023-01-01,2023,1,1,197.53,0.174,163.16
S001982,R029,T021,P006,2023-02-01,2023,2,1,1778.76,0.173,1471.03
S001983,R029,T021,P003,2023-02-01,2023,2,1,1294.89,0.13,1126.55
S001984,R029,T021,P004,2023-02-01,2023,2,1,411.12,0.032,397.96
S001985,R029,T021,P005,2023-03-01,2023,3,1,515.48,0.045,492.28
S001986,R029,T021,P002,2023-03-01,2023,3,1,1296.98,0.059,1220.46
S001987,R029,T021,P006,2023-03-01,2023,3,1,1492.42,0.118,1316.31
S001988,R029,T021,P006,2023-04-01,2023,4,1,1612.8,0.161,1353.14
S001989,R029,T021,P003,2023-04-01,2023,4,2,3026.53,0.049,2878.23
S001990,R029,T021,P002,2023-04-01,2023,4,1,824.4,0.117,727.95
S001991,R029,T021,P005,2023-05-01,2023,5,1,560.2,0.032,542.27
S001992,R029,T021,P003,2023-05-01,2023,5,1,1521.07,0.122,1335.5
S001993,R029,T021,P002,2023-05-01,2023,5,1,944.96,0.165,789.04
S001994,R029,T021,P006,2023-05-01,2023,5,1,1572.78,0.171,1303.83
S001995,R029,T021,P001,2023-06-01,2023,6,2,1216.35,0.097,1098.36
S001996,R029,T021,P003,2023-06-01,2023,6,1,2448.02,0.07,2276.66
S001997,R029,T021,P003,2023-07-01,2023,7,1,736.24,0.076,680.29
S001998,R029,T021,P002,2023-07-01,2023,7,1,696.81,0.119,613.89
S001999,R029,T021,P006,2023-08-01,2023,8,1,1005.9,0.128,877.14
S002000,R029,T021,P004,2023-08-01,2023,8,1,531.94,0.047,506.94
S002001,R029,T021,P005,2023-08-01,2023,8,1,534.97,0.098,482.54
S002002,R029,T021,P002,2023-08-01,2023,8,2,1411.8,0.094,1279.09
S002003,R029,T021,P003,2023-09-01,2023,9,1,1619.8,0.025,1579.3
S002004,R029,T021,P004,2023-09-01,2023,9,2,833.27,0.164,696.61
S002005,R029,T021,P001,2023-10-01,2023,10,1,389.99,0.168,324.47
S002006,R029,T021,P005,2023-10-01,2023,10,1,143.34,0.102,128.72
S002007,R029,T021,P002,2023-11-01,2023,11,2,1919.47,0.144,1643.07
S002008,R029,T021,P006,2023-11-01,2023,11,1,1288.05,0.115,1139.92
S002009,R029,T021,P001,2023-12-01,2023,12,1,307.46,0.059,289.32
S002010,R029,T021,P002,2023-12-01,2023,12,1,1289.27,0.031,1249.3
S002011,R029,T021,P005,2023-12-01,2023,12,1,160.15,0.118,141.25
S002012,R029,T021,P004,2024-01-01,2024,1,2,648.23,0.083,594.43
S002013,R029,T021,P003,2024-01-01,2024,1,1,2182.72,0.119,1922.98
S002014,R029,T021,P001,2024-01-01,2024,1,1,665.38,0.137,574.22
S002015,R029,T021,P001,2024-02-01,2024,2,1,835.7,0.081,768.01
S002016,R029,T021,P003,2024-02-01,2024,2,3,4463.94,0.132,3874.7
S002017,R029,T021,P002,2024-02-01,2024,2,1,604.96,0.173,500.3
S002018,R029,T021,P001,2024-03-01,2024,3,1,522.29,0.173,431.93
S002019,R029,T021,P004,2024-03-01,2024,3,2,919.08,0.023,897.94
S002020,R029,T021,P006,2024-04-01,2024,4,2,2144.56,0.094,1942.97
S002021,R029,T021,P001,2024-04-01,2024,4,1,611.91,0.089,557.45
S002022,R029,T021,P003,2024-04-01,2024,4,1,978.17,0.114,866.66
S002023,R029,T021,P004,2024-05-01,2024,5,1,459.63,0.035,443.54
S002024,R029,T021,P006,2024-05-01,2024,5,1,537.04,0.153,454.87
S002025,R029,T021,P001,2024-05-01,2024,5,1,525.27,0.176,432.82
S002026,R029,T021,P002,2024-06-01,2024,6,1,702.4,0.146,599.85
S002027,R029,T021,P004,2024-06-01,2024,6,1,335.25,0.167,279.26
S002028,R029,T021,P005,2024-07-01,2024,7,1,287.26,0.15,244.17
S002029,R029,T021,P004,2024-07-01,2024,7,1,468.73,0.096,423.73
S002030,R029,T021,P006,2024-07-01,2024,7,1,867.9,0.028,843.6
S002031,R029,T021,P002,2024-07-01,2024,7,1,383.04,0.15,325.58
S002032,R029,T021,P002,2024-08-01,2024,8,1,826.17,0.066,771.64
S002033,R029,T021,P006,2024-08-01,2024,8,2,2371.84,0.131,2061.13
S002034,R029,T021,P004,2024-09-01,2024,9,2,659.45,0.053,624.5
S002035,R029,T021,P005,2024-09-01,2024,9,1,107.0,0.161,89.77
S002036,R029,T021,P006,2024-10-01,2024,10,1,1636.7,0.078,1509.04
S002037,R029,T021,P004,2024-10-01,2024,10,2,734.56,0.057,692.69
S002038,R029,T021,P002,2024-11-01,2024,11,1,751.19,0.05,713.63
S002039,R029,T021,P004,2024-11-01,2024,11,1,385.62,0.175,318.14
S002040,R029,T021,P001,2024-12-01,2024,12,1,557.39,0.084,510.57
S002041,R029,T021,P002,2024-12-01,2024,12,1,864.15,0.157,728.48
S002042,R030,T016,P005,2023-01-01,2023,1,1,114.13,0.095,103.29
S002043,R030,T016,P003,2023-01-01,2023,1,2,3348.18,0.091,3043.5
S002044,R030,T016,P001,2023-02-01,2023,2,1,618.95,0.11,550.87
S002045,R030,T016,P006,2023-02-01,2023,2,1,1670.03,0.079,1538.1
S002046,R030,T016,P001,2023-03-01,2023,3,1,393.4,0.119,346.59
S002047,R030,T016,P003,2023-03-01,2023,3,1,1582.01,0.101,1422.23
S002048,R030,T016,P004,2023-03-01,2023,3,1,170.38,0.087,155.56
S002049,R030,T016,P005,2023-04-01,2023,4,1,571.69,0.056,539.68
S002050,R030,T016,P003,2023-04-01,2023,4,1,1355.32,0.159,1139.82
S002051,R030,T016,P002,2023-04-01,2023,4,1,446.79,0.123,391.83
S002052,R030,T016,P004,2023-05-01,2023,5,1,192.54,0.117,170.01
S002053,R030,T016,P003,2023-05-01,2023,5,1,1276.97,0.052,1210.57
S002054,R030,T016,P001,2023-05-01,2023,5,1,478.88,0.107,427.64
S002055,R030,T016,P005,2023-05-01,2023,5,2,642.18,0.08,590.81
S002056,R030,T016,P001,2023-06-01,2023,6,1,513.86,0.054,486.11
S002057,R030,T016,P003,2023-06-01,2023,6,2,2929.75,0.154,2478.57
S002058,R030,T016,P005,2023-06-01,2023,6,2,716.57,0.103,642.76
S002059,R030,T016,P004,2023-06-01,2023,6,2,699.7,0.041,671.01
S002060,R030,T016,P005,2023-07-01,2023,7,1,276.48,0.154,233.9
S002061,R030,T016,P003,2023-07-01,2023,7,1,2037.17,0.05,1935.31
S002062,R030,T016,P006,2023-07-01,2023,7,2,2545.56,0.17,2112.81
S002063,R030,T016,P001,2023-07-01,2023,7,2,1002.34,0.052,950.22
S002064,R030,T016,P004,2023-08-01,2023,8,1,580.1,0.178,476.84
S002065,R030,T016,P005,2023-08-01,2023,8,1,306.72,0.178,252.12
S002066,R030,T016,P001,2023-08-01,2023,8,2,988.05,0.162,827.99
S002067,R030,T016,P006,2023-08-01,2023,8,2,2604.9,0.124,2281.89
S002068,R030,T016,P006,2023-09-01,2023,9,1,960.71,0.05,912.67
S002069,R030,T016,P001,2023-09-01,2023,9,3,1421.72,0.073,1317.93
S002070,R030,T016,P002,2023-10-01,2023,10,1,1030.18,0.034,995.15
S002071,R030,T016,P003,2023-10-01,2023,10,2,3060.16,0.119,2696.0
S002072,R030,T016,P001,2023-10-01,2023,10,1,494.11,0.086,451.62
S002073,R030,T016,P004,2023-10-01,2023,10,1,245.95,0.129,214.22
S002074,R030,T016,P002,2023-11-01,2023,11,3,2258.98,0.068,2105.37
S002075,R030,T016,P003,2023-11-01,2023,11,2,2548.75,0.122,2237.8
S002076,R030,T016,P005,2023-11-01,2023,11,1,173.19,0.141,148.77
S002077,R030,T016,P001,2023-11-01,2023,11,1,561.17,0.129,488.78
S002078,R030,T016,P001,2023-12-01,2023,12,1,654.68,0.113,580.7
S002079,R030,T016,P006,2023-12-01,2023,12,1,987.28,0.15,839.19
S002080,R030,T016,P005,2023-12-01,2023,12,1,297.34,0.046,283.66
S002081,R030,T016,P002,2023-12-01,2023,12,1,959.75,0.111,853.22
S002082,R030,T016,P002,2024-01-01,2024,1,3,2043.08,0.032,1977.7
S002083,R030,T016,P006,2024-01-01,2024,1,2,2068.0,0.142,1774.34
S002084,R030,T016,P004,2024-01-01,2024,1,1,429.24,0.057,404.77
S002085,R030,T016,P001,2024-02-01,2024,2,2,898.7,0.096,812.42
S002086,R030,T016,P004,2024-02-01,2024,2,2,912.61,0.095,825.91
S002087,R030,T016,P006,2024-02-01,2024,2,1,404.66,0.082,371.48
S002088,R030,T016,P003,2024-02-01,2024,2,1,2320.18,0.105,2076.56
S002089,R030,T016,P006,2024-03-01,2024,3,1,1047.01,0.026,1019.79
S002090,R030,T016,P003,2024-03-01,2024,3,1,997.44,0.133,864.78
S002091,R030,T016,P002,2024-04-01,2024,4,1,966.84,0.138,833.42
S002092,R030,T016,P003,2024-04-01,2024,4,1,1822.18,0.136,1574.36
S002093,R030,T016,P006,2024-05-01,2024,5,2,1805.31,0.098,1628.39
S002094,R030,T016,P003,2024-05-01,2024,5,1,897.92,0.035,866.49
S002095,R030,T016,P005,2024-05-01,2024,5,1,406.13,0.136,350.9
S002096,R030,T016,P004,2024-06-01,2024,6,1,103.04,0.045,98.4
S002097,R030,T016,P003,2024-06-01,2024,6,1,955.86,0.086,873.66
S002098,R030,T016,P001,2024-07-01,2024,7,1,651.56,0.03,632.01
S002099,R030,T016,P003,2024-07-01,2024,7,1,2331.55,0.057,2198.65
S002100,R030,T016,P006,2024-07-01,2024,7,2,2422.44,0.101,2177.77
S002101,R030,T016,P001,2024-08-01,2024,8,1,760.76,0.125,665.66
S002102,R030,T016,P005,2024-08-01,2024,8,1,494.92,0.037,476.61
S002103,R030,T016,P006,2024-08-01,2024,8,2,1851.21,0.071,1719.77
S002104,R030,T016,P003,2024-08-01,2024,8,1,1212.32,0.035,1169.89
S002105,R030,T016,P006,2024-09-01,2024,9,1,722.7,0.044,690.9
S002106,R030,T016,P003,2024-09-01,2024,9,1,988.88,0.056,933.5
S002107,R030,T016,P002,2024-09-01,2024,9,1,1203.1,0.084,1102.04
S002108,R030,T016,P005,2024-10-01,2024,10,1,364.93,0.054,345.22
S002109,R030,T016,P003,2024-10-01,2024,10,1,2475.55,0.137,2136.4
S002110,R030,T016,P006,2024-11-01,2024,11,1,559.08,0.154,472.98
S002111,R030,T016,P003,2024-11-01,2024,11,2,2567.94,0.137,2216.13
S002112,R030,T016,P002,2024-11-01,2024,11,1,503.15,0.141,432.21
S002113,R030,T016,P004,2024-12-01,2024,12,2,649.11,0.028,630.93
S002114,R030,T016,P001,2024-12-01,2024,12,1,493.82,0.045,471.6
S002115,R030,T016,P005,2024-12-01,2024,12,1,271.98,0.09,247.5
S002116,R031,T021,P006,2023-01-01,2023,1,1,186.94,0.154,158.15
S002117,R031,T021,P005,2023-01-01,2023,1,1,178.05,0.165,148.67
S002118,R031,T021,P004,2023-02-01,2023,2,1,187.63,0.072,174.12
S002119,R031,T021,P002,2023-02-01,2023,2,1,252.65,0.121,222.08
S002120,R031,T021,P006,2023-03-01,2023,3,1,294.12,0.168,244.71
S002121,R031,T021,P004,2023-03-01,2023,3,1,161.57,0.113,143.31
S002122,R031,T021,P005,2023-03-01,2023,3,1,122.72,0.163,102.72
S002123,R031,T021,P002,2023-04-01,2023,4,1,649.67,0.136,561.31
S002124,R031,T021,P005,2023-04-01,2023,4,1,108.89,0.127,95.06
S002125,R031,T021,P003,2023-04-01,2023,4,1,487.88,0.072,452.75
S002126,R031,T021,P002,2023-05-01,2023,5,1,503.91,0.064,471.66
S002127,R031,T021,P005,2023-05-01,2023,5,1,63.17,0.069,58.81
S002128,R031,T021,P006,2023-06-01,2023,6,1,98.78,0.08,90.88
S002129,R031,T021,P004,2023-06-01,2023,6,1,168.84,0.168,140.47
S002130,R031,T021,P001,2023-06-01,2023,6,1,127.4,0.043,121.92
S002131,R031,T021,P005,2023-06-01,2023,6,1,213.83,0.02,209.55
S002132,R031,T021,P002,2023-07-01,2023,7,1,765.57,0.093,694.37
S002133,R031,T021,P004,2023-07-01,2023,7,1,130.69,0.048,124.42
S002134,R031,T021,P002,2023-08-01,2023,8,1,542.51,0.064,507.79
S002135,R031,T021,P004,2023-08-01,2023,8,1,140.01,0.09,127.41
S002136,R031,T021,P003,2023-09-01,2023,9,1,1153.63,0.152,978.28
S002137,R031,T021,P004,2023-09-01,2023,9,1,113.58,0.097,102.56
S002138,R031,T021,P004,2023-10-01,2023,10,1,106.27,0.02,104.14
S002139,R031,T021,P001,2023-10-01,2023,10,1,162.75,0.177,133.94
S002140,R031,T021,P003,2023-10-01,2023,10,1,822.88,0.102,738.95
S002141,R031,T021,P002,2023-11-01,2023,11,1,366.58,0.044,350.45
S002142,R031,T021,P003,2023-11-01,2023,11,1,817.57,0.038,786.5
S002143,R031,T021,P006,2023-11-01,2023,11,1,433.89,0.032,420.01
S002144,R031,T021,P001,2023-12-01,2023,12,1,181.0,0.093,164.17
S002145,R031,T021,P002,2023-12-01,2023,12,1,505.59,0.093,458.57
S002146,R031,T021,P002,2024-01-01,2024,1,1,527.29,0.106,471.4
S002147,R031,T021,P006,2024-01-01,2024,1,1,349.28,0.086,319.24
S002148,R031,T021,P004,2024-01-01,2024,1,1,41.32,0.074,38.26
S002149,R031,T021,P005,2024-01-01,2024,1,1,74.97,0.039,72.05
S002150,R031,T021,P006,2024-02-01,2024,2,1,372.75,0.103,334.36
S002151,R031,T021,P003,2024-02-01,2024,2,1,248.3,0.049,236.13
S002152,R031,T021,P002,2024-03-01,2024,3,1,263.24,0.173,217.7
S002153,R031,T021,P005,2024-03-01,2024,3,1,158.69,0.165,132.51
S002154,R031,T021,P004,2024-03-01,2024,3,1,107.93,0.053,102.21
S002155,R031,T021,P001,2024-03-01,2024,3,1,70.99,0.159,59.7
S002156,R031,T021,P003,2024-04-01,2024,4,1,257.77,0.173,213.18
S002157,R031,T021,P006,2024-04-01,2024,4,1,229.43,0.11,204.19
S002158,R031,T021,P005,2024-04-01,2024,4,1,279.67,0.098,252.26
S002159,R031,T021,P002,2024-04-01,2024,4,1,666.11,0.083,610.82
S002160,R031,T021,P001,2024-05-01,2024,5,1,119.19,0.115,105.48
S002161,R031,T021,P002,2024-05-01,2024,5,1,682.12,0.113,605.04
S002162,R031,T021,P004,2024-05-01,2024,5,1,244.97,0.175,202.1
S002163,R031,T021,P003,2024-06-01,2024,6,1,977.8,0.105,875.13
S002164,R031,T021,P005,2024-06-01,2024,6,1,53.51,0.159,45.0
S002165,R031,T021,P004,2024-06-01,2024,6,1,49.36,0.17,40.97
S002166,R031,T021,P001,2024-07-01,2024,7,1,297.45,0.148,253.43
S002167,R031,T021,P005,2024-07-01,2024,7,1,230.3,0.105,206.12
S002168,R031,T021,P003,2024-07-01,2024,7,1,613.92,0.066,573.4
S002169,R031,T021,P002,2024-07-01,2024,7,1,544.58,0.029,528.79
S002170,R031,T021,P006,2024-08-01,2024,8,1,402.2,0.062,377.26
S002171,R031,T021,P002,2024-08-01,2024,8,1,477.99,0.055,451.7
S002172,R031,T021,P003,2024-08-01,2024,8,1,173.88,0.091,158.06
S002173,R031,T021,P002,2024-09-01,2024,9,1,141.98,0.176,116.99
S002174,R031,T021,P003,2024-09-01,2024,9,1,770.68,0.105,689.76
S002175,R031,T021,P001,2024-09-01,2024,9,1,191.2,0.152,162.14
S002176,R031,T021,P001,2024-10-01,2024,10,1,394.96,0.12,347.56
S002177,R031,T021,P005,2024-10-01,2024,10,1,193.08,0.168,160.64
S002178,R031,T021,P006,2024-10-01,2024,10,1,169.25,0.121,148.77
S002179,R031,T021,P003,2024-11-01,2024,11,1,154.26,0.167,128.5
S002180,R031,T021,P002,2024-11-01,2024,11,1,161.81,0.091,147.09
S002181,R031,T021,P004,2024-11-01,2024,11,1,84.8,0.077,78.27
S002182,R031,T021,P005,2024-12-01,2024,12,1,83.36,0.032,80.69
S002183,R031,T021,P002,2024-12-01,2024,12,1,325.06,0.17,269.8
S002184,R031,T021,P004,2024-12-01,2024,12,1,81.99,0.178,67.4
S002185,R032,T011,P006,2023-01-01,2023,1,6,5734.73,0.177,4719.68
S002186,R032,T011,P004,2023-01-01,2023,1,3,1090.78,0.11,970.79
S002187,R032,T011,P005,2023-01-01,2023,1,6,1794.95,0.086,1640.58
S002188,R032,T011,P004,2023-02-01,2023,2,3,1220.09,0.059,1148.1
S002189,R032,T011,P005,2023-02-01,2023,2,4,1163.32,0.159,978.35
S002190,R032,T011,P001,2023-03-01,2023,3,3,1525.86,0.162,1278.67
S002191,R032,T011,P005,2023-03-01,2023,3,6,2017.2,0.062,1892.13
S002192,R032,T011,P003,2023-03-01,2023,3,3,4204.16,0.072,3901.46
S002193,R032,T011,P002,2023-03-01,2023,3,2,1740.18,0.079,1602.71
S002194,R032,T011,P006,2023-04-01,2023,4,1,1745.71,0.154,1476.87
S002195,R032,T011,P002,2023-04-01,2023,4,1,1018.51,0.048,969.62
S002196,R032,T011,P005,2023-04-01,2023,4,5,1512.52,0.103,1356.73
S002197,R032,T011,P001,2023-05-01,2023,5,2,1068.19,0.133,926.12
S002198,R032,T011,P004,2023-05-01,2023,5,3,1139.38,0.151,967.33
S002199,R032,T011,P002,2023-05-01,2023,5,3,2577.25,0.047,2456.12
S002200,R032,T011,P003,2023-06-01,2023,6,2,2518.55,0.11,2241.51
S002201,R032,T011,P006,2023-06-01,2023,6,2,2548.93,0.063,2388.35
S002202,R032,T011,P006,2023-07-01,2023,7,3,3535.31,0.063,3312.59
S002203,R032,T011,P003,2023-07-01,2023,7,7,8838.25,0.171,7326.91
S002204,R032,T011,P006,2023-08-01,2023,8,5,4481.73,0.077,4136.64
S002205,R032,T011,P001,2023-08-01,2023,8,5,2371.06,0.131,2060.45
S002206,R032,T011,P005,2023-08-01,2023,8,3,1019.2,0.06,958.05
S002207,R032,T011,P002,2023-09-01,2023,9,5,3745.17,0.054,3542.93
S002208,R032,T011,P005,2023-09-01,2023,9,1,465.29,0.076,429.93
S002209,R032,T011,P005,2023-10-01,2023,10,4,1402.95,0.122,1231.79
S002210,R032,T011,P003,2023-10-01,2023,10,3,4312.52,0.148,3674.27
S002211,R032,T011,P001,2023-10-01,2023,10,2,1247.41,0.056,1177.56
S002212,R032,T011,P005,2023-11-01,2023,11,1,418.56,0.073,388.01
S002213,R032,T011,P004,2023-11-01,2023,11,1,577.78,0.053,547.16
S002214,R032,T011,P004,2023-12-01,2023,12,3,959.17,0.024,936.15
S002215,R032,T011,P001,2023-12-01,2023,12,2,1103.38,0.083,1011.8
S002216,R032,T011,P005,2023-12-01,2023,12,1,374.06,0.127,326.55
S002217,R032,T011,P006,2023-12-01,2023,12,3,2769.67,0.125,2423.46
S002218,R032,T011,P002,2024-01-01,2024,1,1,1029.3,0.081,945.93
S002219,R032,T011,P001,2024-01-01,2024,1,2,876.86,0.136,757.61
S002220,R032,T011,P006,2024-01-01,2024,1,5,4838.95,0.062,4538.94
S002221,R032,T011,P003,2024-02-01,2024,2,1,1161.41,0.166,968.62
S002222,R032,T011,P006,2024-02-01,2024,2,7,6486.63,0.068,6045.54
S002223,R032,T011,P006,2024-03-01,2024,3,3,3359.39,0.029,3261.97
S002224,R032,T011,P005,2024-03-01,2024,3,1,563.21,0.126,492.25
S002225,R032,T011,P004,2024-03-01,2024,3,1,521.54,0.155,440.7
S002226,R032,T011,P001,2024-03-01,2024,3,3,1552.59,0.141,1333.67
S002227,R032,T011,P001,2024-04-01,2024,4,3,1662.91,0.038,1599.72
S002228,R032,T011,P003,2024-04-01,2024,4,3,4859.12,0.074,4499.55
S002229,R032,T011,P002,2024-04-01,2024,4,4,2925.2,0.17,2427.92
S002230,R032,T011,P004,2024-04-01,2024,4,5,1616.79,0.089,1472.9
S002231,R032,T011,P003,2024-05-01,2024,5,2,3059.36,0.175,2523.97
S002232,R032,T011,P005,2024-05-01,2024,5,1,333.24,0.077,307.58
S002233,R032,T011,P002,2024-05-01,2024,5,3,2258.16,0.1,2032.34
S002234,R032,T011,P006,2024-05-01,2024,5,2,2189.16,0.154,1852.03
S002235,R032,T011,P003,2024-06-01,2024,6,1,1398.01,0.168,1163.14
S002236,R032,T011,P001,2024-06-01,2024,6,1,481.8,0.054,455.78
S002237,R032,T011,P002,2024-06-01,2024,6,4,3001.1,0.154,2538.93
S002238,R032,T011,P004,2024-06-01,2024,6,2,707.94,0.058,666.88
S002239,R032,T011,P003,2024-07-01,2024,7,2,2565.85,0.086,2345.19
S002240,R032,T011,P004,2024-07-01,2024,7,4,1432.07,0.07,1331.83
S002241,R032,T011,P001,2024-07-01,2024,7,1,501.64,0.043,480.07
S002242,R032,T011,P006,2024-08-01,2024,8,2,1899.58,0.176,1565.25
S002243,R032,T011,P005,2024-08-01,2024,8,3,999.59,0.036,963.6
S002244,R032,T011,P004,2024-08-01,2024,8,3,1081.72,0.084,990.86
S002245,R032,T011,P006,2024-09-01,2024,9,1,1181.52,0.091,1074.0
S002246,R032,T011,P002,2024-09-01,2024,9,4,2992.42,0.154,2531.59
S002247,R032,T011,P001,2024-10-01,2024,10,1,639.89,0.072,593.82
S002248,R032,T011,P005,2024-10-01,2024,10,4,1193.37,0.06,1121.77
S002249,R032,T011,P003,2024-10-01,2024,10,4,5698.99,0.173,4713.06
S002250,R032,T011,P004,2024-10-01,2024,10,2,825.43,0.123,723.9
S002251,R032,T011,P001,2024-11-01,2024,11,4,2090.6,0.087,1908.72
S002252,R032,T011,P006,2024-11-01,2024,11,2,1933.1,0.076,1786.18
S002253,R032,T011,P003,2024-12-01,2024,12,2,2687.95,0.024,2623.44
S002254,R032,T011,P005,2024-12-01,2024,12,4,1376.32,0.105,1231.81
S002255,R033,T037,P003,2023-01-01,2023,1,14,18689.86,0.076,17269.43
S002256,R033,T037,P005,2023-01-01,2023,1,6,1834.59,0.124,1607.1
S002257,R033,T037,P004,2023-01-01,2023,1,9,2998.71,0.154,2536.91
S002258,R033,T037,P001,2023-01-01,2023,1,9,3917.71,0.133,3396.65
S002259,R033,T037,P001,2023-02-01,2023,2,2,907.44,0.036,874.77
S002260,R033,T037,P004,2023-02-01,2023,2,1,515.54,0.09,469.14
S002261,R033,T037,P006,2023-02-01,2023,2,5,5194.62,0.129,4524.51
S002262,R033,T037,P006,2023-03-01,2023,3,7,6427.02,0.099,5790.75
S002263,R033,T037,P004,2023-03-01,2023,3,11,3579.37,0.153,3031.73
S002264,R033,T037,P006,2023-04-01,2023,4,14,12794.13,0.139,11015.75
S002265,R033,T037,P001,2023-04-01,2023,4,16,6764.83,0.167,5635.1
S002266,R033,T037,P002,2023-04-01,2023,4,2,1899.4,0.153,1608.79
S002267,R033,T037,P004,2023-04-01,2023,4,8,2705.24,0.129,2356.26
S002268,R033,T037,P001,2023-05-01,2023,5,11,4650.46,0.1,4185.41
S002269,R033,T037,P004,2023-05-01,2023,5,7,2334.78,0.169,1940.2
S002270,R033,T037,P002,2023-05-01,2023,5,13,9398.33,0.023,9182.17
S002271,R033,T037,P005,2023-06-01,2023,6,13,3901.53,0.057,3679.14
S002272,R033,T037,P002,2023-06-01,2023,6,9,6412.24,0.08,5899.26
S002273,R033,T037,P006,2023-07-01,2023,7,10,9072.27,0.023,8863.61
S002274,R033,T037,P003,2023-07-01,2023,7,6,7960.37,0.057,7506.63
S002275,R033,T037,P004,2023-08-01,2023,8,7,2261.66,0.105,2024.19
S002276,R033,T037,P003,2023-08-01,2023,8,15,19435.88,0.089,17706.09
S002277,R033,T037,P006,2023-09-01,2023,9,9,8874.54,0.03,8608.3
S002278,R033,T037,P001,2023-09-01,2023,9,16,6968.66,0.029,6766.57
S002279,R033,T037,P004,2023-10-01,2023,10,10,3114.82,0.086,2846.95
S002280,R033,T037,P003,2023-10-01,2023,10,4,5931.76,0.13,5160.63
S002281,R033,T037,P005,2023-10-01,2023,10,11,3249.7,0.075,3005.97
S002282,R033,T037,P006,2023-10-01,2023,10,12,10700.87,0.163,8956.63
S002283,R033,T037,P005,2023-11-01,2023,11,5,1639.57,0.043,1569.07
S002284,R033,T037,P003,2023-11-01,2023,11,1,2465.75,0.136,2130.41
S002285,R033,T037,P002,2023-11-01,2023,11,18,12687.71,0.141,10898.74
S002286,R033,T037,P006,2023-11-01,2023,11,8,7846.15,0.137,6771.23
S002287,R033,T037,P006,2023-12-01,2023,12,3,2918.08,0.144,2497.88
S002288,R033,T037,P001,2023-12-01,2023,12,5,2209.44,0.11,1966.4
S002289,R033,T037,P002,2023-12-01,2023,12,3,2303.69,0.083,2112.48
S002290,R033,T037,P005,2023-12-01,2023,12,9,2704.2,0.145,2312.09
S002291,R033,T037,P004,2024-01-01,2024,1,8,2512.01,0.08,2311.05
S002292,R033,T037,P002,2024-01-01,2024,1,11,7950.8,0.162,6662.77
S002293,R033,T037,P003,2024-01-01,2024,1,5,7337.45,0.153,6214.82
S002294,R033,T037,P002,2024-02-01,2024,2,9,6370.03,0.03,6178.93
S002295,R033,T037,P001,2024-02-01,2024,2,10,4509.99,0.038,4338.61
S002296,R033,T037,P005,2024-03-01,2024,3,7,2054.06,0.113,1821.95
S002297,R033,T037,P004,2024-03-01,2024,3,5,1692.05,0.058,1593.91
S002298,R033,T037,P002,2024-04-01,2024,4,6,4752.67,0.05,4515.04
S002299,R033,T037,P004,2024-04-01,2024,4,8,2685.35,0.089,2446.35
S002300,R033,T037,P001,2024-04-01,2024,4,19,7997.38,0.025,7797.45
S002301,R033,T037,P005,2024-05-01,2024,5,16,4835.18,0.058,4554.74
S002302,R033,T037,P006,2024-05-01,2024,5,9,8830.05,0.091,8026.52
S002303,R033,T037,P001,2024-05-01,2024,5,2,1016.16,0.085,929.79
S002304,R033,T037,P004,2024-05-01,2024,5,2,664.04,0.079,611.58
S002305,R033,T037,P005,2024-06-01,2024,6,5,1709.91,0.169,1420.94
S002306,R033,T037,P006,2024-06-01,2024,6,10,9720.41,0.13,8456.76
S002307,R033,T037,P003,2024-06-01,2024,6,10,12815.02,0.099,11546.33
S002308,R033,T037,P004,2024-06-01,2024,6,4,1311.75,0.046,1251.41
S002309,R033,T037,P005,2024-07-01,2024,7,7,2051.58,0.176,1690.5
S002310,R033,T037,P002,2024-07-01,2024,7,13,9343.55,0.059,8792.28
S002311,R033,T037,P004,2024-07-01,2024,7,13,4117.4,0.109,3668.6
S002312,R033,T037,P003,2024-07-01,2024,7,3,4623.32,0.071,4295.06
S002313,R033,T037,P003,2024-08-01,2024,8,12,16062.59,0.05,15259.46
S002314,R033,T037,P002,2024-08-01,2024,8,4,3130.34,0.081,2876.78
S002315,R033,T037,P006,2024-08-01,2024,8,7,6412.97,0.063,6008.95
S002316,R033,T037,P004,2024-09-01,2024,9,11,3563.29,0.108,3178.45
S002317,R033,T037,P006,2024-09-01,2024,9,6,5734.07,0.076,5298.28
S002318,R033,T037,P002,2024-09-01,2024,9,5,3709.61,0.137,3201.39
S002319,R033,T037,P004,2024-10-01,2024,10,14,4563.45,0.035,4403.73
S002320,R033,T037,P002,2024-10-01,2024,10,5,3849.41,0.116,3402.88
S002321,R033,T037,P006,2024-10-01,2024,10,6,5577.52,0.15,4740.89
S002322,R033,T037,P001,2024-11-01,2024,11,14,6060.8,0.118,5345.63
S002323,R033,T037,P005,2024-11-01,2024,11,11,3377.34,0.106,3019.34
S002324,R033,T037,P001,2024-12-01,2024,12,12,5106.62,0.162,4279.35
S002325,R033,T037,P002,2024-12-01,2024,12,1,984.19,0.171,815.89
S002326,R033,T037,P005,2024-12-01,2024,12,7,2180.02,0.025,2125.52
S002327,R033,T037,P006,2024-12-01,2024,12,7,6605.61,0.088,6024.32
S002328,R034,T036,P005,2023-01-01,2023,1,1,386.33,0.029,375.13
S002329,R034,T036,P003,2023-01-01,2023,1,5,7034.45,0.038,6767.14
S002330,R034,T036,P002,2023-01-01,2023,1,9,6549.56,0.162,5488.53
S002331,R034,T036,P005,2023-02-01,2023,2,2,727.72,0.139,626.57
S002332,R034,T036,P004,2023-02-01,2023,2,5,1580.02,0.098,1425.18
S002333,R034,T036,P003,2023-03-01,2023,3,5,7378.84,0.155,6235.12
S002334,R034,T036,P006,2023-03-01,2023,3,4,3563.89,0.085,3260.96
S002335,R034,T036,P006,2023-04-01,2023,4,8,7654.48,0.107,6835.45
S002336,R034,T036,P005,2023-04-01,2023,4,9,2814.3,0.062,2639.81
S002337,R034,T036,P002,2023-04-01,2023,4,1,1259.76,0.037,1213.15
S002338,R034,T036,P001,2023-05-01,2023,5,3,1358.8,0.129,1183.51
S002339,R034,T036,P006,2023-05-01,2023,5,3,2800.27,0.16,2352.23
S002340,R034,T036,P005,2023-05-01,2023,5,6,2008.21,0.115,1777.27
S002341,R034,T036,P006,2023-06-01,2023,6,1,1282.55,0.117,1132.49
S002342,R034,T036,P001,2023-06-01,2023,6,5,2378.39,0.106,2126.28
S002343,R034,T036,P003,2023-07-01,2023,7,2,2741.44,0.168,2280.88
S002344,R034,T036,P002,2023-07-01,2023,7,6,4141.28,0.041,3971.49
S002345,R034,T036,P004,2023-07-01,2023,7,4,1540.64,0.093,1397.36
S002346,R034,T036,P005,2023-08-01,2023,8,4,1444.12,0.146,1233.28
S002347,R034,T036,P004,2023-08-01,2023,8,3,931.51,0.02,912.88
S002348,R034,T036,P006,2023-08-01,2023,8,4,4007.82,0.092,3639.1
S002349,R034,T036,P004,2023-09-01,2023,9,9,3013.07,0.075,2787.09
S002350,R034,T036,P001,2023-09-01,2023,9,3,1433.03,0.171,1187.98
S002351,R034,T036,P005,2023-10-01,2023,10,3,1132.69,0.063,1061.33
S002352,R034,T036,P002,2023-10-01,2023,10,7,4770.64,0.086,4360.36
S002353,R034,T036,P002,2023-11-01,2023,11,8,5516.58,0.146,4711.16
S002354,R034,T036,P003,2023-11-01,2023,11,3,4662.82,0.036,4494.96
S002355,R034,T036,P006,2023-11-01,2023,11,7,6411.56,0.055,6058.92
S002356,R034,T036,P005,2023-12-01,2023,12,3,1029.72,0.135,890.71
S002357,R034,T036,P003,2023-12-01,2023,12,4,6128.43,0.074,5674.93
S002358,R034,T036,P002,2023-12-01,2023,12,8,5524.55,0.06,5193.08
S002359,R034,T036,P004,2024-01-01,2024,1,5,1859.79,0.044,1777.96
S002360,R034,T036,P003,2024-01-01,2024,1,5,6365.84,0.033,6155.77
S002361,R034,T036,P006,2024-02-01,2024,2,7,6654.52,0.129,5796.09
S002362,R034,T036,P002,2024-02-01,2024,2,3,2389.79,0.033,2310.93
S002363,R034,T036,P005,2024-03-01,2024,3,6,1806.67,0.151,1533.86
S002364,R034,T036,P004,2024-03-01,2024,3,2,914.3,0.151,776.24
S002365,R034,T036,P002,2024-03-01,2024,3,5,3406.69,0.029,3307.9
S002366,R034,T036,P004,2024-04-01,2024,4,3,1179.03,0.133,1022.22
S002367,R034,T036,P006,2024-04-01,2024,4,2,2357.1,0.163,1972.89
S002368,R034,T036,P005,2024-05-01,2024,5,2,630.41,0.132,547.2
S002369,R034,T036,P002,2024-05-01,2024,5,3,2354.49,0.179,1933.04
S002370,R034,T036,P006,2024-05-01,2024,5,3,3017.14,0.065,2821.03
S002371,R034,T036,P003,2024-05-01,2024,5,6,7968.93,0.151,6765.62
S002372,R034,T036,P002,2024-06-01,2024,6,2,1802.26,0.17,1495.88
S002373,R034,T036,P006,2024-06-01,2024,6,8,7687.0,0.16,6457.08
S002374,R034,T036,P001,2024-07-01,2024,7,8,3551.15,0.156,2997.17
S002375,R034,T036,P003,2024-07-01,2024,7,4,5759.74,0.115,5097.37
S002376,R034,T036,P004,2024-08-01,2024,8,4,1352.6,0.165,1129.42
S002377,R034,T036,P006,2024-08-01,2024,8,6,5935.53,0.048,5650.62
S002378,R034,T036,P003,2024-09-01,2024,9,2,2590.13,0.048,2465.8
S002379,R034,T036,P001,2024-09-01,2024,9,2,841.05,0.171,697.23
S002380,R034,T036,P005,2024-09-01,2024,9,3,962.19,0.059,905.42
S002381,R034,T036,P004,2024-09-01,2024,9,4,1480.6,0.026,1442.1
S002382,R034,T036,P002,2024-10-01,2024,10,5,3642.8,0.12,3205.66
S002383,R034,T036,P006,2024-10-01,2024,10,4,4071.99,0.094,3689.22
S002384,R034,T036,P005,2024-10-01,2024,10,1,267.38,0.102,240.11
S002385,R034,T036,P003,2024-10-01,2024,10,2,3164.31,0.024,3088.37
S002386,R034,T036,P003,2024-11-01,2024,11,7,9661.31,0.168,8038.21
S002387,R034,T036,P006,2024-11-01,2024,11,5,4599.67,0.178,3780.93
S002388,R034,T036,P001,2024-11-01,2024,11,5,2406.33,0.159,2023.72
S002389,R034,T036,P004,2024-11-01,2024,11,3,1159.08,0.102,1040.85
S002390,R034,T036,P002,2024-12-01,2024,12,2,1868.07,0.136,1614.01
S002391,R034,T036,P004,2024-12-01,2024,12,2,748.84,0.022,732.37
S002392,R034,T036,P005,2024-12-01,2024,12,8,2409.52,0.094,2183.03
S002393,R034,T036,P001,2024-12-01,2024,12,2,1124.28,0.125,983.74
S002394,R035,T035,P002,2023-01-01,2023,1,5,3652.19,0.065,3414.8
S002395,R035,T035,P006,2023-01-01,2023,1,4,4391.22,0.101,3947.71
S002396,R035,T035,P004,2023-01-01,2023,1,2,855.78,0.061,803.58
S002397,R035,T035,P001,2023-01-01,2023,1,4,1906.72,0.093,1729.4
S002398,R035,T035,P001,2023-02-01,2023,2,5,2514.86,0.169,2089.85
S002399,R035,T035,P003,2023-02-01,2023,2,2,3534.85,0.079,3255.6
S002400,R035,T035,P006,2023-03-01,2023,3,6,5701.43,0.154,4823.41
S002401,R035,T035,P003,2023-03-01,2023,3,9,12439.06,0.026,12115.64
S002402,R035,T035,P005,2023-03-01,2023,3,3,965.5,0.134,836.12
S002403,R035,T035,P002,2023-04-01,2023,4,9,6257.0,0.074,5793.98
S002404,R035,T035,P004,2023-04-01,2023,4,8,2481.77,0.091,2255.93
S002405,R035,T035,P001,2023-04-01,2023,4,2,873.45,0.059,821.92
S002406,R035,T035,P003,2023-04-01,2023,4,1,2228.44,0.174,1840.69
S002407,R035,T035,P001,2023-05-01,2023,5,1,836.87,0.163,700.46
S002408,R035,T035,P002,2023-05-01,2023,5,5,3610.56,0.07,3357.82
S002409,R035,T035,P003,2023-05-01,2023,5,5,6722.38,0.142,5767.8
S002410,R035,T035,P006,2023-05-01,2023,5,3,2786.17,0.145,2382.18
S002411,R035,T035,P005,2023-06-01,2023,6,2,857.95,0.167,714.67
S002412,R035,T035,P004,2023-06-01,2023,6,5,1563.55,0.075,1446.28
S002413,R035,T035,P002,2023-07-01,2023,7,4,3329.5,0.139,2866.7
S002414,R035,T035,P004,2023-07-01,2023,7,4,1523.12,0.076,1407.36
S002415,R035,T035,P006,2023-08-01,2023,8,6,5595.42,0.136,4834.44
S002416,R035,T035,P002,2023-08-01,2023,8,7,5066.63,0.13,4407.97
S002417,R035,T035,P005,2023-08-01,2023,8,6,1997.0,0.053,1891.16
S002418,R035,T035,P004,2023-08-01,2023,8,4,1350.23,0.142,1158.5
S002419,R035,T035,P004,2023-09-01,2023,9,3,1201.67,0.052,1139.18
S002420,R035,T035,P001,2023-09-01,2023,9,6,2535.99,0.108,2262.1
S002421,R035,T035,P003,2023-09-01,2023,9,1,1128.05,0.065,1054.73
S002422,R035,T035,P005,2023-09-01,2023,9,1,178.89,0.032,173.17
S002423,R035,T035,P002,2023-10-01,2023,10,4,2875.69,0.109,2562.24
S002424,R035,T035,P005,2023-10-01,2023,10,1,407.52,0.166,339.87
S002425,R035,T035,P006,2023-10-01,2023,10,4,4371.95,0.116,3864.8
S002426,R035,T035,P004,2023-11-01,2023,11,3,1082.9,0.138,933.46
S002427,R035,T035,P002,2023-11-01,2023,11,3,2551.33,0.037,2456.93
S002428,R035,T035,P003,2023-11-01,2023,11,3,4793.49,0.023,4683.24
S002429,R035,T035,P003,2023-12-01,2023,12,1,1484.57,0.055,1402.92
S002430,R035,T035,P001,2023-12-01,2023,12,3,1437.02,0.102,1290.44
S002431,R035,T035,P004,2023-12-01,2023,12,3,1033.97,0.03,1002.95
S002432,R035,T035,P006,2024-01-01,2024,1,3,3423.0,0.071,3179.97
S002433,R035,T035,P005,2024-01-01,2024,1,1,338.11,0.066,315.79
S002434,R035,T035,P004,2024-02-01,2024,2,3,994.6,0.108,887.18
S002435,R035,T035,P003,2024-02-01,2024,2,4,5584.19,0.05,5304.98
S002436,R035,T035,P001,2024-02-01,2024,2,3,1312.11,0.038,1262.25
S002437,R035,T035,P005,2024-02-01,2024,2,3,1049.72,0.129,914.31
S002438,R035,T035,P002,2024-03-01,2024,3,3,2690.37,0.099,2424.02
S002439,R035,T035,P003,2024-03-01,2024,3,2,2507.64,0.155,2118.96
S002440,R035,T035,P005,2024-04-01,2024,4,1,553.94,0.161,464.76
S002441,R035,T035,P006,2024-04-01,2024,4,7,6886.5,0.054,6514.63
S002442,R035,T035,P003,2024-04-01,2024,4,4,5264.67,0.158,4432.85
S002443,R035,T035,P004,2024-05-01,2024,5,1,392.59,0.072,364.32
S002444,R035,T035,P006,2024-05-01,2024,5,2,2613.29,0.148,2226.52
S002445,R035,T035,P003,2024-05-01,2024,5,7,9331.56,0.137,8053.14
S002446,R035,T035,P001,2024-05-01,2024,5,4,2083.8,0.14,1792.07
S002447,R035,T035,P003,2024-06-01,2024,6,5,6708.17,0.135,5802.57
S002448,R035,T035,P002,2024-06-01,2024,6,2,1554.14,0.175,1282.17
S002449,R035,T035,P003,2024-07-01,2024,7,1,1081.47,0.069,1006.85
S002450,R035,T035,P006,2024-07-01,2024,7,1,1110.31,0.023,1084.77
S002451,R035,T035,P001,2024-08-01,2024,8,3,1348.45,0.116,1192.03
S002452,R035,T035,P005,2024-08-01,2024,8,2,828.12,0.17,687.34
S002453,R035,T035,P004,2024-08-01,2024,8,2,725.56,0.076,670.42
S002454,R035,T035,P006,2024-09-01,2024,9,3,2913.41,0.092,2645.38
S002455,R035,T035,P001,2024-09-01,2024,9,4,1807.84,0.128,1576.44
S002456,R035,T035,P006,2024-10-01,2024,10,1,1189.9,0.103,1067.34
S002457,R035,T035,P004,2024-10-01,2024,10,2,680.2,0.133,589.73
S002458,R035,T035,P003,2024-10-01,2024,10,4,6008.74,0.111,5341.77
S002459,R035,T035,P005,2024-10-01,2024,10,1,448.87,0.11,399.49
S002460,R035,T035,P005,2024-11-01,2024,11,4,1170.8,0.043,1120.46
S002461,R035,T035,P004,2024-11-01,2024,11,6,1975.21,0.16,1659.18
S002462,R035,T035,P005,2024-12-01,2024,12,2,714.24,0.158,601.39
S002463,R035,T035,P006,2024-12-01,2024,12,2,2662.97,0.128,2322.11
S002464,R035,T035,P003,2024-12-01,2024,12,3,4205.04,0.031,4074.68
S002465,R036,T019,P006,2023-01-01,2023,1,1,528.41,0.041,506.75
S002466,R036,T019,P004,2023-01-01,2023,1,2,715.82,0.025,697.92
S002467,R036,T019,P005,2023-02-01,2023,2,1,231.18,0.114,204.83
S002468,R036,T019,P004,2023-02-01,2023,2,1,582.7,0.179,478.4
S002469,R036,T019,P002,2023-02-01,2023,2,1,281.65,0.16,236.59
S002470,R036,T019,P001,2023-02-01,2023,2,1,544.83,0.14,468.55
S002471,R036,T019,P003,2023-03-01,2023,3,2,2577.47,0.099,2322.3
S002472,R036,T019,P002,2023-03-01,2023,3,1,1146.48,0.036,1105.21
S002473,R036,T019,P001,2023-03-01,2023,3,1,622.05,0.057,586.59
S002474,R036,T019,P006,2023-03-01,2023,3,1,1669.61,0.095,1511.0
S002475,R036,T019,P001,2023-04-01,2023,4,2,961.01,0.024,937.95
S002476,R036,T019,P003,2023-04-01,2023,4,2,3099.71,0.027,3016.02
S002477,R036,T019,P006,2023-05-01,2023,5,1,313.52,0.06,294.71
S002478,R036,T019,P001,2023-05-01,2023,5,2,951.01,0.178,781.73
S002479,R036,T019,P002,2023-06-01,2023,6,2,1738.58,0.13,1512.56
S002480,R036,T019,P004,2023-06-01,2023,6,1,265.43,0.036,255.87
S002481,R036,T019,P006,2023-07-01,2023,7,1,556.94,0.17,462.26
S002482,R036,T019,P001,2023-07-01,2023,7,1,266.87,0.161,223.9
S002483,R036,T019,P001,2023-08-01,2023,8,1,475.37,0.091,432.11
S002484,R036,T019,P003,2023-08-01,2023,8,1,939.43,0.102,843.61
S002485,R036,T019,P002,2023-08-01,2023,8,1,936.88,0.157,789.79
S002486,R036,T019,P005,2023-08-01,2023,8,1,294.96,0.173,243.93
S002487,R036,T019,P001,2023-09-01,2023,9,1,406.09,0.153,343.96
S002488,R036,T019,P003,2023-09-01,2023,9,1,747.73,0.135,646.79
S002489,R036,T019,P005,2023-09-01,2023,9,1,117.59,0.164,98.31
S002490,R036,T019,P002,2023-09-01,2023,9,1,700.03,0.082,642.63
S002491,R036,T019,P002,2023-10-01,2023,10,1,420.66,0.098,379.44
S002492,R036,T019,P006,2023-10-01,2023,10,2,1792.55,0.163,1500.36
S002493,R036,T019,P004,2023-11-01,2023,11,1,224.18,0.059,210.95
S002494,R036,T019,P003,2023-11-01,2023,11,1,1052.44,0.055,994.56
S002495,R036,T019,P002,2023-11-01,2023,11,1,660.26,0.032,639.13
S002496,R036,T019,P005,2023-11-01,2023,11,1,557.51,0.1,501.76
S002497,R036,T019,P004,2023-12-01,2023,12,1,238.17,0.096,215.31
S002498,R036,T019,P001,2023-12-01,2023,12,1,803.35,0.149,683.65
S002499,R036,T019,P002,2023-12-01,2023,12,1,1249.09,0.058,1176.64
S002500,R036,T019,P006,2024-01-01,2024,1,1,620.56,0.17,515.06
S002501,R036,T019,P003,2024-01-01,2024,1,1,1336.82,0.15,1136.3
S002502,R036,T019,P006,2024-02-01,2024,2,1,762.37,0.079,702.14
S002503,R036,T019,P001,2024-02-01,2024,2,2,920.27,0.106,822.72
S002504,R036,T019,P002,2024-03-01,2024,3,1,222.54,0.174,183.82
S002505,R036,T019,P001,2024-03-01,2024,3,2,906.37,0.026,882.8
S002506,R036,T019,P006,2024-03-01,2024,3,1,511.13,0.072,474.33
S002507,R036,T019,P005,2024-04-01,2024,4,1,168.92,0.088,154.06
S002508,R036,T019,P002,2024-04-01,2024,4,2,1573.5,0.041,1508.99
S002509,R036,T019,P001,2024-04-01,2024,4,1,739.75,0.076,683.53
S002510,R036,T019,P004,2024-04-01,2024,4,1,560.2,0.062,525.47
S002511,R036,T019,P005,2024-05-01,2024,5,2,768.79,0.117,678.84
S002512,R036,T019,P002,2024-05-01,2024,5,1,1168.98,0.048,1112.87
S002513,R036,T019,P003,2024-05-01,2024,5,1,1877.67,0.144,1607.29
S002514,R036,T019,P001,2024-06-01,2024,6,1,706.41,0.152,599.04
S002515,R036,T019,P002,2024-06-01,2024,6,2,1795.23,0.093,1628.27
S002516,R036,T019,P005,2024-07-01,2024,7,1,130.67,0.074,121.0
S002517,R036,T019,P002,2024-07-01,2024,7,1,1330.86,0.15,1131.23
S002518,R036,T019,P005,2024-08-01,2024,8,1,572.5,0.111,508.95
S002519,R036,T019,P004,2024-08-01,2024,8,1,264.6,0.104,237.08
S002520,R036,T019,P002,2024-09-01,2024,9,1,1249.77,0.146,1067.3
S002521,R036,T019,P003,2024-09-01,2024,9,1,1690.3,0.118,1490.84
S002522,R036,T019,P002,2024-10-01,2024,10,1,1253.27,0.033,1211.91
S002523,R036,T019,P003,2024-10-01,2024,10,1,1238.03,0.109,1103.08
S002524,R036,T019,P005,2024-10-01,2024,10,1,220.73,0.036,212.78
S002525,R036,T019,P002,2024-11-01,2024,11,1,1014.66,0.034,980.16
S002526,R036,T019,P003,2024-11-01,2024,11,2,3338.72,0.023,3261.93
S002527,R036,T019,P005,2024-12-01,2024,12,1,359.68,0.083,329.83
S002528,R036,T019,P004,2024-12-01,2024,12,2,713.14,0.088,650.38
S002529,R036,T019,P003,2024-12-01,2024,12,2,3289.7,0.093,2983.76
S002530,R036,T019,P002,2024-12-01,2024,12,1,1355.81,0.163,1134.81
S002531,R037,T020,P006,2023-01-01,2023,1,12,11261.45,0.08,10360.53
S002532,R037,T020,P002,2023-01-01,2023,1,21,14404.46,0.122,12647.12
S002533,R037,T020,P004,2023-01-01,2023,1,25,7833.31,0.144,6705.31
S002534,R037,T020,P005,2023-01-01,2023,1,6,1998.78,0.178,1643.0
S002535,R037,T020,P002,2023-02-01,2023,2,10,6802.94,0.127,5938.97
S002536,R037,T020,P004,2023-02-01,2023,2,23,7278.41,0.082,6681.58
S002537,R037,T020,P004,2023-03-01,2023,3,6,1913.63,0.161,1605.54
S002538,R037,T020,P001,2023-03-01,2023,3,18,7860.27,0.178,6461.14
S002539,R037,T020,P003,2023-03-01,2023,3,9,11527.66,0.154,9752.4
S002540,R037,T020,P001,2023-04-01,2023,4,8,3446.95,0.071,3202.22
S002541,R037,T020,P003,2023-04-01,2023,4,12,15740.37,0.122,13820.04
S002542,R037,T020,P004,2023-04-01,2023,4,7,2472.18,0.073,2291.71
S002543,R037,T020,P002,2023-05-01,2023,5,5,3951.15,0.173,3267.6
S002544,R037,T020,P004,2023-05-01,2023,5,5,1814.36,0.121,1594.82
S002545,R037,T020,P005,2023-06-01,2023,6,14,4163.99,0.047,3968.28
S002546,R037,T020,P004,2023-06-01,2023,6,24,7703.95,0.17,6394.28
S002547,R037,T020,P001,2023-07-01,2023,7,14,5999.34,0.102,5387.41
S002548,R037,T020,P002,2023-07-01,2023,7,16,11413.19,0.152,9678.39
S002549,R037,T020,P002,2023-08-01,2023,8,14,10156.02,0.144,8693.55
S002550,R037,T020,P006,2023-08-01,2023,8,18,16782.14,0.058,15808.78
S002551,R037,T020,P003,2023-08-01,2023,8,9,12135.65,0.167,10109.0
S002552,R037,T020,P001,2023-08-01,2023,8,14,5933.79,0.049,5643.03
S002553,R037,T020,P005,2023-09-01,2023,9,15,4432.27,0.048,4219.52
S002554,R037,T020,P001,2023-09-01,2023,9,15,6418.85,0.04,6162.1
S002555,R037,T020,P003,2023-09-01,2023,9,5,6669.31,0.061,6262.48
S002556,R037,T020,P004,2023-09-01,2023,9,13,4083.54,0.108,3642.52
S002557,R037,T020,P003,2023-10-01,2023,10,19,24834.71,0.092,22549.92
S002558,R037,T020,P002,2023-10-01,2023,10,5,3848.39,0.062,3609.79
S002559,R037,T020,P005,2023-10-01,2023,10,3,952.24,0.142,817.02
S002560,R037,T020,P004,2023-10-01,2023,10,20,6423.44,0.075,5941.68
S002561,R037,T020,P006,2023-11-01,2023,11,12,11131.79,0.122,9773.71
S002562,R037,T020,P004,2023-11-01,2023,11,4,1322.89,0.088,1206.48
S002563,R037,T020,P002,2023-11-01,2023,11,17,11791.82,0.034,11390.9
S002564,R037,T020,P006,2023-12-01,2023,12,3,3055.69,0.039,2936.52
S002565,R037,T020,P001,2023-12-01,2023,12,17,7298.89,0.179,5992.39
S002566,R037,T020,P004,2023-12-01,2023,12,11,3659.12,0.063,3428.6
S002567,R037,T020,P003,2023-12-01,2023,12,16,20842.31,0.102,18716.39
S002568,R037,T020,P001,2024-01-01,2024,1,6,2655.44,0.106,2373.96
S002569,R037,T020,P004,2024-01-01,2024,1,12,3939.79,0.031,3817.66
S002570,R037,T020,P003,2024-01-01,2024,1,16,20777.36,0.114,18408.74
S002571,R037,T020,P005,2024-01-01,2024,1,9,2668.92,0.162,2236.55
S002572,R037,T020,P003,2024-02-01,2024,2,21,26299.48,0.039,25273.8
S002573,R037,T020,P005,2024-02-01,2024,2,8,2550.51,0.127,2226.6
S002574,R037,T020,P002,2024-03-01,2024,3,8,5680.72,0.132,4930.86
S002575,R037,T020,P003,2024-03-01,2024,3,7,9558.18,0.023,9338.34
S002576,R037,T020,P001,2024-04-01,2024,4,10,4351.69,0.118,3838.19
S002577,R037,T020,P005,2024-04-01,2024,4,11,3220.71,0.055,3043.57
S002578,R037,T020,P006,2024-04-01,2024,4,7,6682.36,0.164,5586.45
S002579,R037,T020,P004,2024-04-01,2024,4,8,2563.21,0.024,2501.69
S002580,R037,T020,P005,2024-05-01,2024,5,11,3453.88,0.098,3115.4
S002581,R037,T020,P003,2024-05-01,2024,5,11,14846.52,0.124,13005.55
S002582,R037,T020,P001,2024-05-01,2024,5,8,3482.96,0.16,2925.69
S002583,R037,T020,P002,2024-05-01,2024,5,22,15396.55,0.033,14888.46
S002584,R037,T020,P001,2024-06-01,2024,6,8,3486.77,0.085,3190.39
S002585,R037,T020,P004,2024-06-01,2024,6,2,677.42,0.11,602.9
S002586,R037,T020,P006,2024-06-01,2024,6,7,6451.42,0.142,5535.32
S002587,R037,T020,P001,2024-07-01,2024,7,22,9492.18,0.12,8353.12
S002588,R037,T020,P004,2024-07-01,2024,7,14,4464.63,0.04,4286.04
S002589,R037,T020,P005,2024-07-01,2024,7,15,4369.36,0.179,3587.24
S002590,R037,T020,P006,2024-07-01,2024,7,5,4539.7,0.076,4194.68
S002591,R037,T020,P004,2024-08-01,2024,8,10,3121.76,0.175,2575.45
S002592,R037,T020,P003,2024-08-01,2024,8,13,17158.91,0.069,15974.95
S002593,R037,T020,P003,2024-09-01,2024,9,3,4597.84,0.035,4436.92
S002594,R037,T020,P002,2024-09-01,2024,9,6,4399.43,0.064,4117.87
S002595,R037,T020,P001,2024-09-01,2024,9,15,6333.6,0.103,5681.24
S002596,R037,T020,P004,2024-10-01,2024,10,9,2924.96,0.044,2796.26
S002597,R037,T020,P006,2024-10-01,2024,10,2,2217.68,0.03,2151.15
S002598,R037,T020,P005,2024-10-01,2024,10,4,1355.63,0.089,1234.98
S002599,R037,T020,P001,2024-11-01,2024,11,16,6814.63,0.167,5676.59
S002600,R037,T020,P003,2024-11-01,2024,11,21,26949.67,0.155,22772.47
S002601,R037,T020,P002,2024-12-01,2024,12,24,16382.94,0.103,14695.5
S002602,R037,T020,P005,2024-12-01,2024,12,6,2027.31,0.128,1767.81
S002603,R037,T020,P003,2024-12-01,2024,12,17,21951.64,0.084,20107.7
S002604,R037,T020,P004,2024-12-01,2024,12,12,3793.67,0.108,3383.95
S002605,R038,T018,P004,2023-01-01,2023,1,4,1367.21,0.086,1249.63
S002606,R038,T018,P001,2023-01-01,2023,1,6,2805.0,0.138,2417.91
S002607,R038,T018,P003,2023-01-01,2023,1,6,7512.09,0.138,6475.42
S002608,R038,T018,P006,2023-01-01,2023,1,11,9931.26,0.163,8312.46
S002609,R038,T018,P004,2023-02-01,2023,2,8,2565.46,0.162,2149.86
S002610,R038,T018,P002,2023-02-01,2023,2,10,7438.23,0.069,6924.99
S002611,R038,T018,P003,2023-02-01,2023,2,2,3051.3,0.121,2682.09
S002612,R038,T018,P006,2023-02-01,2023,2,3,3314.69,0.107,2960.02
S002613,R038,T018,P005,2023-03-01,2023,3,8,2344.87,0.149,1995.48
S002614,R038,T018,P002,2023-03-01,2023,3,13,9164.85,0.111,8147.55
S002615,R038,T018,P004,2023-04-01,2023,4,7,2225.6,0.128,1940.72
S002616,R038,T018,P005,2023-04-01,2023,4,2,736.02,0.03,713.94
S002617,R038,T018,P003,2023-05-01,2023,5,5,6795.62,0.152,5762.69
S002618,R038,T018,P001,2023-05-01,2023,5,2,1109.12,0.065,1037.03
S002619,R038,T018,P001,2023-06-01,2023,6,14,6007.58,0.092,5454.88
S002620,R038,T018,P003,2023-06-01,2023,6,10,13421.46,0.088,12240.37
S002621,R038,T018,P005,2023-06-01,2023,6,3,1130.37,0.087,1032.03
S002622,R038,T018,P001,2023-07-01,2023,7,3,1624.59,0.059,1528.74
S002623,R038,T018,P004,2023-07-01,2023,7,2,707.93,0.146,604.57
S002624,R038,T018,P005,2023-07-01,2023,7,4,1325.55,0.115,1173.11
S002625,R038,T018,P004,2023-08-01,2023,8,8,2587.98,0.1,2329.18
S002626,R038,T018,P005,2023-08-01,2023,8,1,535.64,0.129,466.54
S002627,R038,T018,P002,2023-08-01,2023,8,8,5642.97,0.054,5338.25
S002628,R038,T018,P006,2023-08-01,2023,8,6,6006.31,0.04,5766.06
S002629,R038,T018,P004,2023-09-01,2023,9,3,1140.05,0.087,1040.87
S002630,R038,T018,P001,2023-09-01,2023,9,3,1336.27,0.038,1285.49
S002631,R038,T018,P004,2023-10-01,2023,10,1,566.59,0.151,481.03
S002632,R038,T018,P002,2023-10-01,2023,10,3,2580.28,0.032,2497.71
S002633,R038,T018,P005,2023-10-01,2023,10,2,865.31,0.162,725.13
S002634,R038,T018,P006,2023-10-01,2023,10,4,4018.61,0.053,3805.62
S002635,R038,T018,P003,2023-11-01,2023,11,3,4638.54,0.106,4146.85
S002636,R038,T018,P002,2023-11-01,2023,11,3,2662.51,0.167,2217.87
S002637,R038,T018,P002,2023-12-01,2023,12,4,3151.81,0.067,2940.64
S002638,R038,T018,P005,2023-12-01,2023,12,5,1738.18,0.025,1694.73
S002639,R038,T018,P005,2024-01-01,2024,1,4,1427.16,0.145,1220.22
S002640,R038,T018,P001,2024-01-01,2024,1,10,4264.83,0.072,3957.76
S002641,R038,T018,P006,2024-01-01,2024,1,9,8675.12,0.138,7477.95
S002642,R038,T018,P003,2024-02-01,2024,2,5,7335.35,0.11,6528.46
S002643,R038,T018,P002,2024-02-01,2024,2,14,10169.94,0.124,8908.87
S002644,R038,T018,P006,2024-02-01,2024,2,4,4323.01,0.154,3657.27
S002645,R038,T018,P001,2024-02-01,2024,2,4,1871.19,0.098,1687.81
S002646,R038,T018,P002,2024-03-01,2024,3,11,7855.41,0.092,7132.71
S002647,R038,T018,P003,2024-03-01,2024,3,4,5882.7,0.089,5359.14
S002648,R038,T018,P006,2024-03-01,2024,3,4,3574.67,0.115,3163.58
S002649,R038,T018,P005,2024-03-01,2024,3,4,1297.29,0.041,1244.1
S002650,R038,T018,P001,2024-04-01,2024,4,3,1580.16,0.16,1327.33
S002651,R038,T018,P003,2024-04-01,2024,4,6,8701.34,0.144,7448.35
S002652,R038,T018,P005,2024-04-01,2024,4,10,2960.88,0.086,2706.24
S002653,R038,T018,P002,2024-05-01,2024,5,1,1310.46,0.027,1275.08
S002654,R038,T018,P005,2024-05-01,2024,5,4,1186.61,0.078,1094.05
S002655,R038,T018,P001,2024-06-01,2024,6,12,5395.73,0.092,4899.32
S002656,R038,T018,P004,2024-06-01,2024,6,4,1548.85,0.162,1297.94
S002657,R038,T018,P002,2024-07-01,2024,7,7,5343.49,0.18,4381.66
S002658,R038,T018,P005,2024-07-01,2024,7,4,1183.86,0.147,1009.83
S002659,R038,T018,P003,2024-08-01,2024,8,7,9349.36,0.055,8835.15
S002660,R038,T018,P002,2024-08-01,2024,8,8,5731.01,0.127,5003.17
S002661,R038,T018,P001,2024-08-01,2024,8,7,3207.52,0.031,3108.09
S002662,R038,T018,P001,2024-09-01,2024,9,4,1809.63,0.133,1568.95
S002663,R038,T018,P006,2024-09-01,2024,9,5,4768.93,0.132,4139.43
S002664,R038,T018,P005,2024-09-01,2024,9,10,3081.36,0.033,2979.68
S002665,R038,T018,P002,2024-09-01,2024,9,2,1748.88,0.107,1561.75
S002666,R038,T018,P003,2024-10-01,2024,10,11,14682.43,0.172,12157.05
S002667,R038,T018,P001,2024-10-01,2024,10,11,4791.76,0.165,4001.12
S002668,R038,T018,P002,2024-11-01,2024,11,1,893.5,0.131,776.45
S002669,R038,T018,P004,2024-11-01,2024,11,7,2346.45,0.135,2029.68
S002670,R038,T018,P003,2024-11-01,2024,11,10,12703.11,0.077,11724.97
S002671,R038,T018,P002,2024-12-01,2024,12,9,6366.83,0.048,6061.22
S002672,R038,T018,P005,2024-12-01,2024,12,8,2391.12,0.127,2087.45
S002673,R038,T018,P001,2024-12-01,2024,12,7,3242.02,0.022,3170.7
S002674,R038,T018,P003,2024-12-01,2024,12,1,2085.84,0.058,1964.86
S002675,R039,T047,P003,2023-01-01,2023,1,13,17391.76,0.08,16000.42
S002676,R039,T047,P004,2023-01-01,2023,1,7,2442.74,0.118,2154.5
S002677,R039,T047,P006,2023-01-01,2023,1,13,12125.98,0.065,11337.79
S002678,R039,T047,P006,2023-02-01,2023,2,9,8070.16,0.081,7416.48
S002679,R039,T047,P003,2023-02-01,2023,2,7,9591.27,0.04,9207.62
S002680,R039,T047,P004,2023-02-01,2023,2,22,6855.06,0.075,6340.93
S002681,R039,T047,P004,2023-03-01,2023,3,8,2684.69,0.173,2220.24
S002682,R039,T047,P006,2023-03-01,2023,3,4,3846.97,0.024,3754.64
S002683,R039,T047,P001,2023-03-01,2023,3,13,5629.34,0.084,5156.48
S002684,R039,T047,P005,2023-03-01,2023,3,12,3675.17,0.159,3090.82
S002685,R039,T047,P001,2023-04-01,2023,4,3,1651.24,0.031,1600.05
S002686,R039,T047,P006,2023-04-01,2023,4,20,18041.71,0.062,16923.12
S002687,R039,T047,P003,2023-04-01,2023,4,12,16096.16,0.127,14051.95
S002688,R039,T047,P004,2023-04-01,2023,4,5,1625.74,0.111,1445.28
S002689,R039,T047,P001,2023-05-01,2023,5,17,7476.65,0.095,6766.37
S002690,R039,T047,P006,2023-05-01,2023,5,9,8804.5,0.063,8249.82
S002691,R039,T047,P005,2023-05-01,2023,5,5,1687.21,0.175,1391.95
S002692,R039,T047,P004,2023-06-01,2023,6,7,2231.93,0.134,1932.85
S002693,R039,T047,P003,2023-06-01,2023,6,8,10914.61,0.033,10554.43
S002694,R039,T047,P001,2023-06-01,2023,6,5,2471.3,0.134,2140.15
S002695,R039,T047,P006,2023-06-01,2023,6,8,7320.7,0.08,6735.04
S002696,R039,T047,P004,2023-07-01,2023,7,13,4282.6,0.06,4025.64
S002697,R039,T047,P005,2023-07-01,2023,7,13,3784.92,0.073,3508.62
S002698,R039,T047,P003,2023-08-01,2023,8,6,7994.61,0.14,6875.36
S002699,R039,T047,P001,2023-08-01,2023,8,23,9708.81,0.082,8912.69
S002700,R039,T047,P002,2023-08-01,2023,8,10,7250.12,0.149,6169.85
S002701,R039,T047,P004,2023-08-01,2023,8,4,1535.48,0.034,1483.27
S002702,R039,T047,P002,2023-09-01,2023,9,6,4591.51,0.064,4297.65
S002703,R039,T047,P003,2023-09-01,2023,9,12,15798.51,0.045,15087.58
S002704,R039,T047,P001,2023-09-01,2023,9,5,2119.77,0.108,1890.83
S002705,R039,T047,P006,2023-09-01,2023,9,4,4366.26,0.065,4082.45
S002706,R039,T047,P004,2023-10-01,2023,10,10,3128.35,0.107,2793.62
S002707,R039,T047,P002,2023-10-01,2023,10,11,7761.61,0.023,7583.09
S002708,R039,T047,P003,2023-10-01,2023,10,7,9755.52,0.045,9316.52
S002709,R039,T047,P002,2023-11-01,2023,11,5,3466.79,0.157,2922.5
S002710,R039,T047,P006,2023-11-01,2023,11,8,7795.88,0.106,6969.52
S002711,R039,T047,P003,2023-12-01,2023,12,17,21628.26,0.175,17843.31
S002712,R039,T047,P006,2023-12-01,2023,12,11,10039.89,0.051,9527.86
S002713,R039,T047,P001,2023-12-01,2023,12,7,3315.38,0.163,2774.97
S002714,R039,T047,P001,2024-01-01,2024,1,4,1840.82,0.08,1693.55
S002715,R039,T047,P002,2024-01-01,2024,1,20,13875.66,0.023,13556.52
S002716,R039,T047,P006,2024-01-01,2024,1,13,12030.12,0.146,10273.72
S002717,R039,T047,P004,2024-01-01,2024,1,14,4576.73,0.045,4370.78
S002718,R039,T047,P006,2024-02-01,2024,2,11,9912.44,0.103,8891.46
S002719,R039,T047,P003,2024-02-01,2024,2,23,28991.65,0.127,25309.71
S002720,R039,T047,P002,2024-02-01,2024,2,5,3504.39,0.148,2985.74
S002721,R039,T047,P001,2024-02-01,2024,2,2,1012.12,0.1,910.91
S002722,R039,T047,P003,2024-03-01,2024,3,7,8843.11,0.057,8339.05
S002723,R039,T047,P006,2024-03-01,2024,3,7,6450.81,0.083,5915.39
S002724,R039,T047,P006,2024-04-01,2024,4,7,6797.91,0.077,6274.47
S002725,R039,T047,P004,2024-04-01,2024,4,4,1372.36,0.118,1210.42
S002726,R039,T047,P005,2024-04-01,2024,4,13,4036.68,0.106,3608.79
S002727,R039,T047,P004,2024-05-01,2024,5,15,4770.86,0.153,4040.92
S002728,R039,T047,P003,2024-05-01,2024,5,4,5718.22,0.155,4831.9
S002729,R039,T047,P003,2024-06-01,2024,6,8,11210.81,0.153,9495.56
S002730,R039,T047,P005,2024-06-01,2024,6,7,2067.05,0.177,1701.18
S002731,R039,T047,P002,2024-06-01,2024,6,22,15405.1,0.032,14912.14
S002732,R039,T047,P001,2024-06-01,2024,6,21,9005.16,0.031,8726.0
S002733,R039,T047,P004,2024-07-01,2024,7,3,1226.56,0.023,1198.35
S002734,R039,T047,P006,2024-07-01,2024,7,9,8428.28,0.085,7711.88
S002735,R039,T047,P003,2024-08-01,2024,8,8,11211.67,0.023,10953.8
S002736,R039,T047,P005,2024-08-01,2024,8,6,1982.98,0.098,1788.65
S002737,R039,T047,P006,2024-08-01,2024,8,10,9491.51,0.114,8409.48
S002738,R039,T047,P002,2024-08-01,2024,8,3,2536.48,0.154,2145.86
S002739,R039,T047,P006,2024-09-01,2024,9,7,6803.37,0.064,6367.95
S002740,R039,T047,P002,2024-09-01,2024,9,12,8321.73,0.178,6840.46
S002741,R039,T047,P003,2024-09-01,2024,9,12,15857.89,0.11,14113.52
S002742,R039,T047,P004,2024-09-01,2024,9,15,4771.28,0.092,4332.32
S002743,R039,T047,P001,2024-10-01,2024,10,11,5036.23,0.168,4190.14
S002744,R039,T047,P003,2024-10-01,2024,10,14,17835.26,0.162,14945.95
S002745,R039,T047,P004,2024-10-01,2024,10,7,2455.34,0.033,2374.31
S002746,R039,T047,P005,2024-11-01,2024,11,12,3673.9,0.084,3365.29
S002747,R039,T047,P004,2024-11-01,2024,11,9,2834.79,0.146,2420.91
S002748,R039,T047,P003,2024-11-01,2024,11,7,8913.09,0.155,7531.56
S002749,R039,T047,P002,2024-11-01,2024,11,15,10443.02,0.131,9074.98
S002750,R039,T047,P002,2024-12-01,2024,12,4,2992.26,0.057,2821.7
S002751,R039,T047,P006,2024-12-01,2024,12,7,6927.64,0.164,5791.51
S002752,R040,T041,P004,2023-01-01,2023,1,1,478.16,0.057,450.9
S002753,R040,T041,P003,2023-01-01,2023,1,1,2180.17,0.055,2060.26
S002754,R040,T041,P006,2023-02-01,2023,2,1,1194.0,0.157,1006.54
S002755,R040,T041,P004,2023-02-01,2023,2,1,180.32,0.07,167.7
S002756,R040,T041,P005,2023-02-01,2023,2,1,161.8,0.161,135.75
S002757,R040,T041,P003,2023-02-01,2023,2,1,1076.34,0.037,1036.52
S002758,R040,T041,P005,2023-03-01,2023,3,1,320.53,0.12,282.07
S002759,R040,T041,P003,2023-03-01,2023,3,1,1904.28,0.17,1580.55
S002760,R040,T041,P006,2023-03-01,2023,3,2,2208.66,0.031,2140.19
S002761,R040,T041,P002,2023-03-01,2023,3,1,1343.32,0.094,1217.05
S002762,R040,T041,P002,2023-04-01,2023,4,1,693.26,0.026,675.24
S002763,R040,T041,P006,2023-04-01,2023,4,2,2488.64,0.095,2252.22
S002764,R040,T041,P003,2023-05-01,2023,5,1,1798.22,0.173,1487.13
S002765,R040,T041,P005,2023-05-01,2023,5,2,689.16,0.077,636.09
S002766,R040,T041,P001,2023-05-01,2023,5,1,758.35,0.099,683.27
S002767,R040,T041,P004,2023-06-01,2023,6,1,330.41,0.023,322.81
S002768,R040,T041,P005,2023-06-01,2023,6,2,605.44,0.132,525.52
S002769,R040,T041,P003,2023-06-01,2023,6,1,2379.28,0.079,2191.32
S002770,R040,T041,P003,2023-07-01,2023,7,2,3302.51,0.154,2793.92
S002771,R040,T041,P006,2023-07-01,2023,7,1,1708.0,0.032,1653.34
S002772,R040,T041,P002,2023-07-01,2023,7,1,757.01,0.101,680.55
S002773,R040,T041,P004,2023-07-01,2023,7,2,652.91,0.107,583.05
S002774,R040,T041,P006,2023-08-01,2023,8,1,1576.88,0.035,1521.69
S002775,R040,T041,P003,2023-08-01,2023,8,2,2700.8,0.15,2295.68
S002776,R040,T041,P002,2023-08-01,2023,8,1,316.82,0.106,283.24
S002777,R040,T041,P004,2023-08-01,2023,8,1,108.24,0.051,102.72
S002778,R040,T041,P005,2023-09-01,2023,9,1,112.02,0.069,104.29
S002779,R040,T041,P001,2023-09-01,2023,9,1,447.49,0.157,377.23
S002780,R040,T041,P006,2023-10-01,2023,10,1,446.32,0.124,390.98
S002781,R040,T041,P004,2023-10-01,2023,10,1,173.3,0.097,156.49
S002782,R040,T041,P002,2023-11-01,2023,11,1,249.37,0.13,216.95
S002783,R040,T041,P004,2023-11-01,2023,11,1,235.65,0.08,216.8
S002784,R040,T041,P005,2023-12-01,2023,12,1,480.21,0.165,400.98
S002785,R040,T041,P006,2023-12-01,2023,12,1,535.09,0.148,455.9
S002786,R040,T041,P006,2024-01-01,2024,1,2,2145.34,0.035,2070.25
S002787,R040,T041,P001,2024-01-01,2024,1,1,119.31,0.044,114.06
S002788,R040,T041,P005,2024-01-01,2024,1,1,148.89,0.106,133.11
S002789,R040,T041,P002,2024-01-01,2024,1,1,592.76,0.132,514.52
S002790,R040,T041,P002,2024-02-01,2024,2,1,260.48,0.123,228.44
S002791,R040,T041,P001,2024-02-01,2024,2,1,668.54,0.149,568.93
S002792,R040,T041,P003,2024-02-01,2024,2,2,3143.76,0.143,2694.2
S002793,R040,T041,P005,2024-03-01,2024,3,1,332.83,0.167,277.25
S002794,R040,T041,P004,2024-03-01,2024,3,1,437.88,0.069,407.67
S002795,R040,T041,P003,2024-03-01,2024,3,1,554.5,0.063,519.57
S002796,R040,T041,P006,2024-03-01,2024,3,1,1213.02,0.049,1153.58
S002797,R040,T041,P004,2024-04-01,2024,4,1,458.53,0.126,400.76
S002798,R040,T041,P001,2024-04-01,2024,4,1,745.38,0.097,673.08
S002799,R040,T041,P006,2024-04-01,2024,4,1,1341.28,0.14,1153.5
S002800,R040,T041,P002,2024-04-01,2024,4,2,1536.28,0.084,1407.23
S002801,R040,T041,P006,2024-05-01,2024,5,1,1320.11,0.022,1291.07
S002802,R040,T041,P004,2024-05-01,2024,5,1,595.39,0.118,525.13
S002803,R040,T041,P003,2024-05-01,2024,5,1,1526.03,0.067,1423.79
S002804,R040,T041,P006,2024-06-01,2024,6,2,2242.42,0.115,1984.54
S002805,R040,T041,P005,2024-06-01,2024,6,1,137.54,0.106,122.96
S002806,R040,T041,P006,2024-07-01,2024,7,1,933.08,0.125,816.44
S002807,R040,T041,P002,2024-07-01,2024,7,2,1423.0,0.177,1171.13
S002808,R040,T041,P004,2024-07-01,2024,7,1,510.73,0.132,443.31
S002809,R040,T041,P004,2024-08-01,2024,8,1,531.08,0.098,479.03
S002810,R040,T041,P005,2024-08-01,2024,8,1,390.82,0.135,338.06
S002811,R040,T041,P006,2024-08-01,2024,8,1,931.51,0.037,897.04
S002812,R040,T041,P002,2024-09-01,2024,9,1,583.97,0.061,548.35
S002813,R040,T041,P004,2024-09-01,2024,9,1,337.18,0.154,285.25
S002814,R040,T041,P003,2024-10-01,2024,10,2,2743.76,0.112,2436.46
S002815,R040,T041,P005,2024-10-01,2024,10,1,101.73,0.043,97.36
S002816,R040,T041,P002,2024-10-01,2024,10,1,1229.04,0.144,1052.06
S002817,R040,T041,P001,2024-10-01,2024,10,1,743.94,0.06,699.3
S002818,R040,T041,P003,2024-11-01,2024,11,1,2195.49,0.038,2112.06
S002819,R040,T041,P002,2024-11-01,2024,11,1,1254.1,0.131,1089.81
S002820,R040,T041,P003,2024-12-01,2024,12,2,3664.1,0.083,3359.98
S002821,R040,T041,P004,2024-12-01,2024,12,1,137.24,0.151,116.52
S002822,R040,T041,P005,2024-12-01,2024,12,1,153.0,0.178,125.77
S002823,R040,T041,P001,2024-12-01,2024,12,1,238.6,0.166,198.99
S002824,R041,T049,P001,2023-01-01,2023,1,5,2475.13,0.146,2113.76
S002825,R041,T049,P002,2023-01-01,2023,1,3,2421.63,0.066,2261.8
S002826,R041,T049,P004,2023-02-01,2023,2,4,1438.99,0.114,1274.95
S002827,R041,T049,P002,2023-02-01,2023,2,4,3115.77,0.133,2701.37
S002828,R041,T049,P003,2023-02-01,2023,2,3,3864.97,0.1,3478.47
S002829,R041,T049,P005,2023-02-01,2023,2,2,630.39,0.17,523.22
S002830,R041,T049,P005,2023-03-01,2023,3,1,426.53,0.094,386.44
S002831,R041,T049,P006,2023-03-01,2023,3,1,774.63,0.171,642.17
S002832,R041,T049,P001,2023-03-01,2023,3,3,1260.42,0.02,1235.21
S002833,R041,T049,P006,2023-04-01,2023,4,3,2918.85,0.031,2828.37
S002834,R041,T049,P003,2023-04-01,2023,4,2,3481.75,0.106,3112.68
S002835,R041,T049,P002,2023-05-01,2023,5,3,2050.07,0.141,1761.01
S002836,R041,T049,P005,2023-05-01,2023,5,2,748.63,0.081,687.99
S002837,R041,T049,P003,2023-05-01,2023,5,1,1563.12,0.078,1441.2
S002838,R041,T049,P006,2023-05-01,2023,5,4,3573.01,0.074,3308.61
S002839,R041,T049,P001,2023-06-01,2023,6,1,619.69,0.145,529.83
S002840,R041,T049,P004,2023-06-01,2023,6,1,260.93,0.035,251.8
S002841,R041,T049,P005,2023-07-01,2023,7,5,1683.67,0.045,1607.9
S002842,R041,T049,P002,2023-07-01,2023,7,2,2026.99,0.063,1899.29
S002843,R041,T049,P005,2023-08-01,2023,8,1,332.02,0.042,318.08
S002844,R041,T049,P003,2023-08-01,2023,8,1,1146.48,0.125,1003.17
S002845,R041,T049,P004,2023-08-01,2023,8,1,259.6,0.06,244.02
S002846,R041,T049,P002,2023-08-01,2023,8,4,2954.63,0.028,2871.9
S002847,R041,T049,P005,2023-09-01,2023,9,3,993.58,0.171,823.68
S002848,R041,T049,P004,2023-09-01,2023,9,1,521.83,0.129,454.51
S002849,R041,T049,P002,2023-10-01,2023,10,1,1207.52,0.161,1013.11
S002850,R041,T049,P004,2023-10-01,2023,10,1,193.58,0.052,183.51
S002851,R041,T049,P006,2023-10-01,2023,10,1,663.51,0.159,558.01
S002852,R041,T049,P002,2023-11-01,2023,11,1,1047.63,0.132,909.34
S002853,R041,T049,P006,2023-11-01,2023,11,1,1667.0,0.043,1595.32
S002854,R041,T049,P004,2023-11-01,2023,11,3,1089.72,0.07,1013.44
S002855,R041,T049,P006,2023-12-01,2023,12,5,4506.71,0.17,3740.57
S002856,R041,T049,P004,2023-12-01,2023,12,1,608.66,0.053,576.4
S002857,R041,T049,P005,2024-01-01,2024,1,2,761.02,0.11,677.31
S002858,R041,T049,P001,2024-01-01,2024,1,2,1074.13,0.047,1023.65
S002859,R041,T049,P002,2024-02-01,2024,2,5,3653.17,0.164,3054.05
S002860,R041,T049,P006,2024-02-01,2024,2,4,4093.06,0.112,3634.64
S002861,R041,T049,P003,2024-02-01,2024,2,1,1698.77,0.079,1564.57
S002862,R041,T049,P004,2024-03-01,2024,3,1,347.39,0.105,310.91
S002863,R041,T049,P006,2024-03-01,2024,3,1,629.58,0.06,591.81
S002864,R041,T049,P002,2024-03-01,2024,3,2,1586.14,0.067,1479.87
S002865,R041,T049,P005,2024-03-01,2024,3,2,811.0,0.179,665.83
S002866,R041,T049,P005,2024-04-01,2024,4,2,832.39,0.11,740.83
S002867,R041,T049,P004,2024-04-01,2024,4,4,1434.93,0.027,1396.19
S002868,R041,T049,P006,2024-04-01,2024,4,1,1105.14,0.16,928.32
S002869,R041,T049,P001,2024-05-01,2024,5,1,443.92,0.129,386.65
S002870,R041,T049,P005,2024-05-01,2024,5,1,247.02,0.056,233.19
S002871,R041,T049,P006,2024-05-01,2024,5,1,1630.98,0.07,1516.81
S002872,R041,T049,P006,2024-06-01,2024,6,4,4055.0,0.169,3369.7
S002873,R041,T049,P003,2024-06-01,2024,6,3,4691.26,0.098,4231.52
S002874,R041,T049,P001,2024-06-01,2024,6,1,321.67,0.084,294.65
S002875,R041,T049,P002,2024-06-01,2024,6,2,1729.33,0.081,1589.25
S002876,R041,T049,P001,2024-07-01,2024,7,1,361.42,0.051,342.99
S002877,R041,T049,P003,2024-07-01,2024,7,1,2383.56,0.12,2097.53
S002878,R041,T049,P006,2024-07-01,2024,7,3,3393.34,0.173,2806.29
S002879,R041,T049,P005,2024-07-01,2024,7,2,619.44,0.154,524.05
S002880,R041,T049,P001,2024-08-01,2024,8,4,1833.49,0.119,1615.3
S002881,R041,T049,P002,2024-08-01,2024,8,3,2329.7,0.058,2194.58
S002882,R041,T049,P004,2024-08-01,2024,8,2,704.37,0.161,590.97
S002883,R041,T049,P003,2024-08-01,2024,8,2,3105.7,0.073,2878.98
S002884,R041,T049,P001,2024-09-01,2024,9,3,1458.27,0.061,1369.32
S002885,R041,T049,P006,2024-09-01,2024,9,2,2597.21,0.06,2441.38
S002886,R041,T049,P002,2024-09-01,2024,9,2,1435.96,0.064,1344.06
S002887,R041,T049,P004,2024-09-01,2024,9,2,796.57,0.054,753.56
S002888,R041,T049,P003,2024-10-01,2024,10,2,3380.11,0.065,3160.4
S002889,R041,T049,P005,2024-10-01,2024,10,1,512.57,0.15,435.68
S002890,R041,T049,P006,2024-10-01,2024,10,3,2744.23,0.033,2653.67
S002891,R041,T049,P001,2024-11-01,2024,11,2,942.57,0.127,822.86
S002892,R041,T049,P004,2024-11-01,2024,11,3,1012.48,0.098,913.26
S002893,R041,T049,P001,2024-12-01,2024,12,4,2097.53,0.132,1820.66
S002894,R041,T049,P006,2024-12-01,2024,12,2,2274.71,0.072,2110.93
S002895,R041,T049,P005,2024-12-01,2024,12,1,471.27,0.045,450.06
S002896,R041,T049,P004,2024-12-01,2024,12,2,835.37,0.058,786.92
S002897,R042,T014,P004,2023-01-01,2023,1,2,832.44,0.135,720.06
S002898,R042,T014,P002,2023-01-01,2023,1,3,2271.33,0.117,2005.58
S002899,R042,T014,P001,2023-02-01,2023,2,1,738.05,0.121,648.75
S002900,R042,T014,P003,2023-02-01,2023,2,1,694.49,0.139,597.96
S002901,R042,T014,P004,2023-02-01,2023,2,1,237.43,0.174,196.12
S002902,R042,T014,P006,2023-02-01,2023,2,1,543.58,0.025,529.99
S002903,R042,T014,P006,2023-03-01,2023,3,1,1168.74,0.157,985.25
S002904,R042,T014,P001,2023-03-01,2023,3,2,1257.01,0.067,1172.79
S002905,R042,T014,P004,2023-03-01,2023,3,2,773.41,0.058,728.55
S002906,R042,T014,P003,2023-03-01,2023,3,1,1892.92,0.175,1561.66
S002907,R042,T014,P003,2023-04-01,2023,4,3,4606.37,0.132,3998.33
S002908,R042,T014,P001,2023-04-01,2023,4,1,718.93,0.061,675.08
S002909,R042,T014,P005,2023-04-01,2023,4,1,447.4,0.054,423.24
S002910,R042,T014,P004,2023-04-01,2023,4,2,676.74,0.159,569.14
S002911,R042,T014,P001,2023-05-01,2023,5,1,631.82,0.11,562.32
S002912,R042,T014,P005,2023-05-01,2023,5,4,1318.15,0.078,1215.33
S002913,R042,T014,P001,2023-06-01,2023,6,3,1433.7,0.141,1231.55
S002914,R042,T014,P002,2023-06-01,2023,6,1,1281.37,0.164,1071.23
S002915,R042,T014,P004,2023-06-01,2023,6,3,1193.58,0.024,1164.93
S002916,R042,T014,P005,2023-06-01,2023,6,4,1223.31,0.09,1113.21
S002917,R042,T014,P006,2023-07-01,2023,7,3,2800.42,0.121,2461.57
S002918,R042,T014,P003,2023-07-01,2023,7,2,3561.07,0.118,3140.86
S002919,R042,T014,P001,2023-08-01,2023,8,1,245.69,0.076,227.02
S002920,R042,T014,P005,2023-08-01,2023,8,3,914.55,0.086,835.9
S002921,R042,T014,P002,2023-08-01,2023,8,1,596.28,0.109,531.29
S002922,R042,T014,P006,2023-08-01,2023,8,1,527.42,0.163,441.45
S002923,R042,T014,P003,2023-09-01,2023,9,1,869.42,0.171,720.75
S002924,R042,T014,P004,2023-09-01,2023,9,2,800.33,0.159,673.08
S002925,R042,T014,P005,2023-10-01,2023,10,2,804.24,0.083,737.49
S002926,R042,T014,P001,2023-10-01,2023,10,1,519.28,0.115,459.56
S002927,R042,T014,P006,2023-10-01,2023,10,1,1496.7,0.023,1462.28
S002928,R042,T014,P001,2023-11-01,2023,11,2,1007.62,0.057,950.19
S002929,R042,T014,P006,2023-11-01,2023,11,2,1922.06,0.095,1739.46
S002930,R042,T014,P002,2023-12-01,2023,12,1,854.19,0.153,723.5
S002931,R042,T014,P003,2023-12-01,2023,12,4,5853.25,0.056,5525.47
S002932,R042,T014,P003,2024-01-01,2024,1,1,1260.64,0.066,1177.44
S002933,R042,T014,P005,2024-01-01,2024,1,1,206.44,0.053,195.5
S002934,R042,T014,P002,2024-01-01,2024,1,2,1597.66,0.123,1401.15
S002935,R042,T014,P001,2024-01-01,2024,1,1,601.33,0.086,549.62
S002936,R042,T014,P001,2024-02-01,2024,2,4,1977.39,0.045,1888.41
S002937,R042,T014,P004,2024-02-01,2024,2,1,379.83,0.176,312.98
S002938,R042,T014,P004,2024-03-01,2024,3,1,146.78,0.083,134.6
S002939,R042,T014,P003,2024-03-01,2024,3,1,603.69,0.06,567.47
S002940,R042,T014,P005,2024-03-01,2024,3,3,964.71,0.124,845.09
S002941,R042,T014,P001,2024-03-01,2024,3,2,994.88,0.087,908.33
S002942,R042,T014,P004,2024-04-01,2024,4,3,1211.57,0.106,1083.14
S002943,R042,T014,P005,2024-04-01,2024,4,1,471.54,0.156,397.98
S002944,R042,T014,P003,2024-05-01,2024,5,2,3320.25,0.049,3157.56
S002945,R042,T014,P006,2024-05-01,2024,5,1,1700.99,0.147,1450.94
S002946,R042,T014,P002,2024-05-01,2024,5,3,2242.53,0.07,2085.55
S002947,R042,T014,P005,2024-06-01,2024,6,1,399.7,0.12,351.74
S002948,R042,T014,P004,2024-06-01,2024,6,1,232.76,0.144,199.24
S002949,R042,T014,P006,2024-06-01,2024,6,1,274.3,0.121,241.11
S002950,R042,T014,P001,2024-07-01,2024,7,1,317.82,0.109,283.18
S002951,R042,T014,P002,2024-07-01,2024,7,1,1174.1,0.17,974.5
S002952,R042,T014,P006,2024-07-01,2024,7,2,1869.5,0.084,1712.46
S002953,R042,T014,P004,2024-07-01,2024,7,2,891.47,0.036,859.38
S002954,R042,T014,P001,2024-08-01,2024,8,2,1158.8,0.177,953.69
S002955,R042,T014,P005,2024-08-01,2024,8,1,218.08,0.078,201.07
S002956,R042,T014,P006,2024-08-01,2024,8,1,833.93,0.171,691.33
S002957,R042,T014,P003,2024-08-01,2024,8,1,1336.45,0.152,1133.31
S002958,R042,T014,P003,2024-09-01,2024,9,2,3619.47,0.046,3452.97
S002959,R042,T014,P005,2024-09-01,2024,9,1,471.82,0.161,395.86
S002960,R042,T014,P002,2024-09-01,2024,9,1,839.01,0.068,781.96
S002961,R042,T014,P002,2024-10-01,2024,10,1,1068.99,0.074,989.88
S002962,R042,T014,P006,2024-10-01,2024,10,1,799.8,0.058,753.41
S002963,R042,T014,P002,2024-11-01,2024,11,2,1737.05,0.146,1483.44
S002964,R042,T014,P006,2024-11-01,2024,11,1,1654.97,0.05,1572.22
S002965,R042,T014,P004,2024-12-01,2024,12,1,186.03,0.111,165.38
S002966,R042,T014,P002,2024-12-01,2024,12,1,581.3,0.139,500.5
S002967,R042,T014,P001,2024-12-01,2024,12,1,271.18,0.048,258.16
S002968,R043,T015,P002,2023-01-01,2023,1,3,2624.51,0.121,2306.94
S002969,R043,T015,P005,2023-01-01,2023,1,3,1051.96,0.147,897.32
S002970,R043,T015,P004,2023-02-01,2023,2,2,827.07,0.165,690.6
S002971,R043,T015,P006,2023-02-01,2023,2,1,449.65,0.165,375.46
S002972,R043,T015,P003,2023-02-01,2023,2,1,1201.73,0.086,1098.38
S002973,R043,T015,P005,2023-02-01,2023,2,1,259.37,0.046,247.44
S002974,R043,T015,P005,2023-03-01,2023,3,3,885.38,0.121,778.25
S002975,R043,T015,P001,2023-03-01,2023,3,2,937.34,0.07,871.73
S002976,R043,T015,P003,2023-04-01,2023,4,2,3608.08,0.022,3528.7
S002977,R043,T015,P002,2023-04-01,2023,4,2,1785.16,0.051,1694.12
S002978,R043,T015,P001,2023-04-01,2023,4,4,1851.38,0.165,1545.9
S002979,R043,T015,P001,2023-05-01,2023,5,1,770.63,0.05,732.1
S002980,R043,T015,P005,2023-05-01,2023,5,1,558.95,0.168,465.05
S002981,R043,T015,P002,2023-05-01,2023,5,2,1709.47,0.068,1593.23
S002982,R043,T015,P004,2023-05-01,2023,5,3,966.63,0.107,863.2
S002983,R043,T015,P005,2023-06-01,2023,6,1,461.92,0.11,411.11
S002984,R043,T015,P002,2023-06-01,2023,6,2,1590.62,0.141,1366.34
S002985,R043,T015,P004,2023-06-01,2023,6,2,674.67,0.089,614.62
S002986,R043,T015,P001,2023-07-01,2023,7,1,760.01,0.147,648.29
S002987,R043,T015,P005,2023-07-01,2023,7,2,718.72,0.157,605.88
S002988,R043,T015,P003,2023-07-01,2023,7,3,3953.47,0.08,3637.19
S002989,R043,T015,P006,2023-08-01,2023,8,2,2093.1,0.087,1911.0
S002990,R043,T015,P005,2023-08-01,2023,8,1,391.01,0.024,381.63
S002991,R043,T015,P001,2023-08-01,2023,8,1,346.01,0.105,309.68
S002992,R043,T015,P004,2023-08-01,2023,8,1,269.91,0.04,259.11
S002993,R043,T015,P001,2023-09-01,2023,9,3,1349.49,0.059,1269.87
S002994,R043,T015,P006,2023-09-01,2023,9,1,1700.78,0.023,1661.66
S002995,R043,T015,P002,2023-09-01,2023,9,1,504.36,0.155,426.18
S002996,R043,T015,P004,2023-10-01,2023,10,1,501.03,0.086,457.94
S002997,R043,T015,P003,2023-10-01,2023,10,3,4109.12,0.147,3505.08
S002998,R043,T015,P002,2023-10-01,2023,10,2,1704.18,0.159,1433.22
S002999,R043,T015,P003,2023-11-01,2023,11,1,1631.7,0.124,1429.37
S003000,R043,T015,P004,2023-11-01,2023,11,3,943.48,0.11,839.7
S003001,R043,T015,P001,2023-11-01,2023,11,2,1134.25,0.118,1000.41
S003002,R043,T015,P006,2023-11-01,2023,11,1,1400.27,0.127,1222.44
S003003,R043,T015,P005,2023-12-01,2023,12,2,674.48,0.059,634.69
S003004,R043,T015,P003,2023-12-01,2023,12,2,3720.72,0.085,3404.46
S003005,R043,T015,P002,2023-12-01,2023,12,1,500.54,0.149,425.96
S003006,R043,T015,P001,2024-01-01,2024,1,3,1530.08,0.083,1403.08
S003007,R043,T015,P006,2024-01-01,2024,1,1,1648.7,0.045,1574.51
S003008,R043,T015,P006,2024-02-01,2024,2,4,3709.98,0.165,3097.83
S003009,R043,T015,P002,2024-02-01,2024,2,1,394.22,0.1,354.8
S003010,R043,T015,P004,2024-03-01,2024,3,1,414.34,0.04,397.77
S003011,R043,T015,P006,2024-03-01,2024,3,1,1749.45,0.154,1480.03
S003012,R043,T015,P005,2024-04-01,2024,4,1,395.33,0.058,372.4
S003013,R043,T015,P001,2024-04-01,2024,4,1,693.65,0.033,670.76
S003014,R043,T015,P005,2024-05-01,2024,5,2,701.35,0.088,639.63
S003015,R043,T015,P001,2024-05-01,2024,5,1,267.71,0.146,228.62
S003016,R043,T015,P004,2024-05-01,2024,5,1,248.09,0.02,243.13
S003017,R043,T015,P001,2024-06-01,2024,6,1,401.86,0.047,382.97
S003018,R043,T015,P004,2024-06-01,2024,6,1,216.46,0.113,192.0
S003019,R043,T015,P006,2024-06-01,2024,6,2,1947.79,0.074,1803.65
S003020,R043,T015,P004,2024-07-01,2024,7,1,376.32,0.03,365.03
S003021,R043,T015,P001,2024-07-01,2024,7,1,213.71,0.115,189.13
S003022,R043,T015,P006,2024-08-01,2024,8,1,988.19,0.094,895.3
S003023,R043,T015,P005,2024-08-01,2024,8,2,614.11,0.097,554.54
S003024,R043,T015,P003,2024-08-01,2024,8,1,752.26,0.091,683.8
S003025,R043,T015,P001,2024-09-01,2024,9,1,485.71,0.104,435.2
S003026,R043,T015,P002,2024-09-01,2024,9,1,815.23,0.037,785.07
S003027,R043,T015,P003,2024-10-01,2024,10,1,1817.99,0.085,1663.46
S003028,R043,T015,P006,2024-10-01,2024,10,1,1598.07,0.081,1468.63
S003029,R043,T015,P005,2024-10-01,2024,10,1,485.95,0.072,450.96
S003030,R043,T015,P001,2024-10-01,2024,10,1,621.69,0.104,557.03
S003031,R043,T015,P003,2024-11-01,2024,11,1,2478.95,0.045,2367.4
S003032,R043,T015,P004,2024-11-01,2024,11,2,797.73,0.136,689.24
S003033,R043,T015,P006,2024-11-01,2024,11,1,610.63,0.02,598.42
S003034,R043,T015,P004,2024-12-01,2024,12,1,430.14,0.165,359.17
S003035,R043,T015,P006,2024-12-01,2024,12,2,2252.84,0.179,1849.58
S003036,R043,T015,P005,2024-12-01,2024,12,1,199.19,0.137,171.9
S003037,R044,T031,P004,2023-01-01,2023,1,1,524.31,0.137,452.48
S003038,R044,T031,P003,2023-01-01,2023,1,1,1763.05,0.104,1579.69
S003039,R044,T031,P004,2023-02-01,2023,2,2,782.93,0.09,712.47
S003040,R044,T031,P003,2023-02-01,2023,2,1,2059.72,0.078,1899.06
S003041,R044,T031,P001,2023-02-01,2023,2,3,1343.74,0.125,1175.77
S003042,R044,T031,P002,2023-03-01,2023,3,1,842.65,0.067,786.19
S003043,R044,T031,P001,2023-03-01,2023,3,1,631.42,0.136,545.55
S003044,R044,T031,P005,2023-04-01,2023,4,1,404.41,0.18,331.62
S003045,R044,T031,P001,2023-04-01,2023,4,2,981.04,0.095,887.84
S003046,R044,T031,P002,2023-04-01,2023,4,2,1813.78,0.061,1703.14
S003047,R044,T031,P003,2023-05-01,2023,5,1,1839.39,0.061,1727.19
S003048,R044,T031,P002,2023-05-01,2023,5,1,1130.5,0.044,1080.76
S003049,R044,T031,P001,2023-05-01,2023,5,1,815.85,0.043,780.77
S003050,R044,T031,P001,2023-06-01,2023,6,1,796.22,0.078,734.11
S003051,R044,T031,P002,2023-06-01,2023,6,1,330.04,0.083,302.65
S003052,R044,T031,P005,2023-07-01,2023,7,2,620.01,0.155,523.91
S003053,R044,T031,P004,2023-07-01,2023,7,1,359.95,0.176,296.6
S003054,R044,T031,P003,2023-07-01,2023,7,1,1830.57,0.048,1742.7
S003055,R044,T031,P002,2023-08-01,2023,8,2,1468.75,0.159,1235.22
S003056,R044,T031,P006,2023-08-01,2023,8,1,636.67,0.092,578.1
S003057,R044,T031,P001,2023-09-01,2023,9,2,911.63,0.057,859.67
S003058,R044,T031,P005,2023-09-01,2023,9,1,450.42,0.164,376.55
S003059,R044,T031,P004,2023-09-01,2023,9,1,317.76,0.129,276.77
S003060,R044,T031,P002,2023-09-01,2023,9,1,671.49,0.146,573.45
S003061,R044,T031,P001,2023-10-01,2023,10,1,607.37,0.178,499.26
S003062,R044,T031,P003,2023-10-01,2023,10,1,802.79,0.083,736.16
S003063,R044,T031,P004,2023-10-01,2023,10,1,615.32,0.112,546.4
S003064,R044,T031,P005,2023-10-01,2023,10,1,531.52,0.135,459.76
S003065,R044,T031,P001,2023-11-01,2023,11,1,468.62,0.127,409.11
S003066,R044,T031,P002,2023-11-01,2023,11,2,1485.95,0.053,1407.19
S003067,R044,T031,P005,2023-11-01,2023,11,1,127.11,0.138,109.57
S003068,R044,T031,P001,2023-12-01,2023,12,2,966.85,0.073,896.27
S003069,R044,T031,P003,2023-12-01,2023,12,2,2545.06,0.173,2104.76
S003070,R044,T031,P005,2024-01-01,2024,1,1,303.44,0.057,286.14
S003071,R044,T031,P001,2024-01-01,2024,1,1,648.3,0.138,558.83
S003072,R044,T031,P006,2024-01-01,2024,1,1,563.91,0.096,509.77
S003073,R044,T031,P003,2024-02-01,2024,2,1,1714.23,0.057,1616.52
S003074,R044,T031,P002,2024-02-01,2024,2,2,1612.39,0.107,1439.86
S003075,R044,T031,P005,2024-02-01,2024,2,1,325.89,0.089,296.89
S003076,R044,T031,P001,2024-03-01,2024,3,2,1190.11,0.038,1144.89
S003077,R044,T031,P002,2024-03-01,2024,3,1,610.67,0.149,519.68
S003078,R044,T031,P004,2024-03-01,2024,3,3,1018.49,0.051,966.55
S003079,R044,T031,P006,2024-03-01,2024,3,1,1244.34,0.121,1093.77
S003080,R044,T031,P006,2024-04-01,2024,4,1,1645.73,0.126,1438.37
S003081,R044,T031,P004,2024-04-01,2024,4,3,940.67,0.149,800.51
S003082,R044,T031,P003,2024-05-01,2024,5,2,2563.83,0.053,2427.95
S003083,R044,T031,P001,2024-05-01,2024,5,2,840.35,0.175,693.29
S003084,R044,T031,P006,2024-05-01,2024,5,1,1460.6,0.124,1279.49
S003085,R044,T031,P002,2024-06-01,2024,6,1,911.22,0.049,866.57
S003086,R044,T031,P005,2024-06-01,2024,6,1,283.71,0.114,251.37
S003087,R044,T031,P003,2024-06-01,2024,6,1,1402.82,0.108,1251.32
S003088,R044,T031,P005,2024-07-01,2024,7,2,599.84,0.044,573.45
S003089,R044,T031,P002,2024-07-01,2024,7,1,385.12,0.032,372.8
S003090,R044,T031,P005,2024-08-01,2024,8,2,689.36,0.175,568.72
S003091,R044,T031,P004,2024-08-01,2024,8,1,337.97,0.048,321.75
S003092,R044,T031,P003,2024-08-01,2024,8,1,508.92,0.129,443.27
S003093,R044,T031,P006,2024-09-01,2024,9,1,1590.92,0.105,1423.87
S003094,R044,T031,P003,2024-09-01,2024,9,1,2302.12,0.151,1954.5
S003095,R044,T031,P001,2024-10-01,2024,10,1,225.78,0.033,218.33
S003096,R044,T031,P003,2024-10-01,2024,10,1,1067.15,0.037,1027.67
S003097,R044,T031,P002,2024-10-01,2024,10,1,390.73,0.065,365.33
S003098,R044,T031,P002,2024-11-01,2024,11,1,1092.08,0.052,1035.29
S003099,R044,T031,P006,2024-11-01,2024,11,1,692.67,0.165,578.38
S003100,R044,T031,P005,2024-11-01,2024,11,2,715.55,0.139,616.09
S003101,R044,T031,P001,2024-12-01,2024,12,1,774.65,0.066,723.52
S003102,R044,T031,P003,2024-12-01,2024,12,2,3578.93,0.173,2959.78
S003103,R044,T031,P002,2024-12-01,2024,12,1,260.41,0.163,217.96
S003104,R045,T001,P005,2023-01-01,2023,1,1,263.35,0.07,244.92
S003105,R045,T001,P002,2023-01-01,2023,1,1,797.4,0.083,731.22
S003106,R045,T001,P004,2023-01-01,2023,1,1,291.94,0.15,248.15
S003107,R045,T001,P003,2023-01-01,2023,1,1,363.62,0.109,323.99
S003108,R045,T001,P006,2023-02-01,2023,2,1,286.52,0.089,261.02
S003109,R045,T001,P001,2023-02-01,2023,2,1,144.5,0.17,119.93
S003110,R045,T001,P005,2023-02-01,2023,2,1,217.92,0.115,192.86
S003111,R045,T001,P002,2023-02-01,2023,2,1,84.21,0.065,78.74
S003112,R045,T001,P001,2023-03-01,2023,3,1,492.68,0.156,415.82
S003113,R045,T001,P004,2023-03-01,2023,3,1,190.09,0.133,164.81
S003114,R045,T001,P003,2023-03-01,2023,3,1,183.52,0.078,169.21
S003115,R045,T001,P005,2023-03-01,2023,3,1,211.7,0.047,201.75
S003116,R045,T001,P006,2023-04-01,2023,4,1,846.28,0.078,780.27
S003117,R045,T001,P001,2023-04-01,2023,4,1,190.33,0.111,169.2
S003118,R045,T001,P001,2023-05-01,2023,5,1,93.29,0.152,79.11
S003119,R045,T001,P004,2023-05-01,2023,5,1,241.48,0.095,218.54
S003120,R045,T001,P005,2023-05-01,2023,5,1,66.58,0.13,57.92
S003121,R045,T001,P006,2023-05-01,2023,5,1,310.79,0.03,301.47
S003122,R045,T001,P005,2023-06-01,2023,6,1,177.16,0.096,160.15
S003123,R045,T001,P004,2023-06-01,2023,6,1,49.7,0.102,44.63
S003124,R045,T001,P001,2023-06-01,2023,6,1,100.08,0.078,92.27
S003125,R045,T001,P003,2023-06-01,2023,6,1,569.41,0.143,487.98
S003126,R045,T001,P002,2023-07-01,2023,7,1,597.69,0.177,491.9
S003127,R045,T001,P003,2023-07-01,2023,7,1,455.69,0.097,411.49
S003128,R045,T001,P004,2023-07-01,2023,7,1,283.26,0.117,250.12
S003129,R045,T001,P005,2023-07-01,2023,7,1,90.65,0.126,79.23
S003130,R045,T001,P001,2023-08-01,2023,8,1,196.24,0.175,161.9
S003131,R045,T001,P003,2023-08-01,2023,8,1,198.22,0.131,172.25
S003132,R045,T001,P006,2023-08-01,2023,8,1,435.64,0.152,369.42
S003133,R045,T001,P005,2023-08-01,2023,8,1,51.39,0.125,44.97
S003134,R045,T001,P003,2023-09-01,2023,9,1,540.95,0.067,504.71
S003135,R045,T001,P001,2023-09-01,2023,9,1,56.38,0.119,49.67
S003136,R045,T001,P005,2023-09-01,2023,9,1,115.95,0.095,104.93
S003137,R045,T001,P003,2023-10-01,2023,10,1,890.82,0.042,853.41
S003138,R045,T001,P006,2023-10-01,2023,10,1,627.73,0.115,555.54
S003139,R045,T001,P002,2023-10-01,2023,10,1,298.64,0.163,249.96
S003140,R045,T001,P003,2023-11-01,2023,11,1,1054.21,0.088,961.44
S003141,R045,T001,P004,2023-11-01,2023,11,1,243.49,0.039,233.99
S003142,R045,T001,P001,2023-11-01,2023,11,1,289.16,0.127,252.44
S003143,R045,T001,P006,2023-11-01,2023,11,1,328.61,0.133,284.9
S003144,R045,T001,P004,2023-12-01,2023,12,1,339.86,0.071,315.73
S003145,R045,T001,P003,2023-12-01,2023,12,1,1110.12,0.126,970.24
S003146,R045,T001,P002,2023-12-01,2023,12,1,394.12,0.091,358.26
S003147,R045,T001,P005,2023-12-01,2023,12,1,142.21,0.146,121.45
S003148,R045,T001,P004,2024-01-01,2024,1,1,294.03,0.054,278.15
S003149,R045,T001,P001,2024-01-01,2024,1,1,441.66,0.049,420.02
S003150,R045,T001,P003,2024-02-01,2024,2,1,190.3,0.053,180.21
S003151,R045,T001,P005,2024-02-01,2024,2,1,223.08,0.034,215.5
S003152,R045,T001,P006,2024-03-01,2024,3,1,624.22,0.128,544.32
S003153,R045,T001,P004,2024-03-01,2024,3,1,136.04,0.15,115.63
S003154,R045,T001,P005,2024-04-01,2024,4,1,164.66,0.02,161.37
S003155,R045,T001,P002,2024-04-01,2024,4,1,148.12,0.071,137.6
S003156,R045,T001,P006,2024-04-01,2024,4,1,189.33,0.106,169.26
S003157,R045,T001,P001,2024-04-01,2024,4,1,309.07,0.093,280.33
S003158,R045,T001,P003,2024-05-01,2024,5,1,1237.08,0.127,1079.97
S003159,R045,T001,P004,2024-05-01,2024,5,1,236.0,0.105,211.22
S003160,R045,T001,P004,2024-06-01,2024,6,1,94.88,0.148,80.84
S003161,R045,T001,P002,2024-06-01,2024,6,1,462.46,0.057,436.1
S003162,R045,T001,P006,2024-07-01,2024,7,1,335.0,0.061,314.56
S003163,R045,T001,P003,2024-07-01,2024,7,1,812.81,0.136,702.27
S003164,R045,T001,P001,2024-07-01,2024,7,1,186.46,0.034,180.12
S003165,R045,T001,P001,2024-08-01,2024,8,1,259.99,0.084,238.15
S003166,R045,T001,P005,2024-08-01,2024,8,1,192.45,0.02,188.6
S003167,R045,T001,P006,2024-08-01,2024,8,1,583.7,0.104,523.0
S003168,R045,T001,P005,2024-09-01,2024,9,1,44.0,0.086,40.22
S003169,R045,T001,P003,2024-09-01,2024,9,1,1243.74,0.082,1141.75
S003170,R045,T001,P002,2024-09-01,2024,9,1,313.11,0.059,294.64
S003171,R045,T001,P006,2024-10-01,2024,10,1,456.0,0.153,386.23
S003172,R045,T001,P003,2024-10-01,2024,10,1,445.09,0.09,405.03
S003173,R045,T001,P002,2024-10-01,2024,10,1,384.76,0.127,335.9
S003174,R045,T001,P004,2024-10-01,2024,10,1,32.3,0.079,29.75
S003175,R045,T001,P002,2024-11-01,2024,11,1,98.44,0.079,90.66
S003176,R045,T001,P001,2024-11-01,2024,11,1,210.04,0.137,181.26
S003177,R045,T001,P004,2024-11-01,2024,11,1,92.22,0.121,81.06
S003178,R045,T001,P003,2024-12-01,2024,12,1,1188.46,0.077,1096.95
S003179,R045,T001,P005,2024-12-01,2024,12,1,117.58,0.174,97.12
S003180,R045,T001,P006,2024-12-01,2024,12,1,143.82,0.127,125.55
S003181,R045,T001,P004,2024-12-01,2024,12,1,37.19,0.07,34.59
S003182,R046,T003,P006,2023-01-01,2023,1,1,1447.44,0.02,1418.49
S003183,R046,T003,P004,2023-01-01,2023,1,2,822.39,0.051,780.45
S003184,R046,T003,P005,2023-01-01,2023,1,2,771.43,0.052,731.32
S003185,R046,T003,P002,2023-02-01,2023,2,3,2390.09,0.085,2186.93
S003186,R046,T003,P006,2023-02-01,2023,2,3,2786.72,0.146,2379.86
S003187,R046,T003,P006,2023-03-01,2023,3,4,3780.63,0.08,3478.18
S003188,R046,T003,P003,2023-03-01,2023,3,3,4109.81,0.138,3542.66
S003189,R046,T003,P001,2023-03-01,2023,3,3,1494.6,0.08,1375.03
S003190,R046,T003,P001,2023-04-01,2023,4,3,1340.53,0.091,1218.54
S003191,R046,T003,P002,2023-04-01,2023,4,4,3352.94,0.025,3269.12
S003192,R046,T003,P003,2023-05-01,2023,5,6,7614.43,0.104,6822.53
S003193,R046,T003,P001,2023-05-01,2023,5,3,1557.31,0.137,1343.96
S003194,R046,T003,P002,2023-06-01,2023,6,2,1715.25,0.109,1528.29
S003195,R046,T003,P006,2023-06-01,2023,6,1,994.96,0.053,942.23
S003196,R046,T003,P005,2023-06-01,2023,6,1,437.62,0.061,410.93
S003197,R046,T003,P004,2023-06-01,2023,6,3,1202.66,0.151,1021.06
S003198,R046,T003,P005,2023-07-01,2023,7,1,181.1,0.121,159.19
S003199,R046,T003,P001,2023-07-01,2023,7,5,2321.25,0.082,2130.91
S003200,R046,T003,P003,2023-07-01,2023,7,1,1431.36,0.164,1196.62
S003201,R046,T003,P005,2023-08-01,2023,8,1,456.11,0.157,384.5
S003202,R046,T003,P004,2023-08-01,2023,8,2,736.11,0.06,691.94
S003203,R046,T003,P006,2023-08-01,2023,8,3,2771.89,0.049,2636.07
S003204,R046,T003,P002,2023-08-01,2023,8,1,503.02,0.055,475.35
S003205,R046,T003,P003,2023-09-01,2023,9,3,4831.04,0.089,4401.08
S003206,R046,T003,P005,2023-09-01,2023,9,1,335.85,0.108,299.58
S003207,R046,T003,P001,2023-10-01,2023,10,1,518.13,0.109,461.65
S003208,R046,T003,P003,2023-10-01,2023,10,2,3139.51,0.116,2775.33
S003209,R046,T003,P004,2023-10-01,2023,10,3,1128.34,0.089,1027.92
S003210,R046,T003,P003,2023-11-01,2023,11,3,4332.17,0.076,4002.93
S003211,R046,T003,P005,2023-11-01,2023,11,2,753.84,0.113,668.66
S003212,R046,T003,P001,2023-11-01,2023,11,1,572.13,0.124,501.19
S003213,R046,T003,P006,2023-12-01,2023,12,1,1750.97,0.164,1463.81
S003214,R046,T003,P005,2023-12-01,2023,12,3,1123.64,0.022,1098.92
S003215,R046,T003,P003,2023-12-01,2023,12,5,6342.69,0.025,6184.12
S003216,R046,T003,P003,2024-01-01,2024,1,1,1330.66,0.076,1229.53
S003217,R046,T003,P002,2024-01-01,2024,1,1,968.41,0.062,908.37
S003218,R046,T003,P005,2024-01-01,2024,1,1,521.28,0.062,488.96
S003219,R046,T003,P004,2024-02-01,2024,2,4,1387.46,0.13,1207.09
S003220,R046,T003,P002,2024-02-01,2024,2,6,4340.91,0.09,3950.23
S003221,R046,T003,P003,2024-02-01,2024,2,1,1748.6,0.099,1575.49
S003222,R046,T003,P003,2024-03-01,2024,3,1,1905.61,0.065,1781.75
S003223,R046,T003,P005,2024-03-01,2024,3,5,1490.72,0.122,1308.85
S003224,R046,T003,P001,2024-03-01,2024,3,1,539.87,0.098,486.96
S003225,R046,T003,P005,2024-04-01,2024,4,4,1210.62,0.025,1180.35
S003226,R046,T003,P006,2024-04-01,2024,4,2,2366.87,0.053,2241.43
S003227,R046,T003,P001,2024-05-01,2024,5,2,976.83,0.077,901.61
S003228,R046,T003,P005,2024-05-01,2024,5,6,1933.38,0.059,1819.31
S003229,R046,T003,P003,2024-06-01,2024,6,3,4180.64,0.096,3779.3
S003230,R046,T003,P005,2024-06-01,2024,6,3,938.34,0.141,806.03
S003231,R046,T003,P004,2024-06-01,2024,6,1,292.24,0.145,249.87
S003232,R046,T003,P002,2024-06-01,2024,6,3,2492.34,0.122,2188.27
S003233,R046,T003,P005,2024-07-01,2024,7,2,808.45,0.1,727.6
S003234,R046,T003,P006,2024-07-01,2024,7,3,3025.69,0.161,2538.55
S003235,R046,T003,P003,2024-07-01,2024,7,2,3181.98,0.105,2847.87
S003236,R046,T003,P006,2024-08-01,2024,8,1,1607.86,0.083,1474.41
S003237,R046,T003,P001,2024-08-01,2024,8,3,1655.02,0.123,1451.45
S003238,R046,T003,P004,2024-08-01,2024,8,1,405.01,0.067,377.87
S003239,R046,T003,P005,2024-08-01,2024,8,2,674.71,0.044,645.02
S003240,R046,T003,P003,2024-09-01,2024,9,4,5257.39,0.116,4647.53
S003241,R046,T003,P006,2024-09-01,2024,9,4,4118.12,0.061,3866.91
S003242,R046,T003,P005,2024-10-01,2024,10,1,496.49,0.097,448.33
S003243,R046,T003,P002,2024-10-01,2024,10,2,1805.27,0.042,1729.45
S003244,R046,T003,P001,2024-10-01,2024,10,1,738.68,0.088,673.68
S003245,R046,T003,P006,2024-11-01,2024,11,3,3384.69,0.104,3032.68
S003246,R046,T003,P002,2024-11-01,2024,11,2,1425.86,0.03,1383.08
S003247,R046,T003,P006,2024-12-01,2024,12,3,3360.84,0.118,2964.26
S003248,R046,T003,P005,2024-12-01,2024,12,2,757.15,0.053,717.02
S003249,R046,T003,P001,2024-12-01,2024,12,3,1618.94,0.096,1463.52
S003250,R047,T016,P005,2023-01-01,2023,1,1,522.58,0.073,484.43
S003251,R047,T016,P002,2023-01-01,2023,1,1,1246.31,0.163,1043.16
S003252,R047,T016,P005,2023-02-01,2023,2,1,86.73,0.104,77.71
S003253,R047,T016,P003,2023-02-01,2023,2,1,447.44,0.082,410.75
S003254,R047,T016,P004,2023-02-01,2023,2,1,161.37,0.021,157.98
S003255,R047,T016,P004,2023-03-01,2023,3,1,138.1,0.058,130.09
S003256,R047,T016,P005,2023-03-01,2023,3,2,718.33,0.032,695.34
S003257,R047,T016,P003,2023-03-01,2023,3,1,608.3,0.113,539.56
S003258,R047,T016,P002,2023-03-01,2023,3,1,528.73,0.048,503.35
S003259,R047,T016,P006,2023-04-01,2023,4,1,1051.62,0.085,962.23
S003260,R047,T016,P003,2023-04-01,2023,4,1,533.67,0.042,511.26
S003261,R047,T016,P001,2023-05-01,2023,5,1,561.94,0.147,479.33
S003262,R047,T016,P003,2023-05-01,2023,5,1,887.99,0.161,745.02
S003263,R047,T016,P006,2023-05-01,2023,5,1,1731.66,0.134,1499.62
S003264,R047,T016,P003,2023-06-01,2023,6,1,1844.82,0.067,1721.22
S003265,R047,T016,P004,2023-06-01,2023,6,2,643.06,0.145,549.82
S003266,R047,T016,P001,2023-07-01,2023,7,1,147.69,0.157,124.5
S003267,R047,T016,P006,2023-07-01,2023,7,1,285.06,0.128,248.57
S003268,R047,T016,P004,2023-07-01,2023,7,1,107.31,0.092,97.44
S003269,R047,T016,P005,2023-08-01,2023,8,1,398.0,0.174,328.75
S003270,R047,T016,P006,2023-08-01,2023,8,2,1807.83,0.171,1498.69
S003271,R047,T016,P001,2023-09-01,2023,9,1,146.62,0.145,125.36
S003272,R047,T016,P002,2023-09-01,2023,9,1,740.87,0.113,657.15
S003273,R047,T016,P003,2023-09-01,2023,9,1,945.34,0.092,858.37
S003274,R047,T016,P005,2023-09-01,2023,9,1,91.88,0.031,89.03
S003275,R047,T016,P005,2023-10-01,2023,10,1,150.0,0.062,140.7
S003276,R047,T016,P004,2023-10-01,2023,10,1,351.01,0.169,291.69
S003277,R047,T016,P001,2023-10-01,2023,10,1,185.87,0.157,156.69
S003278,R047,T016,P004,2023-11-01,2023,11,1,246.78,0.151,209.52
S003279,R047,T016,P002,2023-11-01,2023,11,1,938.03,0.072,870.49
S003280,R047,T016,P006,2023-11-01,2023,11,1,877.8,0.043,840.05
S003281,R047,T016,P006,2023-12-01,2023,12,1,1594.31,0.091,1449.23
S003282,R047,T016,P003,2023-12-01,2023,12,1,1096.53,0.138,945.21
S003283,R047,T016,P005,2023-12-01,2023,12,1,273.33,0.117,241.35
S003284,R047,T016,P001,2024-01-01,2024,1,2,1199.48,0.178,985.97
S003285,R047,T016,P005,2024-01-01,2024,1,1,320.7,0.132,278.37
S003286,R047,T016,P005,2024-02-01,2024,2,2,703.48,0.073,652.13
S003287,R047,T016,P006,2024-02-01,2024,2,1,1507.03,0.093,1366.88
S003288,R047,T016,P003,2024-02-01,2024,2,1,1354.27,0.028,1316.35
S003289,R047,T016,P004,2024-03-01,2024,3,1,428.03,0.043,409.62
S003290,R047,T016,P005,2024-03-01,2024,3,1,268.42,0.179,220.37
S003291,R047,T016,P001,2024-03-01,2024,3,1,261.98,0.112,232.64
S003292,R047,T016,P001,2024-04-01,2024,4,1,223.28,0.092,202.74
S003293,R047,T016,P003,2024-04-01,2024,4,1,1455.97,0.048,1386.08
S003294,R047,T016,P002,2024-05-01,2024,5,1,622.99,0.107,556.33
S003295,R047,T016,P003,2024-05-01,2024,5,1,1563.21,0.16,1313.1
S003296,R047,T016,P001,2024-06-01,2024,6,1,485.44,0.101,436.41
S003297,R047,T016,P004,2024-06-01,2024,6,1,504.71,0.039,485.03
S003298,R047,T016,P002,2024-07-01,2024,7,1,1032.09,0.065,965.0
S003299,R047,T016,P001,2024-07-01,2024,7,1,512.99,0.149,436.55
S003300,R047,T016,P003,2024-07-01,2024,7,1,1554.81,0.172,1287.38
S003301,R047,T016,P003,2024-08-01,2024,8,1,560.75,0.171,464.86
S003302,R047,T016,P006,2024-08-01,2024,8,1,307.09,0.022,300.33
S003303,R047,T016,P006,2024-09-01,2024,9,1,655.34,0.106,585.87
S003304,R047,T016,P001,2024-09-01,2024,9,1,669.83,0.144,573.37
S003305,R047,T016,P006,2024-10-01,2024,10,1,397.4,0.041,381.11
S003306,R047,T016,P004,2024-10-01,2024,10,2,694.72,0.046,662.76
S003307,R047,T016,P001,2024-10-01,2024,10,1,445.98,0.118,393.35
S003308,R047,T016,P005,2024-10-01,2024,10,1,68.17,0.032,65.99
S003309,R047,T016,P006,2024-11-01,2024,11,1,403.58,0.148,343.85
S003310,R047,T016,P004,2024-11-01,2024,11,1,447.17,0.024,436.44
S003311,R047,T016,P002,2024-11-01,2024,11,1,650.28,0.028,632.07
S003312,R047,T016,P002,2024-12-01,2024,12,1,1252.83,0.097,1131.31
S003313,R047,T016,P003,2024-12-01,2024,12,2,2720.65,0.118,2399.61
S003314,R048,T023,P005,2023-01-01,2023,1,8,2402.86,0.111,2136.14
S003315,R048,T023,P006,2023-01-01,2023,1,8,7855.04,0.172,6503.97
S003316,R048,T023,P002,2023-02-01,2023,2,5,3825.04,0.118,3373.69
S003317,R048,T023,P005,2023-02-01,2023,2,10,2954.06,0.149,2513.91
S003318,R048,T023,P004,2023-02-01,2023,2,3,988.15,0.077,912.06
S003319,R048,T023,P001,2023-02-01,2023,2,7,3075.35,0.127,2684.78
S003320,R048,T023,P004,2023-03-01,2023,3,16,5266.98,0.038,5066.83
S003321,R048,T023,P001,2023-03-01,2023,3,14,5939.77,0.056,5607.14
S003322,R048,T023,P001,2023-04-01,2023,4,15,6625.64,0.047,6314.23
S003323,R048,T023,P003,2023-04-01,2023,4,26,33054.1,0.061,31037.8
S003324,R048,T023,P002,2023-04-01,2023,4,22,15192.36,0.171,12594.47
S003325,R048,T023,P003,2023-05-01,2023,5,16,21229.89,0.133,18406.31
S003326,R048,T023,P004,2023-05-01,2023,5,14,4632.91,0.149,3942.61
S003327,R048,T023,P001,2023-05-01,2023,5,12,5323.42,0.063,4988.04
S003328,R048,T023,P004,2023-06-01,2023,6,18,5796.62,0.058,5460.42
S003329,R048,T023,P003,2023-06-01,2023,6,6,8732.66,0.147,7448.96
S003330,R048,T023,P005,2023-07-01,2023,7,6,1993.19,0.057,1879.58
S003331,R048,T023,P002,2023-07-01,2023,7,9,6532.1,0.167,5441.24
S003332,R048,T023,P003,2023-07-01,2023,7,4,6010.25,0.029,5835.95
S003333,R048,T023,P001,2023-07-01,2023,7,7,3048.9,0.053,2887.31
S003334,R048,T023,P001,2023-08-01,2023,8,3,1649.37,0.021,1614.73
S003335,R048,T023,P003,2023-08-01,2023,8,5,7063.25,0.077,6519.38
S003336,R048,T023,P004,2023-08-01,2023,8,20,6246.3,0.056,5896.51
S003337,R048,T023,P004,2023-09-01,2023,9,8,2788.43,0.171,2311.61
S003338,R048,T023,P003,2023-09-01,2023,9,5,6870.82,0.033,6644.08
S003339,R048,T023,P005,2023-09-01,2023,9,21,6327.04,0.085,5789.24
S003340,R048,T023,P004,2023-10-01,2023,10,17,5435.95,0.113,4821.69
S003341,R048,T023,P003,2023-10-01,2023,10,8,10432.17,0.087,9524.57
S003342,R048,T023,P005,2023-11-01,2023,11,9,2767.35,0.104,2479.55
S003343,R048,T023,P002,2023-11-01,2023,11,13,9016.46,0.034,8709.9
S003344,R048,T023,P003,2023-11-01,2023,11,16,21025.36,0.105,18817.7
S003345,R048,T023,P004,2023-12-01,2023,12,14,4454.7,0.163,3728.58
S003346,R048,T023,P006,2023-12-01,2023,12,12,11174.95,0.081,10269.78
S003347,R048,T023,P005,2023-12-01,2023,12,11,3406.25,0.084,3120.12
S003348,R048,T023,P003,2024-01-01,2024,1,19,24236.19,0.023,23678.76
S003349,R048,T023,P005,2024-01-01,2024,1,25,7407.11,0.037,7133.05
S003350,R048,T023,P001,2024-02-01,2024,2,14,6192.85,0.156,5226.77
S003351,R048,T023,P006,2024-02-01,2024,2,12,11038.11,0.079,10166.1
S003352,R048,T023,P005,2024-03-01,2024,3,4,1217.49,0.141,1045.82
S003353,R048,T023,P006,2024-03-01,2024,3,11,10515.0,0.025,10252.12
S003354,R048,T023,P004,2024-03-01,2024,3,3,1149.76,0.143,985.34
S003355,R048,T023,P003,2024-03-01,2024,3,19,23760.52,0.131,20647.89
S003356,R048,T023,P004,2024-04-01,2024,4,11,3554.07,0.042,3404.8
S003357,R048,T023,P001,2024-04-01,2024,4,27,11411.2,0.111,10144.56
S003358,R048,T023,P006,2024-04-01,2024,4,13,12168.32,0.038,11705.92
S003359,R048,T023,P001,2024-05-01,2024,5,11,4805.99,0.099,4330.2
S003360,R048,T023,P006,2024-05-01,2024,5,5,4473.83,0.155,3780.39
S003361,R048,T023,P004,2024-05-01,2024,5,7,2368.96,0.044,2264.73
S003362,R048,T023,P003,2024-05-01,2024,5,24,30922.36,0.045,29530.85
S003363,R048,T023,P004,2024-06-01,2024,6,11,3474.44,0.042,3328.51
S003364,R048,T023,P005,2024-06-01,2024,6,10,2969.61,0.156,2506.35
S003365,R048,T023,P004,2024-07-01,2024,7,6,2084.15,0.139,1794.45
S003366,R048,T023,P002,2024-07-01,2024,7,25,17349.97,0.142,14886.27
S003367,R048,T023,P006,2024-08-01,2024,8,11,10049.7,0.169,8351.3
S003368,R048,T023,P003,2024-08-01,2024,8,10,12999.21,0.075,12024.27
S003369,R048,T023,P006,2024-09-01,2024,9,21,19515.63,0.101,17544.55
S003370,R048,T023,P004,2024-09-01,2024,9,11,3565.6,0.061,3348.1
S003371,R048,T023,P005,2024-09-01,2024,9,5,1705.54,0.073,1581.04
S003372,R048,T023,P001,2024-10-01,2024,10,6,2694.34,0.169,2239.0
S003373,R048,T023,P005,2024-10-01,2024,10,25,7509.93,0.12,6608.74
S003374,R048,T023,P005,2024-11-01,2024,11,3,1127.98,0.108,1006.16
S003375,R048,T023,P004,2024-11-01,2024,11,26,8144.69,0.077,7517.55
S003376,R048,T023,P001,2024-12-01,2024,12,17,7356.57,0.025,7172.66
S003377,R048,T023,P006,2024-12-01,2024,12,22,20160.61,0.097,18205.03
S003378,R048,T023,P003,2024-12-01,2024,12,20,26227.86,0.041,25152.52
S003379,R048,T023,P004,2024-12-01,2024,12,11,3528.76,0.109,3144.13
S003380,R049,T011,P004,2023-01-01,2023,1,6,2068.32,0.167,1722.91
S003381,R049,T011,P006,2023-01-01,2023,1,4,4179.4,0.052,3962.07
S003382,R049,T011,P001,2023-01-01,2023,1,9,4073.42,0.143,3490.92
S003383,R049,T011,P003,2023-01-01,2023,1,17,21719.38,0.17,18027.09
S003384,R049,T011,P005,2023-02-01,2023,2,10,3091.87,0.171,2563.16
S003385,R049,T011,P004,2023-02-01,2023,2,11,3676.88,0.073,3408.47
S003386,R049,T011,P002,2023-02-01,2023,2,18,12539.41,0.044,11987.68
S003387,R049,T011,P003,2023-02-01,2023,2,19,24056.88,0.076,22228.56
S003388,R049,T011,P003,2023-03-01,2023,3,8,10361.17,0.076,9573.72
S003389,R049,T011,P002,2023-03-01,2023,3,5,3773.17,0.172,3124.18
S003390,R049,T011,P001,2023-03-01,2023,3,7,3248.35,0.032,3144.4
S003391,R049,T011,P004,2023-03-01,2023,3,13,4214.44,0.106,3767.71
S003392,R049,T011,P003,2023-04-01,2023,4,11,14191.72,0.051,13467.94
S003393,R049,T011,P005,2023-04-01,2023,4,9,2701.11,0.042,2587.66
S003394,R049,T011,P001,2023-05-01,2023,5,18,7908.43,0.152,6706.35
S003395,R049,T011,P004,2023-05-01,2023,5,16,5111.57,0.142,4385.73
S003396,R049,T011,P003,2023-05-01,2023,5,6,8681.39,0.085,7943.47
S003397,R049,T011,P003,2023-06-01,2023,6,7,9219.53,0.086,8426.65
S003398,R049,T011,P006,2023-06-01,2023,6,12,11480.09,0.044,10974.97
S003399,R049,T011,P001,2023-07-01,2023,7,6,2872.6,0.069,2674.39
S003400,R049,T011,P003,2023-07-01,2023,7,16,21172.27,0.099,19076.22
S003401,R049,T011,P006,2023-08-01,2023,8,3,2779.51,0.091,2526.57
S003402,R049,T011,P003,2023-08-01,2023,8,12,16011.06,0.047,15258.54
S003403,R049,T011,P002,2023-09-01,2023,9,11,7627.66,0.145,6521.65
S003404,R049,T011,P003,2023-09-01,2023,9,6,7816.05,0.139,6729.62
S003405,R049,T011,P006,2023-09-01,2023,9,9,8643.37,0.129,7528.38
S003406,R049,T011,P004,2023-09-01,2023,9,10,3360.59,0.111,2987.56
S003407,R049,T011,P006,2023-10-01,2023,10,1,1595.38,0.161,1338.52
S003408,R049,T011,P002,2023-10-01,2023,10,16,11352.3,0.147,9683.51
S003409,R049,T011,P003,2023-10-01,2023,10,6,8312.72,0.147,7090.75
S003410,R049,T011,P005,2023-10-01,2023,10,2,752.67,0.026,733.1
S003411,R049,T011,P002,2023-11-01,2023,11,2,1931.01,0.166,1610.46
S003412,R049,T011,P006,2023-11-01,2023,11,13,12107.57,0.056,11429.55
S003413,R049,T011,P002,2023-12-01,2023,12,12,8494.41,0.092,7712.92
S003414,R049,T011,P004,2023-12-01,2023,12,5,1839.97,0.093,1668.85
S003415,R049,T011,P006,2023-12-01,2023,12,7,7105.43,0.112,6309.62
S003416,R049,T011,P001,2023-12-01,2023,12,12,5075.35,0.148,4324.2
S003417,R049,T011,P004,2024-01-01,2024,1,7,2447.03,0.075,2263.5
S003418,R049,T011,P002,2024-01-01,2024,1,13,8851.08,0.153,7496.86
S003419,R049,T011,P004,2024-02-01,2024,2,8,2749.95,0.146,2348.46
S003420,R049,T011,P002,2024-02-01,2024,2,7,4999.84,0.147,4264.86
S003421,R049,T011,P005,2024-03-01,2024,3,12,3487.81,0.047,3323.88
S003422,R049,T011,P002,2024-03-01,2024,3,3,2696.81,0.179,2214.08
S003423,R049,T011,P003,2024-03-01,2024,3,5,6680.2,0.036,6439.71
S003424,R049,T011,P001,2024-04-01,2024,4,8,3362.56,0.091,3056.57
S003425,R049,T011,P005,2024-04-01,2024,4,17,5144.63,0.153,4357.5
S003426,R049,T011,P004,2024-05-01,2024,5,15,4789.98,0.179,3932.57
S003427,R049,T011,P003,2024-05-01,2024,5,4,5673.96,0.17,4709.39
S003428,R049,T011,P001,2024-05-01,2024,5,7,3047.85,0.11,2712.59
S003429,R049,T011,P005,2024-06-01,2024,6,16,4662.53,0.145,3986.46
S003430,R049,T011,P004,2024-06-01,2024,6,10,3305.72,0.044,3160.27
S003431,R049,T011,P003,2024-06-01,2024,6,6,8286.84,0.135,7168.12
S003432,R049,T011,P003,2024-07-01,2024,7,17,21421.17,0.108,19107.68
S003433,R049,T011,P006,2024-07-01,2024,7,10,9244.1,0.153,7829.75
S003434,R049,T011,P005,2024-07-01,2024,7,9,2685.51,0.109,2392.79
S003435,R049,T011,P004,2024-08-01,2024,8,4,1530.6,0.15,1301.01
S003436,R049,T011,P006,2024-08-01,2024,8,7,7100.95,0.159,5971.9
S003437,R049,T011,P006,2024-09-01,2024,9,2,2075.98,0.066,1938.97
S003438,R049,T011,P003,2024-09-01,2024,9,12,16237.95,0.095,14695.34
S003439,R049,T011,P006,2024-10-01,2024,10,5,4701.89,0.131,4085.94
S003440,R049,T011,P002,2024-10-01,2024,10,7,5065.46,0.052,4802.06
S003441,R049,T011,P005,2024-11-01,2024,11,13,3812.52,0.078,3515.14
S003442,R049,T011,P003,2024-11-01,2024,11,4,5491.48,0.174,4535.96
S003443,R049,T011,P001,2024-11-01,2024,11,17,7241.95,0.052,6865.37
S003444,R049,T011,P002,2024-11-01,2024,11,14,9525.86,0.118,8401.81
S003445,R049,T011,P004,2024-12-01,2024,12,11,3669.75,0.173,3034.88
S003446,R049,T011,P002,2024-12-01,2024,12,6,4499.9,0.162,3770.92
S003447,R049,T011,P005,2024-12-01,2024,12,8,2598.18,0.094,2353.95
S003448,R049,T011,P006,2024-12-01,2024,12,15,13585.41,0.043,13001.24
S003449,R050,T012,P002,2023-01-01,2023,1,1,1239.79,0.077,1144.33
S003450,R050,T012,P003,2023-01-01,2023,1,1,825.91,0.026,804.44
S003451,R050,T012,P004,2023-01-01,2023,1,2,637.71,0.071,592.43
S003452,R050,T012,P006,2023-01-01,2023,1,1,1368.09,0.113,1213.5
S003453,R050,T012,P006,2023-02-01,2023,2,1,347.39,0.124,304.31
S003454,R050,T012,P003,2023-02-01,2023,2,1,932.49,0.036,898.92
S003455,R050,T012,P001,2023-02-01,2023,2,2,1143.52,0.081,1050.89
S003456,R050,T012,P002,2023-03-01,2023,3,2,1419.45,0.167,1182.4
S003457,R050,T012,P005,2023-03-01,2023,3,1,247.45,0.093,224.44
S003458,R050,T012,P003,2023-03-01,2023,3,1,1103.58,0.061,1036.26
S003459,R050,T012,P001,2023-04-01,2023,4,3,1288.62,0.046,1229.34
S003460,R050,T012,P003,2023-04-01,2023,4,2,2926.48,0.11,2604.57
S003461,R050,T012,P005,2023-04-01,2023,4,1,531.89,0.155,449.45
S003462,R050,T012,P002,2023-04-01,2023,4,1,486.53,0.157,410.14
S003463,R050,T012,P005,2023-05-01,2023,5,1,333.33,0.055,315.0
S003464,R050,T012,P002,2023-05-01,2023,5,1,562.05,0.174,464.25
S003465,R050,T012,P001,2023-05-01,2023,5,1,426.56,0.119,375.8
S003466,R050,T012,P004,2023-06-01,2023,6,1,194.55,0.171,161.28
S003467,R050,T012,P006,2023-06-01,2023,6,1,1006.09,0.138,867.25
S003468,R050,T012,P002,2023-06-01,2023,6,1,1135.85,0.094,1029.08
S003469,R050,T012,P001,2023-06-01,2023,6,1,781.51,0.142,670.54
S003470,R050,T012,P003,2023-07-01,2023,7,1,838.75,0.091,762.42
S003471,R050,T012,P005,2023-07-01,2023,7,1,134.43,0.024,131.2
S003472,R050,T012,P002,2023-08-01,2023,8,1,774.31,0.073,717.79
S003473,R050,T012,P001,2023-08-01,2023,8,1,630.02,0.149,536.15
S003474,R050,T012,P002,2023-09-01,2023,9,1,268.8,0.08,247.3
S003475,R050,T012,P001,2023-09-01,2023,9,1,230.73,0.155,194.97
S003476,R050,T012,P005,2023-10-01,2023,10,1,379.1,0.121,333.23
S003477,R050,T012,P006,2023-10-01,2023,10,1,1748.21,0.083,1603.11
S003478,R050,T012,P003,2023-10-01,2023,10,2,2669.58,0.14,2295.84
S003479,R050,T012,P003,2023-11-01,2023,11,1,1589.91,0.038,1529.49
S003480,R050,T012,P004,2023-11-01,2023,11,1,260.42,0.044,248.96
S003481,R050,T012,P005,2023-11-01,2023,11,1,168.48,0.053,159.55
S003482,R050,T012,P001,2023-11-01,2023,11,1,583.12,0.084,534.14
S003483,R050,T012,P002,2023-12-01,2023,12,2,1901.47,0.143,1629.56
S003484,R050,T012,P005,2023-12-01,2023,12,3,930.9,0.045,889.01
S003485,R050,T012,P006,2023-12-01,2023,12,1,522.39,0.1,470.15
S003486,R050,T012,P001,2024-01-01,2024,1,1,492.95,0.139,424.43
S003487,R050,T012,P005,2024-01-01,2024,1,1,481.2,0.155,406.61
S003488,R050,T012,P004,2024-01-01,2024,1,1,238.32,0.051,226.17
S003489,R050,T012,P003,2024-01-01,2024,1,2,3728.44,0.027,3627.77
S003490,R050,T012,P004,2024-02-01,2024,2,2,834.78,0.067,778.85
S003491,R050,T012,P002,2024-02-01,2024,2,1,484.62,0.164,405.14
S003492,R050,T012,P005,2024-02-01,2024,2,2,725.74,0.074,672.04
S003493,R050,T012,P004,2024-03-01,2024,3,1,164.67,0.101,148.04
S003494,R050,T012,P001,2024-03-01,2024,3,1,731.39,0.166,609.98
S003495,R050,T012,P005,2024-04-01,2024,4,1,264.1,0.138,227.65
S003496,R050,T012,P006,2024-04-01,2024,4,1,1737.66,0.042,1664.68
S003497,R050,T012,P003,2024-04-01,2024,4,2,2555.78,0.141,2195.42
S003498,R050,T012,P001,2024-04-01,2024,4,1,574.96,0.073,532.99
S003499,R050,T012,P002,2024-05-01,2024,5,1,276.29,0.042,264.69
S003500,R050,T012,P003,2024-05-01,2024,5,1,1036.33,0.132,899.53
S003501,R050,T012,P006,2024-05-01,2024,5,2,2146.95,0.028,2086.84
S003502,R050,T012,P001,2024-06-01,2024,6,1,214.6,0.045,204.94
S003503,R050,T012,P006,2024-06-01,2024,6,1,856.22,0.108,763.75
S003504,R050,T012,P003,2024-06-01,2024,6,1,2213.3,0.029,2149.11
S003505,R050,T012,P005,2024-06-01,2024,6,2,617.04,0.065,576.93
S003506,R050,T012,P001,2024-07-01,2024,7,1,158.36,0.1,142.52
S003507,R050,T012,P004,2024-07-01,2024,7,1,398.59,0.047,379.86
S003508,R050,T012,P006,2024-07-01,2024,7,1,620.58,0.14,533.7
S003509,R050,T012,P003,2024-07-01,2024,7,1,1855.14,0.117,1638.09
S003510,R050,T012,P004,2024-08-01,2024,8,2,636.85,0.174,526.04
S003511,R050,T012,P005,2024-08-01,2024,8,1,134.65,0.147,114.86
S003512,R050,T012,P001,2024-08-01,2024,8,1,582.07,0.166,485.45
S003513,R050,T012,P003,2024-08-01,2024,8,1,2186.05,0.134,1893.12
S003514,R050,T012,P001,2024-09-01,2024,9,1,628.89,0.156,530.78
S003515,R050,T012,P004,2024-09-01,2024,9,1,509.78,0.081,468.49
S003516,R050,T012,P006,2024-09-01,2024,9,1,1206.26,0.059,1135.09
S003517,R050,T012,P004,2024-10-01,2024,10,1,135.95,0.146,116.1
S003518,R050,T012,P005,2024-10-01,2024,10,2,698.85,0.024,682.08
S003519,R050,T012,P006,2024-10-01,2024,10,1,643.46,0.174,531.5
S003520,R050,T012,P003,2024-10-01,2024,10,3,3985.13,0.084,3650.38
S003521,R050,T012,P005,2024-11-01,2024,11,1,241.07,0.176,198.64
S003522,R050,T012,P002,2024-11-01,2024,11,1,777.71,0.162,651.72
S003523,R050,T012,P004,2024-11-01,2024,11,1,387.33,0.156,326.91
S003524,R050,T012,P004,2024-12-01,2024,12,3,930.53,0.138,802.12
S003525,R050,T012,P002,2024-12-01,2024,12,2,1974.82,0.119,1739.82
S003526,R051,T010,P002,2023-01-01,2023,1,15,10369.45,0.139,8928.1
S003527,R051,T010,P001,2023-01-01,2023,1,17,7502.4,0.13,6527.09
S003528,R051,T010,P004,2023-01-01,2023,1,7,2429.46,0.084,2225.39
S003529,R051,T010,P003,2023-01-01,2023,1,14,17893.67,0.058,16855.84
S003530,R051,T010,P006,2023-02-01,2023,2,8,7339.83,0.143,6290.23
S003531,R051,T010,P003,2023-02-01,2023,2,12,15189.03,0.175,12530.95
S003532,R051,T010,P005,2023-03-01,2023,3,16,4810.82,0.173,3978.55
S003533,R051,T010,P004,2023-03-01,2023,3,5,1841.22,0.044,1760.21
S003534,R051,T010,P002,2023-03-01,2023,3,21,14844.7,0.168,12350.79
S003535,R051,T010,P004,2023-04-01,2023,4,2,824.77,0.035,795.9
S003536,R051,T010,P001,2023-04-01,2023,4,10,4584.52,0.02,4492.83
S003537,R051,T010,P002,2023-04-01,2023,4,23,16303.26,0.119,14363.17
S003538,R051,T010,P003,2023-05-01,2023,5,21,26786.71,0.082,24590.2
S003539,R051,T010,P001,2023-05-01,2023,5,10,4308.95,0.126,3766.02
S003540,R051,T010,P006,2023-06-01,2023,6,22,19609.38,0.094,17766.1
S003541,R051,T010,P002,2023-06-01,2023,6,8,5926.74,0.109,5280.73
S003542,R051,T010,P002,2023-07-01,2023,7,11,7859.24,0.144,6727.51
S003543,R051,T010,P001,2023-07-01,2023,7,9,4065.95,0.126,3553.64
S003544,R051,T010,P003,2023-07-01,2023,7,9,11519.93,0.07,10713.53
S003545,R051,T010,P005,2023-07-01,2023,7,8,2405.88,0.05,2285.59
S003546,R051,T010,P002,2023-08-01,2023,8,13,9282.36,0.146,7927.14
S003547,R051,T010,P004,2023-08-01,2023,8,13,4316.57,0.07,4014.41
S003548,R051,T010,P006,2023-08-01,2023,8,6,5899.22,0.145,5043.83
S003549,R051,T010,P005,2023-09-01,2023,9,10,3171.32,0.139,2730.51
S003550,R051,T010,P006,2023-09-01,2023,9,11,10048.5,0.151,8531.18
S003551,R051,T010,P001,2023-09-01,2023,9,7,3290.42,0.044,3145.64
S003552,R051,T010,P003,2023-09-01,2023,9,11,14047.72,0.144,12024.85
S003553,R051,T010,P001,2023-10-01,2023,10,2,1218.92,0.033,1178.7
S003554,R051,T010,P003,2023-10-01,2023,10,2,2690.42,0.064,2518.23
S003555,R051,T010,P005,2023-11-01,2023,11,7,2261.5,0.151,1920.01
S003556,R051,T010,P001,2023-11-01,2023,11,3,1666.22,0.029,1617.9
S003557,R051,T010,P004,2023-11-01,2023,11,7,2290.92,0.098,2066.41
S003558,R051,T010,P006,2023-11-01,2023,11,15,13742.18,0.031,13316.17
S003559,R051,T010,P005,2023-12-01,2023,12,7,2041.47,0.065,1908.77
S003560,R051,T010,P002,2023-12-01,2023,12,17,12216.5,0.048,11630.11
S003561,R051,T010,P003,2023-12-01,2023,12,6,8435.55,0.153,7144.91
S003562,R051,T010,P004,2023-12-01,2023,12,6,2041.33,0.07,1898.44
S003563,R051,T010,P006,2024-01-01,2024,1,21,18863.92,0.026,18373.46
S003564,R051,T010,P002,2024-01-01,2024,1,9,6473.65,0.044,6188.81
S003565,R051,T010,P004,2024-01-01,2024,1,16,5191.9,0.173,4293.7
S003566,R051,T010,P006,2024-02-01,2024,2,22,20004.37,0.121,17583.84
S003567,R051,T010,P002,2024-02-01,2024,2,6,4494.31,0.137,3878.59
S003568,R051,T010,P004,2024-03-01,2024,3,3,1115.7,0.135,965.08
S003569,R051,T010,P005,2024-03-01,2024,3,15,4516.44,0.106,4037.7
S003570,R051,T010,P006,2024-03-01,2024,3,17,15803.65,0.029,15345.34
S003571,R051,T010,P003,2024-03-01,2024,3,13,16987.79,0.112,15085.16
S003572,R051,T010,P005,2024-04-01,2024,4,9,2641.02,0.144,2260.71
S003573,R051,T010,P006,2024-04-01,2024,4,20,18312.14,0.166,15272.32
S003574,R051,T010,P002,2024-04-01,2024,4,12,8823.17,0.127,7702.63
S003575,R051,T010,P004,2024-04-01,2024,4,8,2737.33,0.021,2679.85
S003576,R051,T010,P001,2024-05-01,2024,5,14,6192.99,0.076,5722.32
S003577,R051,T010,P004,2024-05-01,2024,5,21,6675.19,0.035,6441.56
S003578,R051,T010,P003,2024-05-01,2024,5,12,15773.44,0.107,14085.68
S003579,R051,T010,P002,2024-05-01,2024,5,2,1643.21,0.127,1434.52
S003580,R051,T010,P005,2024-06-01,2024,6,12,3649.75,0.099,3288.42
S003581,R051,T010,P001,2024-06-01,2024,6,12,5324.2,0.039,5116.56
S003582,R051,T010,P002,2024-06-01,2024,6,20,14135.07,0.145,12085.48
S003583,R051,T010,P001,2024-07-01,2024,7,24,10151.58,0.123,8902.94
S003584,R051,T010,P004,2024-07-01,2024,7,11,3528.56,0.111,3136.89
S003585,R051,T010,P002,2024-07-01,2024,7,20,13734.05,0.099,12374.38
S003586,R051,T010,P005,2024-08-01,2024,8,2,839.79,0.06,789.4
S003587,R051,T010,P001,2024-08-01,2024,8,3,1674.75,0.141,1438.61
S003588,R051,T010,P006,2024-08-01,2024,8,9,8152.4,0.119,7182.26
S003589,R051,T010,P004,2024-08-01,2024,8,6,2143.95,0.103,1923.12
S003590,R051,T010,P005,2024-09-01,2024,9,4,1319.95,0.025,1286.95
S003591,R051,T010,P002,2024-09-01,2024,9,22,15636.98,0.038,15042.77
S003592,R051,T010,P004,2024-09-01,2024,9,9,2890.06,0.101,2598.16
S003593,R051,T010,P006,2024-10-01,2024,10,23,20894.97,0.041,20038.28
S003594,R051,T010,P002,2024-10-01,2024,10,17,11617.0,0.103,10420.45
S003595,R051,T010,P005,2024-10-01,2024,10,9,2758.29,0.15,2344.55
S003596,R051,T010,P003,2024-10-01,2024,10,18,22816.14,0.075,21104.93
S003597,R051,T010,P003,2024-11-01,2024,11,10,13206.33,0.06,12413.95
S003598,R051,T010,P004,2024-11-01,2024,11,9,2943.82,0.161,2469.86
S003599,R051,T010,P002,2024-11-01,2024,11,5,3716.49,0.1,3344.84
S003600,R051,T010,P001,2024-11-01,2024,11,5,2304.9,0.104,2065.19
S003601,R051,T010,P006,2024-12-01,2024,12,14,12844.97,0.04,12331.17
S003602,R051,T010,P005,2024-12-01,2024,12,7,2195.89,0.022,2147.58
S003603,R051,T010,P004,2024-12-01,2024,12,18,5655.56,0.15,4807.23
S003604,R051,T010,P001,2024-12-01,2024,12,7,3325.77,0.056,3139.53
S003605,R052,T032,P005,2023-01-01,2023,1,1,151.54,0.033,146.54
S003606,R052,T032,P006,2023-01-01,2023,1,2,2035.61,0.158,1713.98
S003607,R052,T032,P006,2023-02-01,2023,2,1,572.14,0.022,559.55
S003608,R052,T032,P002,2023-02-01,2023,2,1,1034.53,0.057,975.56
S003609,R052,T032,P005,2023-03-01,2023,3,2,628.92,0.051,596.85
S003610,R052,T032,P006,2023-03-01,2023,3,3,2942.02,0.053,2786.09
S003611,R052,T032,P001,2023-03-01,2023,3,2,881.38,0.062,826.73
S003612,R052,T032,P004,2023-03-01,2023,3,6,2059.08,0.109,1834.64
S003613,R052,T032,P006,2023-04-01,2023,4,3,2685.79,0.172,2223.83
S003614,R052,T032,P002,2023-04-01,2023,4,2,1616.91,0.049,1537.68
S003615,R052,T032,P001,2023-04-01,2023,4,3,1512.65,0.117,1335.67
S003616,R052,T032,P003,2023-04-01,2023,4,5,6471.85,0.176,5332.8
S003617,R052,T032,P002,2023-05-01,2023,5,4,3014.65,0.138,2598.63
S003618,R052,T032,P004,2023-05-01,2023,5,1,186.27,0.167,155.16
S003619,R052,T032,P003,2023-06-01,2023,6,1,1694.39,0.086,1548.67
S003620,R052,T032,P001,2023-06-01,2023,6,3,1529.83,0.129,1332.48
S003621,R052,T032,P002,2023-06-01,2023,6,4,3194.59,0.089,2910.27
S003622,R052,T032,P003,2023-07-01,2023,7,3,4454.31,0.143,3817.34
S003623,R052,T032,P006,2023-07-01,2023,7,4,4354.14,0.037,4193.04
S003624,R052,T032,P005,2023-07-01,2023,7,4,1235.87,0.14,1062.85
S003625,R052,T032,P005,2023-08-01,2023,8,1,475.92,0.062,446.41
S003626,R052,T032,P004,2023-08-01,2023,8,3,963.54,0.173,796.85
S003627,R052,T032,P003,2023-09-01,2023,9,2,3159.41,0.057,2979.32
S003628,R052,T032,P002,2023-09-01,2023,9,3,2556.96,0.14,2198.99
S003629,R052,T032,P001,2023-09-01,2023,9,3,1370.67,0.081,1259.65
S003630,R052,T032,P003,2023-10-01,2023,10,2,3146.68,0.027,3061.72
S003631,R052,T032,P004,2023-10-01,2023,10,1,541.44,0.129,471.59
S003632,R052,T032,P001,2023-10-01,2023,10,4,1890.13,0.115,1672.77
S003633,R052,T032,P001,2023-11-01,2023,11,1,352.88,0.081,324.3
S003634,R052,T032,P005,2023-11-01,2023,11,3,982.96,0.104,880.73
S003635,R052,T032,P004,2023-12-01,2023,12,5,1595.35,0.123,1399.12
S003636,R052,T032,P003,2023-12-01,2023,12,1,2301.15,0.05,2186.09
S003637,R052,T032,P002,2024-01-01,2024,1,4,2955.85,0.132,2565.68
S003638,R052,T032,P001,2024-01-01,2024,1,4,1744.38,0.173,1442.6
S003639,R052,T032,P006,2024-01-01,2024,1,3,3291.34,0.118,2902.96
S003640,R052,T032,P004,2024-02-01,2024,2,1,456.51,0.04,438.25
S003641,R052,T032,P001,2024-02-01,2024,2,1,610.21,0.023,596.18
S003642,R052,T032,P003,2024-03-01,2024,3,4,5342.37,0.058,5032.51
S003643,R052,T032,P004,2024-03-01,2024,3,1,542.63,0.135,469.37
S003644,R052,T032,P005,2024-03-01,2024,3,3,986.86,0.029,958.24
S003645,R052,T032,P002,2024-03-01,2024,3,1,825.02,0.163,690.54
S003646,R052,T032,P003,2024-04-01,2024,4,2,3312.24,0.023,3236.06
S003647,R052,T032,P005,2024-04-01,2024,4,1,228.21,0.128,199.0
S003648,R052,T032,P005,2024-05-01,2024,5,2,660.8,0.08,607.94
S003649,R052,T032,P004,2024-05-01,2024,5,3,973.97,0.107,869.76
S003650,R052,T032,P003,2024-06-01,2024,6,1,1223.62,0.142,1049.87
S003651,R052,T032,P001,2024-06-01,2024,6,5,2220.35,0.029,2155.96
S003652,R052,T032,P002,2024-06-01,2024,6,4,3239.38,0.026,3155.16
S003653,R052,T032,P006,2024-06-01,2024,6,3,2771.92,0.092,2516.9
S003654,R052,T032,P002,2024-07-01,2024,7,3,2596.57,0.12,2284.98
S003655,R052,T032,P005,2024-07-01,2024,7,1,475.03,0.026,462.68
S003656,R052,T032,P001,2024-07-01,2024,7,2,1203.7,0.174,994.26
S003657,R052,T032,P004,2024-08-01,2024,8,2,905.12,0.134,783.83
S003658,R052,T032,P005,2024-08-01,2024,8,3,1111.8,0.11,989.5
S003659,R052,T032,P005,2024-09-01,2024,9,3,1086.29,0.023,1061.31
S003660,R052,T032,P003,2024-09-01,2024,9,2,3525.21,0.156,2975.28
S003661,R052,T032,P002,2024-09-01,2024,9,1,706.09,0.173,583.94
S003662,R052,T032,P001,2024-09-01,2024,9,2,897.45,0.135,776.29
S003663,R052,T032,P003,2024-10-01,2024,10,3,4851.67,0.157,4089.96
S003664,R052,T032,P005,2024-10-01,2024,10,1,395.39,0.124,346.36
S003665,R052,T032,P006,2024-10-01,2024,10,2,2127.43,0.104,1906.18
S003666,R052,T032,P003,2024-11-01,2024,11,2,2593.11,0.143,2222.3
S003667,R052,T032,P002,2024-11-01,2024,11,1,1014.67,0.083,930.45
S003668,R052,T032,P005,2024-11-01,2024,11,4,1163.01,0.091,1057.18
S003669,R052,T032,P006,2024-11-01,2024,11,2,2293.33,0.087,2093.81
S003670,R052,T032,P002,2024-12-01,2024,12,4,2864.79,0.058,2698.63
S003671,R052,T032,P006,2024-12-01,2024,12,2,2586.28,0.058,2436.28
S003672,R052,T032,P005,2024-12-01,2024,12,3,1016.73,0.047,968.94
S003673,R053,T016,P002,2023-01-01,2023,1,1,1237.92,0.154,1047.28
S003674,R053,T016,P004,2023-01-01,2023,1,1,403.14,0.086,368.47
S003675,R053,T016,P006,2023-01-01,2023,1,1,965.22,0.138,832.02
S003676,R053,T016,P001,2023-01-01,2023,1,1,709.2,0.046,676.58
S003677,R053,T016,P004,2023-02-01,2023,2,1,566.25,0.081,520.38
S003678,R053,T016,P003,2023-02-01,2023,2,1,858.0,0.152,727.58
S003679,R053,T016,P006,2023-02-01,2023,2,1,989.59,0.156,835.21
S003680,R053,T016,P002,2023-02-01,2023,2,1,426.33,0.083,390.94
S003681,R053,T016,P006,2023-03-01,2023,3,2,2381.08,0.077,2197.74
S003682,R053,T016,P004,2023-03-01,2023,3,1,465.28,0.034,449.46
S003683,R053,T016,P001,2023-03-01,2023,3,1,693.52,0.164,579.78
S003684,R053,T016,P003,2023-03-01,2023,3,1,1382.01,0.102,1241.04
S003685,R053,T016,P004,2023-04-01,2023,4,1,500.85,0.085,458.28
S003686,R053,T016,P005,2023-04-01,2023,4,2,628.25,0.128,547.83
S003687,R053,T016,P003,2023-04-01,2023,4,2,3066.77,0.167,2554.62
S003688,R053,T016,P002,2023-05-01,2023,5,2,1533.16,0.138,1321.58
S003689,R053,T016,P004,2023-05-01,2023,5,1,379.45,0.034,366.55
S003690,R053,T016,P003,2023-05-01,2023,5,2,3514.08,0.137,3032.65
S003691,R053,T016,P006,2023-05-01,2023,5,1,312.54,0.081,287.22
S003692,R053,T016,P003,2023-06-01,2023,6,2,3304.84,0.073,3063.59
S003693,R053,T016,P005,2023-06-01,2023,6,2,589.27,0.106,526.81
S003694,R053,T016,P002,2023-07-01,2023,7,1,965.52,0.022,944.28
S003695,R053,T016,P003,2023-07-01,2023,7,1,1474.75,0.14,1268.29
S003696,R053,T016,P004,2023-07-01,2023,7,2,810.58,0.091,736.82
S003697,R053,T016,P006,2023-08-01,2023,8,2,1785.72,0.163,1494.65
S003698,R053,T016,P005,2023-08-01,2023,8,1,137.74,0.179,113.08
S003699,R053,T016,P005,2023-09-01,2023,9,1,102.09,0.124,89.43
S003700,R053,T016,P006,2023-09-01,2023,9,1,1718.44,0.144,1470.98
S003701,R053,T016,P003,2023-09-01,2023,9,1,1131.95,0.104,1014.23
S003702,R053,T016,P002,2023-10-01,2023,10,1,1041.71,0.079,959.41
S003703,R053,T016,P003,2023-10-01,2023,10,1,1702.64,0.164,1423.41
S003704,R053,T016,P001,2023-10-01,2023,10,1,210.83,0.174,174.15
S003705,R053,T016,P005,2023-11-01,2023,11,1,417.29,0.099,375.98
S003706,R053,T016,P001,2023-11-01,2023,11,1,215.02,0.091,195.45
S003707,R053,T016,P005,2023-12-01,2023,12,1,317.29,0.091,288.42
S003708,R053,T016,P006,2023-12-01,2023,12,1,1158.92,0.091,1053.46
S003709,R053,T016,P001,2023-12-01,2023,12,1,150.93,0.055,142.63
S003710,R053,T016,P005,2024-01-01,2024,1,1,404.21,0.05,384.0
S003711,R053,T016,P003,2024-01-01,2024,1,2,2860.61,0.103,2565.97
S003712,R053,T016,P002,2024-01-01,2024,1,1,1092.42,0.077,1008.3
S003713,R053,T016,P006,2024-01-01,2024,1,1,444.59,0.09,404.58
S003714,R053,T016,P006,2024-02-01,2024,2,1,333.02,0.06,313.04
S003715,R053,T016,P001,2024-02-01,2024,2,1,407.91,0.144,349.17
S003716,R053,T016,P004,2024-02-01,2024,2,2,632.16,0.1,568.94
S003717,R053,T016,P002,2024-03-01,2024,3,1,1107.19,0.036,1067.33
S003718,R053,T016,P003,2024-03-01,2024,3,2,2778.89,0.025,2709.42
S003719,R053,T016,P004,2024-03-01,2024,3,1,342.13,0.032,331.18
S003720,R053,T016,P005,2024-04-01,2024,4,1,230.18,0.123,201.87
S003721,R053,T016,P006,2024-04-01,2024,4,1,909.14,0.114,805.5
S003722,R053,T016,P004,2024-04-01,2024,4,1,134.58,0.169,111.84
S003723,R053,T016,P003,2024-05-01,2024,5,1,1619.45,0.18,1327.95
S003724,R053,T016,P006,2024-05-01,2024,5,1,520.37,0.121,457.41
S003725,R053,T016,P003,2024-06-01,2024,6,1,1871.58,0.134,1620.79
S003726,R053,T016,P005,2024-06-01,2024,6,2,673.69,0.063,631.25
S003727,R053,T016,P001,2024-06-01,2024,6,1,622.03,0.055,587.82
S003728,R053,T016,P004,2024-06-01,2024,6,1,248.68,0.118,219.34
S003729,R053,T016,P003,2024-07-01,2024,7,2,2536.37,0.052,2404.48
S003730,R053,T016,P006,2024-07-01,2024,7,1,1438.21,0.067,1341.85
S003731,R053,T016,P001,2024-08-01,2024,8,1,562.22,0.102,504.87
S003732,R053,T016,P004,2024-08-01,2024,8,1,179.8,0.065,168.11
S003733,R053,T016,P003,2024-09-01,2024,9,1,954.43,0.051,905.75
S003734,R053,T016,P001,2024-09-01,2024,9,1,268.76,0.057,253.44
S003735,R053,T016,P006,2024-09-01,2024,9,1,1372.06,0.116,1212.9
S003736,R053,T016,P005,2024-09-01,2024,9,2,665.78,0.157,561.25
S003737,R053,T016,P001,2024-10-01,2024,10,1,811.71,0.074,751.64
S003738,R053,T016,P006,2024-10-01,2024,10,1,635.9,0.163,532.25
S003739,R053,T016,P002,2024-10-01,2024,10,2,1471.65,0.062,1380.41
S003740,R053,T016,P001,2024-11-01,2024,11,2,971.6,0.053,920.11
S003741,R053,T016,P005,2024-11-01,2024,11,1,135.94,0.093,123.3
S003742,R053,T016,P006,2024-11-01,2024,11,1,818.97,0.064,766.56
S003743,R053,T016,P003,2024-11-01,2024,11,1,1052.25,0.076,972.28
S003744,R053,T016,P006,2024-12-01,2024,12,1,315.2,0.138,271.7
S003745,R053,T016,P001,2024-12-01,2024,12,1,398.59,0.112,353.95
S003746,R053,T016,P004,2024-12-01,2024,12,1,295.23,0.046,281.65
S003747,R054,T008,P002,2023-01-01,2023,1,3,2193.24,0.131,1905.93
S003748,R054,T008,P006,2023-01-01,2023,1,2,2646.19,0.126,2312.77
S003749,R054,T008,P003,2023-01-01,2023,1,3,3877.06,0.077,3578.53
S003750,R054,T008,P004,2023-01-01,2023,1,1,391.12,0.13,340.27
S003751,R054,T008,P005,2023-02-01,2023,2,1,281.81,0.139,242.64
S003752,R054,T008,P002,2023-02-01,2023,2,1,1186.52,0.167,988.37
S003753,R054,T008,P004,2023-02-01,2023,2,1,318.84,0.148,271.65
S003754,R054,T008,P001,2023-02-01,2023,2,1,284.96,0.066,266.15
S003755,R054,T008,P001,2023-03-01,2023,3,1,421.44,0.13,366.65
S003756,R054,T008,P002,2023-03-01,2023,3,2,1988.21,0.122,1745.65
S003757,R054,T008,P005,2023-03-01,2023,3,3,1069.85,0.101,961.8
S003758,R054,T008,P006,2023-03-01,2023,3,3,2834.14,0.071,2632.92
S003759,R054,T008,P004,2023-04-01,2023,4,1,597.51,0.164,499.52
S003760,R054,T008,P001,2023-04-01,2023,4,4,1903.17,0.113,1688.11
S003761,R054,T008,P003,2023-04-01,2023,4,4,5225.22,0.089,4760.18
S003762,R054,T008,P004,2023-05-01,2023,5,4,1351.87,0.092,1227.5
S003763,R054,T008,P005,2023-05-01,2023,5,1,404.15,0.095,365.76
S003764,R054,T008,P001,2023-05-01,2023,5,2,886.23,0.081,814.45
S003765,R054,T008,P006,2023-05-01,2023,5,4,3982.56,0.114,3528.55
S003766,R054,T008,P001,2023-06-01,2023,6,2,1254.55,0.052,1189.31
S003767,R054,T008,P006,2023-06-01,2023,6,1,856.27,0.027,833.15
S003768,R054,T008,P006,2023-07-01,2023,7,3,2734.6,0.097,2469.34
S003769,R054,T008,P003,2023-07-01,2023,7,1,2344.49,0.086,2142.86
S003770,R054,T008,P005,2023-07-01,2023,7,2,734.89,0.177,604.81
S003771,R054,T008,P006,2023-08-01,2023,8,2,1853.96,0.123,1625.92
S003772,R054,T008,P003,2023-08-01,2023,8,3,4220.86,0.063,3954.95
S003773,R054,T008,P005,2023-08-01,2023,8,1,404.02,0.069,376.14
S003774,R054,T008,P002,2023-08-01,2023,8,3,2173.56,0.088,1982.29
S003775,R054,T008,P001,2023-09-01,2023,9,1,649.62,0.178,533.99
S003776,R054,T008,P006,2023-09-01,2023,9,2,1986.92,0.152,1684.91
S003777,R054,T008,P003,2023-09-01,2023,9,1,2476.63,0.095,2241.35
S003778,R054,T008,P006,2023-10-01,2023,10,2,2353.71,0.059,2214.84
S003779,R054,T008,P001,2023-10-01,2023,10,1,577.17,0.058,543.69
S003780,R054,T008,P002,2023-11-01,2023,11,2,1590.49,0.06,1495.06
S003781,R054,T008,P004,2023-11-01,2023,11,4,1272.09,0.033,1230.11
S003782,R054,T008,P006,2023-11-01,2023,11,2,1970.0,0.162,1650.86
S003783,R054,T008,P001,2023-11-01,2023,11,1,753.76,0.177,620.34
S003784,R054,T008,P006,2023-12-01,2023,12,1,905.34,0.087,826.58
S003785,R054,T008,P003,2023-12-01,2023,12,3,4955.44,0.124,4340.97
S003786,R054,T008,P005,2023-12-01,2023,12,1,543.12,0.075,502.39
S003787,R054,T008,P004,2023-12-01,2023,12,1,549.44,0.076,507.68
S003788,R054,T008,P003,2024-01-01,2024,1,1,1502.96,0.168,1250.46
S003789,R054,T008,P004,2024-01-01,2024,1,2,693.23,0.156,585.09
S003790,R054,T008,P005,2024-01-01,2024,1,1,204.98,0.103,183.87
S003791,R054,T008,P001,2024-01-01,2024,1,2,1179.05,0.117,1041.1
S003792,R054,T008,P004,2024-02-01,2024,2,2,796.77,0.032,771.27
S003793,R054,T008,P005,2024-02-01,2024,2,4,1427.37,0.144,1221.83
S003794,R054,T008,P005,2024-03-01,2024,3,4,1407.11,0.14,1210.11
S003795,R054,T008,P003,2024-03-01,2024,3,3,4004.68,0.05,3804.45
S003796,R054,T008,P003,2024-04-01,2024,4,3,4160.38,0.109,3706.9
S003797,R054,T008,P006,2024-04-01,2024,4,5,4698.51,0.023,4590.44
S003798,R054,T008,P006,2024-05-01,2024,5,2,2052.7,0.09,1867.96
S003799,R054,T008,P002,2024-05-01,2024,5,3,2127.09,0.071,1976.07
S003800,R054,T008,P001,2024-06-01,2024,6,2,876.98,0.096,792.79
S003801,R054,T008,P003,2024-06-01,2024,6,2,3622.68,0.082,3325.62
S003802,R054,T008,P004,2024-06-01,2024,6,1,443.72,0.05,421.53
S003803,R054,T008,P005,2024-06-01,2024,6,5,1515.91,0.152,1285.49
S003804,R054,T008,P002,2024-07-01,2024,7,1,870.79,0.102,781.97
S003805,R054,T008,P001,2024-07-01,2024,7,4,1680.82,0.12,1479.12
S003806,R054,T008,P004,2024-08-01,2024,8,2,870.07,0.027,846.58
S003807,R054,T008,P005,2024-08-01,2024,8,1,460.86,0.172,381.59
S003808,R054,T008,P001,2024-08-01,2024,8,2,883.94,0.083,810.57
S003809,R054,T008,P002,2024-08-01,2024,8,3,2291.13,0.053,2169.7
S003810,R054,T008,P004,2024-09-01,2024,9,3,1201.7,0.039,1154.83
S003811,R054,T008,P002,2024-09-01,2024,9,1,750.64,0.164,627.54
S003812,R054,T008,P005,2024-09-01,2024,9,5,1457.2,0.136,1259.02
S003813,R054,T008,P006,2024-10-01,2024,10,1,1062.63,0.033,1027.56
S003814,R054,T008,P002,2024-10-01,2024,10,2,1452.08,0.049,1380.93
S003815,R054,T008,P004,2024-10-01,2024,10,1,393.1,0.042,376.59
S003816,R054,T008,P004,2024-11-01,2024,11,1,201.99,0.1,181.79
S003817,R054,T008,P005,2024-11-01,2024,11,4,1171.84,0.105,1048.8
S003818,R054,T008,P003,2024-11-01,2024,11,1,1941.78,0.063,1819.45
S003819,R054,T008,P001,2024-11-01,2024,11,1,589.62,0.027,573.7
S003820,R054,T008,P002,2024-12-01,2024,12,1,824.03,0.101,740.8
S003821,R054,T008,P003,2024-12-01,2024,12,3,4839.85,0.055,4573.66
S003822,R054,T008,P006,2024-12-01,2024,12,1,604.69,0.138,521.24
S003823,R055,T038,P004,2023-01-01,2023,1,1,374.4,0.105,335.09
S003824,R055,T038,P005,2023-01-01,2023,1,1,247.56,0.061,232.46
S003825,R055,T038,P001,2023-01-01,2023,1,1,595.59,0.155,503.27
S003826,R055,T038,P003,2023-01-01,2023,1,1,374.11,0.09,340.44
S003827,R055,T038,P002,2023-02-01,2023,2,1,573.92,0.167,478.08
S003828,R055,T038,P003,2023-02-01,2023,2,1,1760.69,0.162,1475.46
S003829,R055,T038,P001,2023-02-01,2023,2,1,612.77,0.063,574.17
S003830,R055,T038,P006,2023-03-01,2023,3,1,346.66,0.135,299.86
S003831,R055,T038,P004,2023-03-01,2023,3,1,483.07,0.112,428.97
S003832,R055,T038,P005,2023-03-01,2023,3,1,301.53,0.176,248.46
S003833,R055,T038,P002,2023-03-01,2023,3,1,1073.38,0.106,959.6
S003834,R055,T038,P005,2023-04-01,2023,4,2,612.71,0.172,507.32
S003835,R055,T038,P002,2023-04-01,2023,4,1,354.04,0.04,339.88
S003836,R055,T038,P003,2023-05-01,2023,5,1,684.74,0.104,613.53
S003837,R055,T038,P002,2023-05-01,2023,5,1,565.64,0.027,550.37
S003838,R055,T038,P004,2023-06-01,2023,6,1,329.61,0.167,274.57
S003839,R055,T038,P001,2023-06-01,2023,6,2,845.35,0.159,710.94
S003840,R055,T038,P005,2023-07-01,2023,7,1,447.31,0.091,406.6
S003841,R055,T038,P006,2023-07-01,2023,7,1,1510.48,0.14,1299.01
S003842,R055,T038,P002,2023-07-01,2023,7,1,732.29,0.088,667.85
S003843,R055,T038,P004,2023-07-01,2023,7,1,515.22,0.075,476.58
S003844,R055,T038,P002,2023-08-01,2023,8,1,922.35,0.021,902.98
S003845,R055,T038,P006,2023-08-01,2023,8,1,633.19,0.069,589.5
S003846,R055,T038,P001,2023-09-01,2023,9,1,518.97,0.126,453.58
S003847,R055,T038,P003,2023-09-01,2023,9,1,950.66,0.144,813.76
S003848,R055,T038,P005,2023-09-01,2023,9,1,489.52,0.134,423.92
S003849,R055,T038,P002,2023-09-01,2023,9,1,1058.87,0.126,925.45
S003850,R055,T038,P002,2023-10-01,2023,10,1,383.24,0.116,338.78
S003851,R055,T038,P001,2023-10-01,2023,10,1,787.25,0.173,651.06
S003852,R055,T038,P006,2023-10-01,2023,10,1,1544.67,0.038,1485.97
S003853,R055,T038,P003,2023-11-01,2023,11,1,1912.38,0.146,1633.17
S003854,R055,T038,P005,2023-11-01,2023,11,1,227.77,0.11,202.72
S003855,R055,T038,P002,2023-11-01,2023,11,1,522.02,0.134,452.07
S003856,R055,T038,P002,2023-12-01,2023,12,1,1209.13,0.066,1129.33
S003857,R055,T038,P006,2023-12-01,2023,12,1,1083.34,0.068,1009.67
S003858,R055,T038,P001,2023-12-01,2023,12,1,487.32,0.103,437.13
S003859,R055,T038,P003,2024-01-01,2024,1,2,2586.99,0.125,2263.62
S003860,R055,T038,P001,2024-01-01,2024,1,1,366.23,0.043,350.48
S003861,R055,T038,P002,2024-01-01,2024,1,1,1243.05,0.051,1179.65
S003862,R055,T038,P006,2024-01-01,2024,1,1,619.46,0.139,533.36
S003863,R055,T038,P002,2024-02-01,2024,2,2,1373.16,0.087,1253.7
S003864,R055,T038,P003,2024-02-01,2024,2,2,3004.58,0.031,2911.44
S003865,R055,T038,P001,2024-02-01,2024,2,1,833.33,0.099,750.83
S003866,R055,T038,P002,2024-03-01,2024,3,1,705.29,0.101,634.06
S003867,R055,T038,P003,2024-03-01,2024,3,1,1101.5,0.096,995.76
S003868,R055,T038,P005,2024-03-01,2024,3,1,162.62,0.066,151.89
S003869,R055,T038,P001,2024-03-01,2024,3,1,225.32,0.133,195.35
S003870,R055,T038,P001,2024-04-01,2024,4,1,504.35,0.116,445.85
S003871,R055,T038,P003,2024-04-01,2024,4,2,2642.52,0.024,2579.1
S003872,R055,T038,P006,2024-04-01,2024,4,1,1143.49,0.099,1030.28
S003873,R055,T038,P001,2024-05-01,2024,5,1,830.46,0.124,727.48
S003874,R055,T038,P003,2024-05-01,2024,5,1,636.22,0.153,538.88
S003875,R055,T038,P005,2024-06-01,2024,6,1,368.64,0.172,305.23
S003876,R055,T038,P002,2024-06-01,2024,6,1,983.76,0.173,813.57
S003877,R055,T038,P003,2024-06-01,2024,6,1,1829.75,0.163,1531.5
S003878,R055,T038,P001,2024-06-01,2024,6,1,446.77,0.131,388.24
S003879,R055,T038,P002,2024-07-01,2024,7,1,315.31,0.098,284.41
S003880,R055,T038,P003,2024-07-01,2024,7,1,2160.4,0.176,1780.17
S003881,R055,T038,P005,2024-07-01,2024,7,2,627.72,0.071,583.15
S003882,R055,T038,P006,2024-07-01,2024,7,1,223.74,0.13,194.65
S003883,R055,T038,P001,2024-08-01,2024,8,1,481.84,0.122,423.06
S003884,R055,T038,P005,2024-08-01,2024,8,1,155.48,0.057,146.62
S003885,R055,T038,P004,2024-08-01,2024,8,1,460.53,0.022,450.4
S003886,R055,T038,P001,2024-09-01,2024,9,1,597.0,0.171,494.91
S003887,R055,T038,P004,2024-09-01,2024,9,1,466.61,0.083,427.88
S003888,R055,T038,P002,2024-09-01,2024,9,1,1179.58,0.083,1081.67
S003889,R055,T038,P003,2024-09-01,2024,9,1,2037.91,0.155,1722.03
S003890,R055,T038,P004,2024-10-01,2024,10,1,209.05,0.113,185.43
S003891,R055,T038,P002,2024-10-01,2024,10,1,159.88,0.071,148.53
S003892,R055,T038,P003,2024-10-01,2024,10,1,1672.46,0.09,1521.94
S003893,R055,T038,P001,2024-10-01,2024,10,1,161.55,0.176,133.12
S003894,R055,T038,P004,2024-11-01,2024,11,1,450.27,0.105,402.99
S003895,R055,T038,P005,2024-11-01,2024,11,1,438.86,0.08,403.75
S003896,R055,T038,P006,2024-11-01,2024,11,1,975.8,0.037,939.7
S003897,R055,T038,P004,2024-12-01,2024,12,1,101.26,0.106,90.53
S003898,R055,T038,P001,2024-12-01,2024,12,1,406.91,0.127,355.23
S003899,R056,T012,P005,2023-01-01,2023,1,1,100.32,0.145,85.77
S003900,R056,T012,P004,2023-01-01,2023,1,1,402.51,0.113,357.03
S003901,R056,T012,P002,2023-01-01,2023,1,1,609.01,0.058,573.69
S003902,R056,T012,P001,2023-01-01,2023,1,1,798.56,0.151,677.98
S003903,R056,T012,P002,2023-02-01,2023,2,1,648.49,0.08,596.61
S003904,R056,T012,P005,2023-02-01,2023,2,1,157.2,0.039,151.07
S003905,R056,T012,P006,2023-03-01,2023,3,1,1100.12,0.127,960.4
S003906,R056,T012,P002,2023-03-01,2023,3,1,1316.47,0.059,1238.8
S003907,R056,T012,P001,2023-03-01,2023,3,1,304.62,0.167,253.75
S003908,R056,T012,P002,2023-04-01,2023,4,1,1004.21,0.112,891.74
S003909,R056,T012,P003,2023-04-01,2023,4,1,1282.25,0.132,1112.99
S003910,R056,T012,P005,2023-04-01,2023,4,1,105.06,0.168,87.41
S003911,R056,T012,P005,2023-05-01,2023,5,1,392.56,0.072,364.3
S003912,R056,T012,P004,2023-05-01,2023,5,1,140.52,0.115,124.36
S003913,R056,T012,P006,2023-05-01,2023,5,1,1755.49,0.064,1643.14
S003914,R056,T012,P002,2023-06-01,2023,6,1,293.87,0.085,268.89
S003915,R056,T012,P004,2023-06-01,2023,6,1,149.17,0.055,140.97
S003916,R056,T012,P004,2023-07-01,2023,7,1,228.12,0.15,193.9
S003917,R056,T012,P003,2023-07-01,2023,7,2,2615.27,0.072,2426.97
S003918,R056,T012,P002,2023-07-01,2023,7,1,869.55,0.09,791.29
S003919,R056,T012,P005,2023-07-01,2023,7,1,186.88,0.033,180.71
S003920,R056,T012,P003,2023-08-01,2023,8,1,775.05,0.178,637.09
S003921,R056,T012,P006,2023-08-01,2023,8,1,591.84,0.072,549.23
S003922,R056,T012,P002,2023-08-01,2023,8,1,723.83,0.077,668.1
S003923,R056,T012,P004,2023-08-01,2023,8,1,237.96,0.132,206.55
S003924,R056,T012,P004,2023-09-01,2023,9,1,386.21,0.132,335.23
S003925,R056,T012,P006,2023-09-01,2023,9,1,396.74,0.103,355.88
S003926,R056,T012,P005,2023-09-01,2023,9,1,91.38,0.072,84.8
S003927,R056,T012,P002,2023-09-01,2023,9,1,448.37,0.124,392.77
S003928,R056,T012,P001,2023-10-01,2023,10,1,76.84,0.15,65.31
S003929,R056,T012,P006,2023-10-01,2023,10,1,1010.96,0.175,834.04
S003930,R056,T012,P003,2023-10-01,2023,10,1,920.77,0.168,766.08
S003931,R056,T012,P004,2023-10-01,2023,10,1,323.86,0.111,287.91
S003932,R056,T012,P006,2023-11-01,2023,11,1,1237.89,0.063,1159.9
S003933,R056,T012,P005,2023-11-01,2023,11,1,277.9,0.062,260.67
S003934,R056,T012,P001,2023-12-01,2023,12,2,965.74,0.069,899.1
S003935,R056,T012,P006,2023-12-01,2023,12,2,1782.67,0.041,1709.58
S003936,R056,T012,P001,2024-01-01,2024,1,1,448.49,0.087,409.47
S003937,R056,T012,P003,2024-01-01,2024,1,1,1397.99,0.074,1294.54
S003938,R056,T012,P004,2024-01-01,2024,1,1,237.93,0.113,211.04
S003939,R056,T012,P005,2024-01-01,2024,1,1,209.63,0.095,189.72
S003940,R056,T012,P001,2024-02-01,2024,2,1,409.17,0.062,383.8
S003941,R056,T012,P006,2024-02-01,2024,2,1,1321.69,0.112,1173.66
S003942,R056,T012,P003,2024-02-01,2024,2,1,324.45,0.024,316.66
S003943,R056,T012,P001,2024-03-01,2024,3,1,312.9,0.12,275.35
S003944,R056,T012,P002,2024-03-01,2024,3,1,207.6,0.171,172.1
S003945,R056,T012,P003,2024-03-01,2024,3,1,610.25,0.038,587.06
S003946,R056,T012,P004,2024-04-01,2024,4,1,222.37,0.135,192.35
S003947,R056,T012,P001,2024-04-01,2024,4,1,397.67,0.042,380.97
S003948,R056,T012,P003,2024-05-01,2024,5,1,1629.53,0.143,1396.51
S003949,R056,T012,P001,2024-05-01,2024,5,1,358.53,0.102,321.96
S003950,R056,T012,P004,2024-05-01,2024,5,1,273.41,0.166,228.02
S003951,R056,T012,P003,2024-06-01,2024,6,1,2261.03,0.067,2109.54
S003952,R056,T012,P001,2024-06-01,2024,6,1,383.91,0.029,372.78
S003953,R056,T012,P001,2024-07-01,2024,7,1,333.26,0.035,321.6
S003954,R056,T012,P004,2024-07-01,2024,7,1,298.93,0.168,248.71
S003955,R056,T012,P001,2024-08-01,2024,8,1,198.44,0.093,179.99
S003956,R056,T012,P006,2024-08-01,2024,8,1,1324.03,0.091,1203.54
S003957,R056,T012,P002,2024-08-01,2024,8,1,1053.77,0.161,884.11
S003958,R056,T012,P005,2024-09-01,2024,9,1,488.14,0.023,476.91
S003959,R056,T012,P002,2024-09-01,2024,9,1,321.32,0.052,304.61
S003960,R056,T012,P003,2024-10-01,2024,10,1,580.11,0.052,549.94
S003961,R056,T012,P006,2024-10-01,2024,10,1,1738.71,0.092,1578.75
S003962,R056,T012,P005,2024-10-01,2024,10,1,230.27,0.057,217.14
S003963,R056,T012,P005,2024-11-01,2024,11,1,48.22,0.115,42.67
S003964,R056,T012,P003,2024-11-01,2024,11,1,1293.06,0.126,1130.13
S003965,R056,T012,P002,2024-11-01,2024,11,1,345.98,0.131,300.66
S003966,R056,T012,P003,2024-12-01,2024,12,1,1157.22,0.134,1002.15
S003967,R056,T012,P005,2024-12-01,2024,12,1,163.92,0.053,155.23
S003968,R057,T024,P003,2023-01-01,2023,1,13,16648.7,0.117,14700.8
S003969,R057,T024,P004,2023-01-01,2023,1,1,449.39,0.131,390.52
S003970,R057,T024,P001,2023-02-01,2023,2,10,4288.74,0.154,3628.27
S003971,R057,T024,P002,2023-02-01,2023,2,9,6533.57,0.178,5370.59
S003972,R057,T024,P005,2023-02-01,2023,2,5,1719.61,0.04,1650.83
S003973,R057,T024,P004,2023-02-01,2023,2,6,2110.86,0.087,1927.22
S003974,R057,T024,P003,2023-03-01,2023,3,12,15377.05,0.162,12885.97
S003975,R057,T024,P006,2023-03-01,2023,3,6,5996.03,0.024,5852.13
S003976,R057,T024,P005,2023-03-01,2023,3,12,3551.85,0.151,3015.52
S003977,R057,T024,P001,2023-04-01,2023,4,1,811.05,0.11,721.83
S003978,R057,T024,P004,2023-04-01,2023,4,6,1986.07,0.085,1817.25
S003979,R057,T024,P002,2023-04-01,2023,4,8,5769.45,0.041,5532.9
S003980,R057,T024,P005,2023-04-01,2023,4,6,1838.06,0.044,1757.19
S003981,R057,T024,P002,2023-05-01,2023,5,10,6896.06,0.114,6109.91
S003982,R057,T024,P001,2023-05-01,2023,5,2,1093.84,0.046,1043.52
S003983,R057,T024,P005,2023-05-01,2023,5,14,4117.86,0.171,3413.71
S003984,R057,T024,P006,2023-06-01,2023,6,8,7238.45,0.177,5957.24
S003985,R057,T024,P003,2023-06-01,2023,6,3,3908.34,0.074,3619.12
S003986,R057,T024,P005,2023-06-01,2023,6,14,4231.92,0.075,3914.53
S003987,R057,T024,P002,2023-06-01,2023,6,11,7783.96,0.102,6990.0
S003988,R057,T024,P001,2023-07-01,2023,7,2,923.86,0.13,803.76
S003989,R057,T024,P005,2023-07-01,2023,7,5,1500.53,0.175,1237.94
S003990,R057,T024,P006,2023-07-01,2023,7,6,5717.84,0.13,4974.52
S003991,R057,T024,P004,2023-07-01,2023,7,5,1645.78,0.06,1547.03
S003992,R057,T024,P004,2023-08-01,2023,8,10,3167.27,0.084,2901.22
S003993,R057,T024,P003,2023-08-01,2023,8,12,15400.19,0.071,14306.78
S003994,R057,T024,P002,2023-08-01,2023,8,10,6849.5,0.095,6198.8
S003995,R057,T024,P005,2023-09-01,2023,9,7,2065.83,0.033,1997.66
S003996,R057,T024,P006,2023-09-01,2023,9,15,13963.46,0.172,11561.74
S003997,R057,T024,P001,2023-09-01,2023,9,3,1341.74,0.036,1293.44
S003998,R057,T024,P004,2023-10-01,2023,10,3,979.35,0.175,807.96
S003999,R057,T024,P005,2023-10-01,2023,10,3,1124.57,0.161,943.51
S004000,R057,T024,P002,2023-10-01,2023,10,3,2422.26,0.051,2298.72
S004001,R057,T024,P006,2023-10-01,2023,10,5,4578.67,0.026,4459.62
S004002,R057,T024,P001,2023-11-01,2023,11,10,4546.91,0.143,3896.7
S004003,R057,T024,P005,2023-11-01,2023,11,8,2346.4,0.15,1994.44
S004004,R057,T024,P004,2023-11-01,2023,11,11,3452.62,0.06,3245.46
S004005,R057,T024,P002,2023-11-01,2023,11,6,4152.25,0.05,3944.64
S004006,R057,T024,P004,2023-12-01,2023,12,5,1765.99,0.104,1582.33
S004007,R057,T024,P005,2023-12-01,2023,12,9,2633.99,0.15,2238.89
S004008,R057,T024,P002,2023-12-01,2023,12,11,7553.1,0.156,6374.82
S004009,R057,T024,P004,2024-01-01,2024,1,9,2824.73,0.064,2643.95
S004010,R057,T024,P006,2024-01-01,2024,1,2,2262.53,0.173,1871.11
S004011,R057,T024,P005,2024-02-01,2024,2,10,2968.7,0.07,2760.89
S004012,R057,T024,P002,2024-02-01,2024,2,13,9433.6,0.177,7763.85
S004013,R057,T024,P003,2024-03-01,2024,3,8,10661.1,0.045,10181.35
S004014,R057,T024,P006,2024-03-01,2024,3,7,6808.97,0.085,6230.21
S004015,R057,T024,P005,2024-03-01,2024,3,9,2799.53,0.09,2547.57
S004016,R057,T024,P002,2024-03-01,2024,3,7,5131.27,0.164,4289.74
S004017,R057,T024,P003,2024-04-01,2024,4,19,23850.95,0.07,22181.38
S004018,R057,T024,P004,2024-04-01,2024,4,8,2520.77,0.085,2306.5
S004019,R057,T024,P002,2024-04-01,2024,4,3,2563.73,0.119,2258.65
S004020,R057,T024,P006,2024-05-01,2024,5,14,12716.76,0.092,11546.82
S004021,R057,T024,P001,2024-05-01,2024,5,8,3750.56,0.1,3375.5
S004022,R057,T024,P001,2024-06-01,2024,6,2,1021.86,0.026,995.29
S004023,R057,T024,P006,2024-06-01,2024,6,7,6272.11,0.022,6134.12
S004024,R057,T024,P002,2024-07-01,2024,7,17,11921.38,0.07,11086.88
S004025,R057,T024,P001,2024-07-01,2024,7,4,2017.14,0.095,1825.51
S004026,R057,T024,P002,2024-08-01,2024,8,7,4776.99,0.073,4428.27
S004027,R057,T024,P006,2024-08-01,2024,8,14,12998.4,0.155,10983.65
S004028,R057,T024,P006,2024-09-01,2024,9,7,6955.79,0.058,6552.35
S004029,R057,T024,P003,2024-09-01,2024,9,12,16089.51,0.107,14367.93
S004030,R057,T024,P001,2024-10-01,2024,10,2,1000.86,0.155,845.73
S004031,R057,T024,P006,2024-10-01,2024,10,8,7326.29,0.093,6644.95
S004032,R057,T024,P002,2024-10-01,2024,10,9,6301.93,0.029,6119.17
S004033,R057,T024,P006,2024-11-01,2024,11,10,8996.19,0.055,8501.4
S004034,R057,T024,P003,2024-11-01,2024,11,9,12134.42,0.119,10690.42
S004035,R057,T024,P004,2024-11-01,2024,11,2,919.14,0.129,800.57
S004036,R057,T024,P004,2024-12-01,2024,12,7,2230.73,0.104,1998.73
S004037,R057,T024,P005,2024-12-01,2024,12,3,922.12,0.133,799.48
S004038,R057,T024,P006,2024-12-01,2024,12,2,2420.68,0.099,2181.03
S004039,R058,T028,P005,2023-01-01,2023,1,2,854.37,0.08,786.02
S004040,R058,T028,P004,2023-01-01,2023,1,1,232.06,0.13,201.89
S004041,R058,T028,P002,2023-02-01,2023,2,1,724.17,0.06,680.72
S004042,R058,T028,P003,2023-02-01,2023,2,1,1792.58,0.167,1493.22
S004043,R058,T028,P001,2023-02-01,2023,2,2,1233.64,0.114,1093.01
S004044,R058,T028,P005,2023-03-01,2023,3,2,724.56,0.13,630.37
S004045,R058,T028,P006,2023-03-01,2023,3,1,919.95,0.075,850.95
S004046,R058,T028,P004,2023-03-01,2023,3,2,871.19,0.026,848.54
S004047,R058,T028,P003,2023-03-01,2023,3,4,5620.9,0.125,4918.29
S004048,R058,T028,P001,2023-04-01,2023,4,2,1026.64,0.105,918.84
S004049,R058,T028,P002,2023-04-01,2023,4,1,553.6,0.127,483.29
S004050,R058,T028,P003,2023-04-01,2023,4,2,3153.09,0.175,2601.3
S004051,R058,T028,P006,2023-05-01,2023,5,3,2902.37,0.074,2687.59
S004052,R058,T028,P001,2023-05-01,2023,5,5,2144.73,0.123,1880.93
S004053,R058,T028,P002,2023-06-01,2023,6,1,829.59,0.146,708.47
S004054,R058,T028,P003,2023-06-01,2023,6,3,4668.01,0.11,4154.53
S004055,R058,T028,P005,2023-06-01,2023,6,3,1011.68,0.04,971.21
S004056,R058,T028,P004,2023-07-01,2023,7,2,791.2,0.088,721.57
S004057,R058,T028,P006,2023-07-01,2023,7,3,3469.33,0.142,2976.69
S004058,R058,T028,P001,2023-07-01,2023,7,5,2171.19,0.026,2114.74
S004059,R058,T028,P002,2023-07-01,2023,7,1,737.95,0.163,617.66
S004060,R058,T028,P001,2023-08-01,2023,8,4,2002.87,0.059,1884.7
S004061,R058,T028,P003,2023-08-01,2023,8,1,1048.15,0.131,910.84
S004062,R058,T028,P002,2023-08-01,2023,8,1,1025.29,0.101,921.74
S004063,R058,T028,P005,2023-08-01,2023,8,1,186.2,0.108,166.09
S004064,R058,T028,P003,2023-09-01,2023,9,1,2390.95,0.127,2087.3
S004065,R058,T028,P004,2023-09-01,2023,9,2,869.12,0.101,781.34
S004066,R058,T028,P006,2023-09-01,2023,9,1,1658.05,0.099,1493.9
S004067,R058,T028,P005,2023-09-01,2023,9,2,716.64,0.135,619.89
S004068,R058,T028,P006,2023-10-01,2023,10,1,1574.53,0.168,1310.01
S004069,R058,T028,P003,2023-10-01,2023,10,2,2693.92,0.094,2440.69
S004070,R058,T028,P005,2023-10-01,2023,10,2,834.48,0.113,740.18
S004071,R058,T028,P001,2023-10-01,2023,10,3,1326.02,0.152,1124.46
S004072,R058,T028,P002,2023-11-01,2023,11,3,2667.83,0.15,2267.66
S004073,R058,T028,P005,2023-11-01,2023,11,5,1498.72,0.103,1344.35
S004074,R058,T028,P006,2023-11-01,2023,11,3,3394.28,0.103,3044.67
S004075,R058,T028,P004,2023-12-01,2023,12,1,614.64,0.034,593.74
S004076,R058,T028,P002,2023-12-01,2023,12,3,2126.2,0.125,1860.42
S004077,R058,T028,P004,2024-01-01,2024,1,1,585.39,0.175,482.95
S004078,R058,T028,P003,2024-01-01,2024,1,3,4292.66,0.168,3571.49
S004079,R058,T028,P001,2024-02-01,2024,2,5,2470.01,0.131,2146.44
S004080,R058,T028,P005,2024-02-01,2024,2,1,312.98,0.128,272.92
S004081,R058,T028,P004,2024-02-01,2024,2,4,1359.7,0.036,1310.75
S004082,R058,T028,P004,2024-03-01,2024,3,3,1165.96,0.043,1115.82
S004083,R058,T028,P003,2024-03-01,2024,3,1,1853.45,0.033,1792.29
S004084,R058,T028,P001,2024-03-01,2024,3,4,1903.45,0.12,1675.04
S004085,R058,T028,P006,2024-03-01,2024,3,2,2525.52,0.132,2192.15
S004086,R058,T028,P003,2024-04-01,2024,4,1,1824.47,0.115,1614.66
S004087,R058,T028,P005,2024-04-01,2024,4,4,1265.86,0.134,1096.23
S004088,R058,T028,P002,2024-05-01,2024,5,1,621.9,0.117,549.14
S004089,R058,T028,P001,2024-05-01,2024,5,1,744.12,0.142,638.45
S004090,R058,T028,P004,2024-05-01,2024,5,1,320.01,0.051,303.69
S004091,R058,T028,P004,2024-06-01,2024,6,5,1704.71,0.075,1576.86
S004092,R058,T028,P006,2024-06-01,2024,6,2,1986.43,0.163,1662.64
S004093,R058,T028,P002,2024-06-01,2024,6,4,3229.13,0.083,2961.11
S004094,R058,T028,P002,2024-07-01,2024,7,2,1432.39,0.055,1353.61
S004095,R058,T028,P006,2024-07-01,2024,7,2,2590.13,0.075,2395.87
S004096,R058,T028,P004,2024-08-01,2024,8,2,776.86,0.113,689.07
S004097,R058,T028,P006,2024-08-01,2024,8,5,4725.41,0.077,4361.55
S004098,R058,T028,P002,2024-08-01,2024,8,3,2073.8,0.082,1903.75
S004099,R058,T028,P004,2024-09-01,2024,9,2,764.57,0.112,678.94
S004100,R058,T028,P002,2024-09-01,2024,9,3,2673.8,0.089,2435.83
S004101,R058,T028,P005,2024-09-01,2024,9,1,453.45,0.062,425.34
S004102,R058,T028,P006,2024-09-01,2024,9,1,1189.58,0.022,1163.41
S004103,R058,T028,P002,2024-10-01,2024,10,3,2103.54,0.12,1851.12
S004104,R058,T028,P003,2024-10-01,2024,10,1,2004.01,0.027,1949.9
S004105,R058,T028,P006,2024-11-01,2024,11,1,878.45,0.09,799.39
S004106,R058,T028,P003,2024-11-01,2024,11,2,3090.77,0.073,2865.14
S004107,R058,T028,P001,2024-11-01,2024,11,1,773.62,0.024,755.05
S004108,R058,T028,P004,2024-12-01,2024,12,1,460.15,0.095,416.44
S004109,R058,T028,P003,2024-12-01,2024,12,4,6031.64,0.117,5325.94
S004110,R058,T028,P002,2024-12-01,2024,12,4,3248.89,0.085,2972.73
S004111,R058,T028,P001,2024-12-01,2024,12,5,2230.17,0.093,2022.76
S004112,R059,T008,P006,2023-01-01,2023,1,1,918.39,0.046,876.14
S004113,R059,T008,P003,2023-01-01,2023,1,1,623.39,0.022,609.68
S004114,R059,T008,P005,2023-01-01,2023,1,1,317.22,0.18,260.12
S004115,R059,T008,P001,2023-01-01,2023,1,1,112.52,0.088,102.62
S004116,R059,T008,P006,2023-02-01,2023,2,1,1283.38,0.102,1152.48
S004117,R059,T008,P001,2023-02-01,2023,2,1,129.93,0.098,117.2
S004118,R059,T008,P003,2023-02-01,2023,2,1,1128.54,0.147,962.64
S004119,R059,T008,P002,2023-02-01,2023,2,2,1554.65,0.172,1287.25
S004120,R059,T008,P005,2023-03-01,2023,3,1,368.18,0.155,311.11
S004121,R059,T008,P002,2023-03-01,2023,3,1,569.12,0.046,542.94
S004122,R059,T008,P004,2023-03-01,2023,3,1,170.03,0.05,161.53
S004123,R059,T008,P004,2023-04-01,2023,4,1,236.37,0.135,204.46
S004124,R059,T008,P006,2023-04-01,2023,4,1,1708.29,0.073,1583.58
S004125,R059,T008,P002,2023-04-01,2023,4,1,807.06,0.026,786.08
S004126,R059,T008,P001,2023-05-01,2023,5,1,687.44,0.114,609.07
S004127,R059,T008,P005,2023-05-01,2023,5,1,225.64,0.042,216.16
S004128,R059,T008,P001,2023-06-01,2023,6,1,252.17,0.114,223.42
S004129,R059,T008,P003,2023-06-01,2023,6,1,1051.1,0.047,1001.7
S004130,R059,T008,P004,2023-06-01,2023,6,2,760.93,0.068,709.19
S004131,R059,T008,P002,2023-06-01,2023,6,1,228.27,0.086,208.64
S004132,R059,T008,P005,2023-07-01,2023,7,1,331.75,0.061,311.51
S004133,R059,T008,P002,2023-07-01,2023,7,1,1089.72,0.09,991.65
S004134,R059,T008,P003,2023-07-01,2023,7,1,1489.48,0.169,1237.76
S004135,R059,T008,P004,2023-08-01,2023,8,1,367.11,0.046,350.22
S004136,R059,T008,P006,2023-08-01,2023,8,1,1399.17,0.029,1358.59
S004137,R059,T008,P002,2023-08-01,2023,8,1,400.77,0.115,354.68
S004138,R059,T008,P003,2023-08-01,2023,8,1,1310.62,0.047,1249.02
S004139,R059,T008,P005,2023-09-01,2023,9,1,463.84,0.062,435.08
S004140,R059,T008,P002,2023-09-01,2023,9,2,1688.17,0.076,1559.87
S004141,R059,T008,P003,2023-09-01,2023,9,1,1259.31,0.177,1036.41
S004142,R059,T008,P004,2023-09-01,2023,9,1,496.65,0.111,441.52
S004143,R059,T008,P005,2023-10-01,2023,10,1,162.39,0.092,147.45
S004144,R059,T008,P003,2023-10-01,2023,10,1,624.19,0.09,568.01
S004145,R059,T008,P001,2023-10-01,2023,10,1,400.09,0.148,340.88
S004146,R059,T008,P006,2023-10-01,2023,10,2,1807.21,0.095,1635.53
S004147,R059,T008,P001,2023-11-01,2023,11,1,613.97,0.094,556.26
S004148,R059,T008,P004,2023-11-01,2023,11,1,188.31,0.05,178.89
S004149,R059,T008,P005,2023-12-01,2023,12,1,280.89,0.078,258.98
S004150,R059,T008,P001,2023-12-01,2023,12,1,564.25,0.147,481.31
S004151,R059,T008,P003,2023-12-01,2023,12,1,2437.71,0.098,2198.81
S004152,R059,T008,P006,2024-01-01,2024,1,1,346.68,0.134,300.22
S004153,R059,T008,P005,2024-01-01,2024,1,2,639.67,0.1,575.7
S004154,R059,T008,P002,2024-02-01,2024,2,1,770.89,0.115,682.24
S004155,R059,T008,P005,2024-02-01,2024,2,1,413.45,0.146,353.09
S004156,R059,T008,P004,2024-02-01,2024,2,1,340.43,0.139,293.11
S004157,R059,T008,P002,2024-03-01,2024,3,1,531.89,0.064,497.85
S004158,R059,T008,P005,2024-03-01,2024,3,1,221.41,0.089,201.7
S004159,R059,T008,P004,2024-03-01,2024,3,1,266.4,0.15,226.44
S004160,R059,T008,P006,2024-03-01,2024,3,1,994.67,0.027,967.81
S004161,R059,T008,P006,2024-04-01,2024,4,1,434.81,0.108,387.85
S004162,R059,T008,P002,2024-04-01,2024,4,1,1043.84,0.098,941.54
S004163,R059,T008,P001,2024-05-01,2024,5,1,485.67,0.142,416.7
S004164,R059,T008,P006,2024-05-01,2024,5,1,1634.93,0.075,1512.31
S004165,R059,T008,P002,2024-05-01,2024,5,1,396.04,0.174,327.13
S004166,R059,T008,P002,2024-06-01,2024,6,1,642.89,0.05,610.75
S004167,R059,T008,P004,2024-06-01,2024,6,1,320.42,0.1,288.38
S004168,R059,T008,P004,2024-07-01,2024,7,1,153.46,0.121,134.89
S004169,R059,T008,P003,2024-07-01,2024,7,2,2694.4,0.068,2511.18
S004170,R059,T008,P001,2024-08-01,2024,8,1,172.26,0.06,161.92
S004171,R059,T008,P005,2024-08-01,2024,8,1,329.09,0.11,292.89
S004172,R059,T008,P003,2024-08-01,2024,8,1,1403.26,0.065,1312.05
S004173,R059,T008,P005,2024-09-01,2024,9,1,314.7,0.072,292.04
S004174,R059,T008,P006,2024-09-01,2024,9,1,558.7,0.108,498.36
S004175,R059,T008,P001,2024-09-01,2024,9,1,117.47,0.034,113.48
S004176,R059,T008,P004,2024-09-01,2024,9,1,261.99,0.154,221.64
S004177,R059,T008,P004,2024-10-01,2024,10,1,104.12,0.124,91.21
S004178,R059,T008,P005,2024-10-01,2024,10,1,253.38,0.144,216.89
S004179,R059,T008,P002,2024-10-01,2024,10,1,1102.48,0.108,983.41
S004180,R059,T008,P003,2024-10-01,2024,10,1,1355.0,0.022,1325.19
S004181,R059,T008,P005,2024-11-01,2024,11,1,300.6,0.104,269.34
S004182,R059,T008,P004,2024-11-01,2024,11,1,233.65,0.122,205.14
S004183,R059,T008,P005,2024-12-01,2024,12,1,437.2,0.13,380.36
S004184,R059,T008,P001,2024-12-01,2024,12,2,925.57,0.157,780.26
S004185,R060,T028,P001,2023-01-01,2023,1,9,4010.02,0.142,3440.6
S004186,R060,T028,P002,2023-01-01,2023,1,4,3057.65,0.023,2987.32
S004187,R060,T028,P004,2023-01-01,2023,1,3,1173.73,0.139,1010.58
S004188,R060,T028,P003,2023-01-01,2023,1,3,4180.01,0.098,3770.37
S004189,R060,T028,P004,2023-02-01,2023,2,6,1878.21,0.109,1673.49
S004190,R060,T028,P003,2023-02-01,2023,2,4,5864.13,0.156,4949.33
S004191,R060,T028,P005,2023-02-01,2023,2,7,2138.46,0.072,1984.49
S004192,R060,T028,P001,2023-02-01,2023,2,6,2771.17,0.134,2399.83
S004193,R060,T028,P005,2023-03-01,2023,3,8,2533.24,0.099,2282.45
S004194,R060,T028,P001,2023-03-01,2023,3,2,860.38,0.079,792.41
S004195,R060,T028,P003,2023-03-01,2023,3,3,4354.18,0.106,3892.64
S004196,R060,T028,P004,2023-04-01,2023,4,9,2819.31,0.126,2464.08
S004197,R060,T028,P002,2023-04-01,2023,4,1,863.33,0.126,754.55
S004198,R060,T028,P005,2023-04-01,2023,4,1,348.97,0.156,294.53
S004199,R060,T028,P003,2023-04-01,2023,4,1,1372.57,0.156,1158.45
S004200,R060,T028,P003,2023-05-01,2023,5,8,10805.1,0.078,9962.3
S004201,R060,T028,P005,2023-05-01,2023,5,1,377.03,0.061,354.03
S004202,R060,T028,P001,2023-05-01,2023,5,2,891.91,0.049,848.21
S004203,R060,T028,P003,2023-06-01,2023,6,7,9599.15,0.17,7967.29
S004204,R060,T028,P005,2023-06-01,2023,6,3,1097.23,0.112,974.34
S004205,R060,T028,P003,2023-07-01,2023,7,2,2603.08,0.137,2246.46
S004206,R060,T028,P001,2023-07-01,2023,7,4,1758.56,0.162,1473.67
S004207,R060,T028,P005,2023-07-01,2023,7,2,772.88,0.165,645.35
S004208,R060,T028,P002,2023-07-01,2023,7,3,2111.76,0.154,1786.55
S004209,R060,T028,P003,2023-08-01,2023,8,1,1783.35,0.127,1556.86
S004210,R060,T028,P006,2023-08-01,2023,8,5,4728.4,0.051,4487.25
S004211,R060,T028,P003,2023-09-01,2023,9,4,5775.43,0.04,5544.41
S004212,R060,T028,P006,2023-09-01,2023,9,4,3714.85,0.175,3064.75
S004213,R060,T028,P002,2023-09-01,2023,9,4,3196.89,0.038,3075.41
S004214,R060,T028,P005,2023-09-01,2023,9,2,599.19,0.107,535.08
S004215,R060,T028,P004,2023-10-01,2023,10,5,1719.1,0.102,1543.75
S004216,R060,T028,P002,2023-10-01,2023,10,7,4842.49,0.137,4179.07
S004217,R060,T028,P005,2023-10-01,2023,10,4,1207.4,0.026,1176.01
S004218,R060,T028,P005,2023-11-01,2023,11,4,1307.83,0.157,1102.5
S004219,R060,T028,P006,2023-11-01,2023,11,7,7096.81,0.133,6152.93
S004220,R060,T028,P002,2023-11-01,2023,11,8,5440.58,0.062,5103.26
S004221,R060,T028,P004,2023-11-01,2023,11,2,926.65,0.111,823.79
S004222,R060,T028,P006,2023-12-01,2023,12,4,3775.54,0.055,3567.89
S004223,R060,T028,P003,2023-12-01,2023,12,4,5121.46,0.088,4670.77
S004224,R060,T028,P001,2023-12-01,2023,12,4,1979.72,0.049,1882.71
S004225,R060,T028,P004,2024-01-01,2024,1,3,1131.82,0.029,1099.0
S004226,R060,T028,P006,2024-01-01,2024,1,2,2461.54,0.089,2242.46
S004227,R060,T028,P002,2024-02-01,2024,2,3,2545.42,0.172,2107.61
S004228,R060,T028,P003,2024-02-01,2024,2,5,7197.49,0.159,6053.09
S004229,R060,T028,P001,2024-02-01,2024,2,3,1372.92,0.113,1217.78
S004230,R060,T028,P006,2024-02-01,2024,2,2,2217.45,0.036,2137.62
S004231,R060,T028,P003,2024-03-01,2024,3,3,4495.72,0.107,4014.68
S004232,R060,T028,P006,2024-03-01,2024,3,8,7780.25,0.133,6745.48
S004233,R060,T028,P005,2024-03-01,2024,3,4,1189.39,0.168,989.57
S004234,R060,T028,P006,2024-04-01,2024,4,4,3800.08,0.034,3670.88
S004235,R060,T028,P005,2024-04-01,2024,4,7,2262.18,0.07,2103.83
S004236,R060,T028,P003,2024-04-01,2024,4,1,1239.09,0.023,1210.59
S004237,R060,T028,P006,2024-05-01,2024,5,5,4958.02,0.039,4764.66
S004238,R060,T028,P005,2024-05-01,2024,5,4,1318.56,0.159,1108.91
S004239,R060,T028,P004,2024-05-01,2024,5,2,863.11,0.15,733.64
S004240,R060,T028,P002,2024-05-01,2024,5,4,3080.36,0.113,2732.28
S004241,R060,T028,P003,2024-06-01,2024,6,2,3402.99,0.161,2855.11
S004242,R060,T028,P002,2024-06-01,2024,6,9,6186.29,0.116,5468.68
S004243,R060,T028,P005,2024-06-01,2024,6,6,1750.15,0.055,1653.89
S004244,R060,T028,P004,2024-06-01,2024,6,7,2452.14,0.024,2393.29
S004245,R060,T028,P001,2024-07-01,2024,7,2,978.11,0.161,820.63
S004246,R060,T028,P005,2024-07-01,2024,7,1,573.69,0.071,532.96
S004247,R060,T028,P006,2024-08-01,2024,8,3,3033.44,0.154,2566.29
S004248,R060,T028,P005,2024-08-01,2024,8,5,1508.26,0.155,1274.48
S004249,R060,T028,P001,2024-08-01,2024,8,7,2972.35,0.127,2594.86
S004250,R060,T028,P002,2024-08-01,2024,8,3,2199.45,0.163,1840.94
S004251,R060,T028,P006,2024-09-01,2024,9,5,5069.46,0.126,4430.71
S004252,R060,T028,P002,2024-09-01,2024,9,2,1900.5,0.102,1706.65
S004253,R060,T028,P002,2024-10-01,2024,10,7,5245.58,0.152,4448.25
S004254,R060,T028,P005,2024-10-01,2024,10,2,645.83,0.052,612.25
S004255,R060,T028,P001,2024-11-01,2024,11,1,271.44,0.042,260.04
S004256,R060,T028,P002,2024-11-01,2024,11,6,4539.04,0.166,3785.56
S004257,R060,T028,P003,2024-11-01,2024,11,1,1997.12,0.14,1717.52
S004258,R060,T028,P002,2024-12-01,2024,12,5,3541.76,0.025,3453.22
S004259,R060,T028,P003,2024-12-01,2024,12,3,4533.52,0.145,3876.16
S004260,R061,T036,P002,2023-01-01,2023,1,3,2566.35,0.135,2219.89
S004261,R061,T036,P005,2023-01-01,2023,1,2,683.0,0.084,625.63
S004262,R061,T036,P006,2023-01-01,2023,1,1,1743.02,0.058,1641.92
S004263,R061,T036,P001,2023-01-01,2023,1,5,2272.85,0.154,1922.83
S004264,R061,T036,P006,2023-02-01,2023,2,1,1771.72,0.135,1532.54
S004265,R061,T036,P005,2023-02-01,2023,2,6,1799.47,0.131,1563.74
S004266,R061,T036,P003,2023-03-01,2023,3,2,3101.46,0.177,2552.5
S004267,R061,T036,P001,2023-03-01,2023,3,5,2502.66,0.139,2154.79
S004268,R061,T036,P004,2023-03-01,2023,3,1,495.97,0.028,482.08
S004269,R061,T036,P005,2023-04-01,2023,4,5,1640.03,0.154,1387.47
S004270,R061,T036,P002,2023-04-01,2023,4,2,1594.9,0.07,1483.26
S004271,R061,T036,P004,2023-04-01,2023,4,10,3140.24,0.083,2879.6
S004272,R061,T036,P006,2023-05-01,2023,5,5,4985.13,0.131,4332.08
S004273,R061,T036,P002,2023-05-01,2023,5,6,4276.47,0.123,3750.46
S004274,R061,T036,P004,2023-06-01,2023,6,2,688.92,0.075,637.25
S004275,R061,T036,P002,2023-06-01,2023,6,3,2119.2,0.077,1956.02
S004276,R061,T036,P005,2023-07-01,2023,7,4,1378.9,0.105,1234.12
S004277,R061,T036,P001,2023-07-01,2023,7,3,1656.61,0.087,1512.48
S004278,R061,T036,P006,2023-08-01,2023,8,1,907.92,0.047,865.25
S004279,R061,T036,P002,2023-08-01,2023,8,3,2480.2,0.114,2197.46
S004280,R061,T036,P005,2023-08-01,2023,8,2,856.92,0.116,757.52
S004281,R061,T036,P003,2023-09-01,2023,9,6,8193.78,0.153,6940.13
S004282,R061,T036,P001,2023-09-01,2023,9,3,1312.46,0.044,1254.71
S004283,R061,T036,P002,2023-09-01,2023,9,5,3541.1,0.135,3063.05
S004284,R061,T036,P006,2023-09-01,2023,9,3,3553.68,0.123,3116.58
S004285,R061,T036,P003,2023-10-01,2023,10,9,11756.14,0.146,10039.74
S004286,R061,T036,P001,2023-10-01,2023,10,3,1418.02,0.178,1165.61
S004287,R061,T036,P005,2023-10-01,2023,10,5,1523.23,0.071,1415.08
S004288,R061,T036,P006,2023-10-01,2023,10,1,757.3,0.068,705.8
S004289,R061,T036,P001,2023-11-01,2023,11,8,3568.94,0.147,3044.31
S004290,R061,T036,P005,2023-11-01,2023,11,4,1253.16,0.17,1040.12
S004291,R061,T036,P002,2023-11-01,2023,11,1,650.22,0.025,633.96
S004292,R061,T036,P001,2023-12-01,2023,12,3,1561.69,0.024,1524.21
S004293,R061,T036,P002,2023-12-01,2023,12,4,2750.51,0.103,2467.21
S004294,R061,T036,P003,2024-01-01,2024,1,1,1153.36,0.116,1019.57
S004295,R061,T036,P004,2024-01-01,2024,1,6,1964.47,0.152,1665.87
S004296,R061,T036,P006,2024-02-01,2024,2,3,3354.59,0.174,2770.89
S004297,R061,T036,P004,2024-02-01,2024,2,1,564.76,0.144,483.43
S004298,R061,T036,P001,2024-02-01,2024,2,4,2059.72,0.105,1843.45
S004299,R061,T036,P002,2024-02-01,2024,2,6,4590.05,0.125,4016.29
S004300,R061,T036,P002,2024-03-01,2024,3,7,4834.86,0.115,4278.85
S004301,R061,T036,P004,2024-03-01,2024,3,4,1377.46,0.138,1187.37
S004302,R061,T036,P001,2024-03-01,2024,3,4,1819.56,0.02,1783.17
S004303,R061,T036,P006,2024-03-01,2024,3,6,5422.3,0.094,4912.6
S004304,R061,T036,P001,2024-04-01,2024,4,2,1117.29,0.147,953.05
S004305,R061,T036,P004,2024-04-01,2024,4,5,1820.28,0.029,1767.49
S004306,R061,T036,P005,2024-04-01,2024,4,3,978.82,0.102,878.98
S004307,R061,T036,P006,2024-04-01,2024,4,8,7719.36,0.108,6885.67
S004308,R061,T036,P002,2024-05-01,2024,5,5,3840.61,0.067,3583.29
S004309,R061,T036,P001,2024-05-01,2024,5,11,4987.21,0.054,4717.9
S004310,R061,T036,P003,2024-05-01,2024,5,8,11130.52,0.02,10907.91
S004311,R061,T036,P002,2024-06-01,2024,6,4,3208.48,0.083,2942.18
S004312,R061,T036,P003,2024-06-01,2024,6,4,5509.25,0.143,4721.43
S004313,R061,T036,P004,2024-06-01,2024,6,7,2183.09,0.079,2010.63
S004314,R061,T036,P001,2024-06-01,2024,6,3,1603.03,0.108,1429.9
S004315,R061,T036,P004,2024-07-01,2024,7,8,2494.72,0.113,2212.82
S004316,R061,T036,P002,2024-07-01,2024,7,9,6294.92,0.121,5533.23
S004317,R061,T036,P003,2024-07-01,2024,7,2,3663.61,0.178,3011.49
S004318,R061,T036,P001,2024-08-01,2024,8,7,3158.84,0.093,2865.07
S004319,R061,T036,P006,2024-08-01,2024,8,3,2953.27,0.043,2826.28
S004320,R061,T036,P003,2024-08-01,2024,8,7,9921.56,0.175,8185.29
S004321,R061,T036,P001,2024-09-01,2024,9,2,1148.47,0.042,1100.23
S004322,R061,T036,P003,2024-09-01,2024,9,5,6383.28,0.111,5674.74
S004323,R061,T036,P004,2024-09-01,2024,9,6,2011.82,0.167,1675.85
S004324,R061,T036,P002,2024-10-01,2024,10,5,3587.33,0.081,3296.76
S004325,R061,T036,P001,2024-10-01,2024,10,4,1878.71,0.058,1769.74
S004326,R061,T036,P003,2024-11-01,2024,11,2,3072.39,0.142,2636.11
S004327,R061,T036,P001,2024-11-01,2024,11,5,2235.73,0.145,1911.55
S004328,R061,T036,P006,2024-11-01,2024,11,10,9506.86,0.092,8632.23
S004329,R061,T036,P002,2024-12-01,2024,12,2,1385.33,0.025,1350.7
S004330,R061,T036,P003,2024-12-01,2024,12,4,5666.64,0.021,5547.64
S004331,R061,T036,P001,2024-12-01,2024,12,5,2394.14,0.103,2147.54
S004332,R061,T036,P005,2024-12-01,2024,12,4,1292.64,0.087,1180.18
S004333,R062,T026,P005,2023-01-01,2023,1,1,131.8,0.148,112.29
S004334,R062,T026,P001,2023-01-01,2023,1,1,563.13,0.115,498.37
S004335,R062,T026,P004,2023-01-01,2023,1,1,157.9,0.109,140.69
S004336,R062,T026,P005,2023-02-01,2023,2,1,243.89,0.114,216.09
S004337,R062,T026,P004,2023-02-01,2023,2,1,535.62,0.176,441.35
S004338,R062,T026,P006,2023-03-01,2023,3,1,1260.07,0.098,1136.58
S004339,R062,T026,P003,2023-03-01,2023,3,3,3943.02,0.057,3718.27
S004340,R062,T026,P002,2023-03-01,2023,3,2,1392.04,0.135,1204.11
S004341,R062,T026,P003,2023-04-01,2023,4,3,3980.32,0.094,3606.17
S004342,R062,T026,P006,2023-04-01,2023,4,1,799.07,0.04,767.11
S004343,R062,T026,P005,2023-05-01,2023,5,1,216.87,0.167,180.65
S004344,R062,T026,P004,2023-05-01,2023,5,1,276.85,0.158,233.11
S004345,R062,T026,P004,2023-06-01,2023,6,1,93.43,0.158,78.67
S004346,R062,T026,P005,2023-06-01,2023,6,1,253.28,0.119,223.14
S004347,R062,T026,P006,2023-06-01,2023,6,1,723.76,0.059,681.06
S004348,R062,T026,P003,2023-06-01,2023,6,1,1283.8,0.099,1156.7
S004349,R062,T026,P003,2023-07-01,2023,7,1,2280.84,0.16,1915.91
S004350,R062,T026,P004,2023-07-01,2023,7,1,293.2,0.148,249.81
S004351,R062,T026,P002,2023-08-01,2023,8,1,634.44,0.157,534.83
S004352,R062,T026,P001,2023-08-01,2023,8,2,1077.95,0.125,943.21
S004353,R062,T026,P004,2023-08-01,2023,8,1,167.8,0.148,142.97
S004354,R062,T026,P004,2023-09-01,2023,9,2,852.97,0.15,725.02
S004355,R062,T026,P006,2023-09-01,2023,9,1,385.06,0.094,348.86
S004356,R062,T026,P005,2023-09-01,2023,9,1,115.25,0.143,98.77
S004357,R062,T026,P005,2023-10-01,2023,10,1,108.35,0.154,91.66
S004358,R062,T026,P002,2023-10-01,2023,10,1,813.8,0.076,751.95
S004359,R062,T026,P003,2023-10-01,2023,10,2,3045.91,0.086,2783.96
S004360,R062,T026,P006,2023-10-01,2023,10,1,1174.2,0.167,978.11
S004361,R062,T026,P006,2023-11-01,2023,11,1,911.48,0.133,790.25
S004362,R062,T026,P001,2023-11-01,2023,11,1,170.04,0.144,145.55
S004363,R062,T026,P004,2023-11-01,2023,11,1,518.04,0.124,453.8
S004364,R062,T026,P003,2023-11-01,2023,11,1,2198.09,0.18,1802.43
S004365,R062,T026,P002,2023-12-01,2023,12,1,271.84,0.174,224.54
S004366,R062,T026,P005,2023-12-01,2023,12,1,330.61,0.098,298.21
S004367,R062,T026,P003,2023-12-01,2023,12,1,2266.0,0.17,1880.78
S004368,R062,T026,P001,2023-12-01,2023,12,1,322.89,0.166,269.29
S004369,R062,T026,P006,2024-01-01,2024,1,1,675.92,0.099,609.0
S004370,R062,T026,P001,2024-01-01,2024,1,1,324.58,0.046,309.65
S004371,R062,T026,P002,2024-01-01,2024,1,1,1037.31,0.047,988.56
S004372,R062,T026,P004,2024-01-01,2024,1,3,1031.01,0.075,953.68
S004373,R062,T026,P006,2024-02-01,2024,2,1,1115.56,0.03,1082.09
S004374,R062,T026,P005,2024-02-01,2024,2,1,524.44,0.06,492.97
S004375,R062,T026,P004,2024-03-01,2024,3,1,133.18,0.086,121.73
S004376,R062,T026,P006,2024-03-01,2024,3,1,1698.41,0.118,1498.0
S004377,R062,T026,P003,2024-04-01,2024,4,2,3180.88,0.065,2974.12
S004378,R062,T026,P004,2024-04-01,2024,4,2,840.96,0.07,782.09
S004379,R062,T026,P001,2024-05-01,2024,5,3,1346.63,0.029,1307.58
S004380,R062,T026,P006,2024-05-01,2024,5,2,2470.1,0.172,2045.24
S004381,R062,T026,P002,2024-06-01,2024,6,2,1711.19,0.022,1673.54
S004382,R062,T026,P003,2024-06-01,2024,6,1,2215.73,0.104,1985.29
S004383,R062,T026,P002,2024-07-01,2024,7,1,184.02,0.151,156.23
S004384,R062,T026,P004,2024-07-01,2024,7,1,405.23,0.109,361.06
S004385,R062,T026,P001,2024-07-01,2024,7,2,871.12,0.122,764.84
S004386,R062,T026,P006,2024-07-01,2024,7,1,447.86,0.17,371.72
S004387,R062,T026,P002,2024-08-01,2024,8,1,1070.63,0.103,960.36
S004388,R062,T026,P003,2024-08-01,2024,8,1,1706.42,0.037,1643.28
S004389,R062,T026,P006,2024-09-01,2024,9,1,1572.37,0.151,1334.94
S004390,R062,T026,P001,2024-09-01,2024,9,2,1077.78,0.161,904.26
S004391,R062,T026,P002,2024-09-01,2024,9,1,1212.42,0.17,1006.31
S004392,R062,T026,P003,2024-10-01,2024,10,1,1857.38,0.18,1523.05
S004393,R062,T026,P004,2024-10-01,2024,10,1,202.43,0.11,180.16
S004394,R062,T026,P006,2024-10-01,2024,10,1,1265.89,0.07,1177.28
S004395,R062,T026,P001,2024-10-01,2024,10,1,754.71,0.098,680.75
S004396,R062,T026,P001,2024-11-01,2024,11,1,785.3,0.038,755.46
S004397,R062,T026,P004,2024-11-01,2024,11,1,260.74,0.132,226.32
S004398,R062,T026,P003,2024-11-01,2024,11,1,2300.23,0.156,1941.39
S004399,R062,T026,P001,2024-12-01,2024,12,2,1001.19,0.058,943.12
S004400,R062,T026,P004,2024-12-01,2024,12,1,503.57,0.176,414.94
S004401,R062,T026,P002,2024-12-01,2024,12,2,1848.96,0.057,1743.57
S004402,R063,T008,P002,2023-01-01,2023,1,1,1104.89,0.09,1005.45
S004403,R063,T008,P006,2023-01-01,2023,1,3,2913.16,0.065,2723.8
S004404,R063,T008,P003,2023-02-01,2023,2,2,3682.56,0.164,3078.62
S004405,R063,T008,P005,2023-02-01,2023,2,1,478.81,0.086,437.63
S004406,R063,T008,P006,2023-02-01,2023,2,2,2014.97,0.063,1888.03
S004407,R063,T008,P001,2023-02-01,2023,2,1,643.26,0.127,561.57
S004408,R063,T008,P003,2023-03-01,2023,3,3,4199.18,0.09,3821.25
S004409,R063,T008,P001,2023-03-01,2023,3,1,634.13,0.155,535.84
S004410,R063,T008,P004,2023-03-01,2023,3,3,1101.11,0.138,949.16
S004411,R063,T008,P004,2023-04-01,2023,4,1,387.06,0.094,350.68
S004412,R063,T008,P005,2023-04-01,2023,4,1,389.87,0.141,334.9
S004413,R063,T008,P003,2023-04-01,2023,4,1,2459.31,0.032,2380.61
S004414,R063,T008,P001,2023-04-01,2023,4,1,720.82,0.07,670.36
S004415,R063,T008,P005,2023-05-01,2023,5,1,459.35,0.157,387.23
S004416,R063,T008,P003,2023-05-01,2023,5,1,2304.71,0.139,1984.36
S004417,R063,T008,P002,2023-06-01,2023,6,3,2068.72,0.048,1969.42
S004418,R063,T008,P004,2023-06-01,2023,6,1,455.75,0.051,432.51
S004419,R063,T008,P003,2023-06-01,2023,6,2,2948.27,0.117,2603.32
S004420,R063,T008,P006,2023-06-01,2023,6,1,1411.99,0.021,1382.34
S004421,R063,T008,P006,2023-07-01,2023,7,3,2710.52,0.176,2233.47
S004422,R063,T008,P001,2023-07-01,2023,7,3,1460.23,0.066,1363.85
S004423,R063,T008,P002,2023-07-01,2023,7,3,2074.63,0.068,1933.56
S004424,R063,T008,P003,2023-07-01,2023,7,2,2867.58,0.032,2775.82
S004425,R063,T008,P006,2023-08-01,2023,8,1,685.2,0.091,622.85
S004426,R063,T008,P003,2023-08-01,2023,8,1,2496.55,0.065,2334.27
S004427,R063,T008,P001,2023-09-01,2023,9,1,805.94,0.128,702.78
S004428,R063,T008,P004,2023-09-01,2023,9,3,1086.37,0.1,977.73
S004429,R063,T008,P002,2023-09-01,2023,9,2,1644.39,0.103,1475.02
S004430,R063,T008,P006,2023-09-01,2023,9,1,706.9,0.072,656.0
S004431,R063,T008,P005,2023-10-01,2023,10,3,1121.45,0.093,1017.16
S004432,R063,T008,P003,2023-10-01,2023,10,3,4057.74,0.148,3457.19
S004433,R063,T008,P002,2023-10-01,2023,10,1,436.81,0.131,379.59
S004434,R063,T008,P004,2023-10-01,2023,10,2,673.62,0.066,629.16
S004435,R063,T008,P006,2023-11-01,2023,11,2,2293.32,0.132,1990.6
S004436,R063,T008,P001,2023-11-01,2023,11,2,869.1,0.042,832.6
S004437,R063,T008,P003,2023-11-01,2023,11,2,3105.31,0.151,2636.41
S004438,R063,T008,P005,2023-11-01,2023,11,1,356.45,0.022,348.61
S004439,R063,T008,P006,2023-12-01,2023,12,2,2130.35,0.114,1887.49
S004440,R063,T008,P004,2023-12-01,2023,12,3,1047.31,0.159,880.79
S004441,R063,T008,P004,2024-01-01,2024,1,4,1303.47,0.05,1238.3
S004442,R063,T008,P005,2024-01-01,2024,1,2,703.41,0.041,674.57
S004443,R063,T008,P004,2024-02-01,2024,2,2,659.33,0.147,562.41
S004444,R063,T008,P005,2024-02-01,2024,2,4,1362.24,0.141,1170.16
S004445,R063,T008,P006,2024-02-01,2024,2,1,1380.75,0.162,1157.07
S004446,R063,T008,P001,2024-02-01,2024,2,1,353.74,0.176,291.48
S004447,R063,T008,P005,2024-03-01,2024,3,4,1274.81,0.078,1175.37
S004448,R063,T008,P001,2024-03-01,2024,3,1,819.55,0.145,700.72
S004449,R063,T008,P003,2024-03-01,2024,3,1,1581.33,0.083,1450.08
S004450,R063,T008,P005,2024-04-01,2024,4,2,648.84,0.161,544.38
S004451,R063,T008,P003,2024-04-01,2024,4,2,2929.74,0.057,2762.74
S004452,R063,T008,P004,2024-04-01,2024,4,2,792.11,0.037,762.8
S004453,R063,T008,P004,2024-05-01,2024,5,1,537.92,0.125,470.68
S004454,R063,T008,P005,2024-05-01,2024,5,2,722.12,0.118,636.91
S004455,R063,T008,P002,2024-06-01,2024,6,2,1905.24,0.097,1720.43
S004456,R063,T008,P005,2024-06-01,2024,6,2,813.28,0.07,756.35
S004457,R063,T008,P003,2024-07-01,2024,7,3,4054.71,0.179,3328.92
S004458,R063,T008,P002,2024-07-01,2024,7,1,1150.44,0.15,977.87
S004459,R063,T008,P006,2024-08-01,2024,8,1,1137.32,0.094,1030.41
S004460,R063,T008,P005,2024-08-01,2024,8,2,701.19,0.134,607.23
S004461,R063,T008,P004,2024-08-01,2024,8,2,757.46,0.156,639.3
S004462,R063,T008,P002,2024-09-01,2024,9,1,747.05,0.107,667.12
S004463,R063,T008,P001,2024-09-01,2024,9,1,765.97,0.053,725.37
S004464,R063,T008,P003,2024-09-01,2024,9,3,4366.54,0.132,3790.16
S004465,R063,T008,P005,2024-10-01,2024,10,2,803.09,0.11,714.75
S004466,R063,T008,P002,2024-10-01,2024,10,2,1772.41,0.038,1705.06
S004467,R063,T008,P001,2024-10-01,2024,10,1,815.93,0.145,697.62
S004468,R063,T008,P004,2024-10-01,2024,10,2,682.69,0.055,645.14
S004469,R063,T008,P006,2024-11-01,2024,11,2,2662.13,0.055,2515.71
S004470,R063,T008,P005,2024-11-01,2024,11,1,191.15,0.177,157.32
S004471,R063,T008,P003,2024-11-01,2024,11,2,2750.47,0.099,2478.17
S004472,R063,T008,P004,2024-11-01,2024,11,3,1034.49,0.053,979.66
S004473,R063,T008,P001,2024-12-01,2024,12,2,999.41,0.084,915.46
S004474,R063,T008,P005,2024-12-01,2024,12,3,972.89,0.044,930.08
S004475,R063,T008,P006,2024-12-01,2024,12,2,2394.03,0.077,2209.69
S004476,R064,T050,P002,2023-01-01,2023,1,3,2122.64,0.064,1986.79
S004477,R064,T050,P005,2023-01-01,2023,1,1,375.46,0.124,328.9
S004478,R064,T050,P001,2023-02-01,2023,2,3,1353.56,0.175,1116.69
S004479,R064,T050,P006,2023-02-01,2023,2,5,5138.59,0.108,4583.62
S004480,R064,T050,P002,2023-02-01,2023,2,2,2018.37,0.078,1860.94
S004481,R064,T050,P005,2023-02-01,2023,2,1,470.52,0.055,444.64
S004482,R064,T050,P004,2023-03-01,2023,3,6,2136.75,0.137,1844.02
S004483,R064,T050,P001,2023-03-01,2023,3,8,3607.35,0.044,3448.63
S004484,R064,T050,P002,2023-03-01,2023,3,1,838.86,0.129,730.65
S004485,R064,T050,P003,2023-04-01,2023,4,4,6014.0,0.175,4961.55
S004486,R064,T050,P001,2023-04-01,2023,4,7,3228.84,0.099,2909.18
S004487,R064,T050,P005,2023-04-01,2023,4,4,1250.94,0.143,1072.06
S004488,R064,T050,P006,2023-05-01,2023,5,4,4057.67,0.061,3810.15
S004489,R064,T050,P002,2023-05-01,2023,5,5,3555.96,0.093,3225.26
S004490,R064,T050,P003,2023-06-01,2023,6,7,9287.97,0.146,7931.93
S004491,R064,T050,P004,2023-06-01,2023,6,1,287.19,0.086,262.49
S004492,R064,T050,P006,2023-06-01,2023,6,2,2403.07,0.167,2001.76
S004493,R064,T050,P001,2023-06-01,2023,6,5,2266.46,0.128,1976.35
S004494,R064,T050,P001,2023-07-01,2023,7,4,1799.2,0.148,1532.92
S004495,R064,T050,P005,2023-07-01,2023,7,5,1500.83,0.026,1461.81
S004496,R064,T050,P003,2023-08-01,2023,8,3,3980.13,0.043,3808.98
S004497,R064,T050,P006,2023-08-01,2023,8,5,4931.17,0.152,4181.63
S004498,R064,T050,P005,2023-08-01,2023,8,3,895.76,0.114,793.64
S004499,R064,T050,P004,2023-08-01,2023,8,3,1104.05,0.105,988.12
S004500,R064,T050,P006,2023-09-01,2023,9,2,2553.4,0.049,2428.28
S004501,R064,T050,P002,2023-09-01,2023,9,1,1319.48,0.175,1088.57
S004502,R064,T050,P005,2023-09-01,2023,9,1,225.75,0.074,209.04
S004503,R064,T050,P001,2023-09-01,2023,9,3,1386.11,0.162,1161.56
S004504,R064,T050,P005,2023-10-01,2023,10,4,1282.76,0.051,1217.34
S004505,R064,T050,P003,2023-10-01,2023,10,4,5588.94,0.178,4594.11
S004506,R064,T050,P004,2023-11-01,2023,11,3,1006.62,0.032,974.41
S004507,R064,T050,P006,2023-11-01,2023,11,5,5153.15,0.129,4488.39
S004508,R064,T050,P003,2023-11-01,2023,11,3,4693.38,0.022,4590.13
S004509,R064,T050,P005,2023-11-01,2023,11,1,273.24,0.174,225.7
S004510,R064,T050,P001,2023-12-01,2023,12,4,1859.8,0.132,1614.31
S004511,R064,T050,P006,2023-12-01,2023,12,2,2595.5,0.059,2442.37
S004512,R064,T050,P002,2023-12-01,2023,12,1,1041.93,0.085,953.37
S004513,R064,T050,P003,2024-01-01,2024,1,7,9861.25,0.145,8431.37
S004514,R064,T050,P001,2024-01-01,2024,1,2,1050.08,0.159,883.12
S004515,R064,T050,P005,2024-01-01,2024,1,8,2440.17,0.165,2037.54
S004516,R064,T050,P004,2024-01-01,2024,1,5,1644.1,0.092,1492.84
S004517,R064,T050,P001,2024-02-01,2024,2,3,1555.12,0.112,1380.95
S004518,R064,T050,P005,2024-02-01,2024,2,8,2337.85,0.046,2230.31
S004519,R064,T050,P002,2024-02-01,2024,2,5,3925.64,0.147,3348.57
S004520,R064,T050,P004,2024-02-01,2024,2,4,1245.49,0.05,1183.22
S004521,R064,T050,P004,2024-03-01,2024,3,2,767.72,0.101,690.18
S004522,R064,T050,P002,2024-03-01,2024,3,5,3808.29,0.023,3720.7
S004523,R064,T050,P001,2024-03-01,2024,3,4,2042.5,0.092,1854.59
S004524,R064,T050,P003,2024-03-01,2024,3,3,3956.62,0.036,3814.18
S004525,R064,T050,P004,2024-04-01,2024,4,1,481.1,0.049,457.53
S004526,R064,T050,P002,2024-04-01,2024,4,4,2918.3,0.05,2772.38
S004527,R064,T050,P005,2024-04-01,2024,4,2,615.01,0.159,517.22
S004528,R064,T050,P003,2024-04-01,2024,4,1,2147.34,0.148,1829.53
S004529,R064,T050,P004,2024-05-01,2024,5,1,503.05,0.066,469.85
S004530,R064,T050,P005,2024-05-01,2024,5,1,558.75,0.144,478.29
S004531,R064,T050,P006,2024-05-01,2024,5,2,2285.09,0.109,2036.02
S004532,R064,T050,P001,2024-05-01,2024,5,2,1239.22,0.092,1125.21
S004533,R064,T050,P004,2024-06-01,2024,6,4,1524.13,0.121,1339.71
S004534,R064,T050,P002,2024-06-01,2024,6,2,1600.96,0.04,1536.92
S004535,R064,T050,P001,2024-06-01,2024,6,5,2467.88,0.119,2174.2
S004536,R064,T050,P004,2024-07-01,2024,7,1,208.92,0.098,188.45
S004537,R064,T050,P001,2024-07-01,2024,7,2,931.77,0.13,810.64
S004538,R064,T050,P003,2024-07-01,2024,7,4,5765.62,0.159,4848.89
S004539,R064,T050,P006,2024-07-01,2024,7,3,2690.13,0.038,2587.91
S004540,R064,T050,P004,2024-08-01,2024,8,2,819.29,0.162,686.57
S004541,R064,T050,P005,2024-08-01,2024,8,2,583.16,0.058,549.34
S004542,R064,T050,P004,2024-09-01,2024,9,2,744.45,0.046,710.21
S004543,R064,T050,P003,2024-09-01,2024,9,2,3082.68,0.077,2845.31
S004544,R064,T050,P001,2024-09-01,2024,9,5,2119.53,0.032,2051.71
S004545,R064,T050,P005,2024-09-01,2024,9,4,1425.6,0.055,1347.19
S004546,R064,T050,P006,2024-10-01,2024,10,1,1575.43,0.061,1479.33
S004547,R064,T050,P001,2024-10-01,2024,10,6,2837.43,0.153,2403.3
S004548,R064,T050,P004,2024-10-01,2024,10,3,1023.9,0.071,951.2
S004549,R064,T050,P003,2024-11-01,2024,11,1,2162.25,0.031,2095.22
S004550,R064,T050,P004,2024-11-01,2024,11,4,1408.49,0.084,1290.18
S004551,R064,T050,P002,2024-11-01,2024,11,3,2500.86,0.041,2398.32
S004552,R064,T050,P001,2024-11-01,2024,11,1,572.77,0.085,524.08
S004553,R064,T050,P005,2024-12-01,2024,12,1,208.36,0.074,192.94
S004554,R064,T050,P006,2024-12-01,2024,12,2,2335.77,0.106,2088.18
S004555,R065,T028,P005,2023-01-01,2023,1,3,1023.26,0.03,992.56
S004556,R065,T028,P002,2023-01-01,2023,1,2,1401.93,0.174,1157.99
S004557,R065,T028,P001,2023-02-01,2023,2,1,679.33,0.061,637.89
S004558,R065,T028,P006,2023-02-01,2023,2,3,3072.45,0.085,2811.29
S004559,R065,T028,P002,2023-02-01,2023,2,5,4002.68,0.03,3882.6
S004560,R065,T028,P004,2023-02-01,2023,2,6,2078.75,0.066,1941.55
S004561,R065,T028,P006,2023-03-01,2023,3,1,1038.19,0.089,945.79
S004562,R065,T028,P004,2023-03-01,2023,3,3,1229.72,0.173,1016.98
S004563,R065,T028,P004,2023-04-01,2023,4,1,433.21,0.17,359.56
S004564,R065,T028,P005,2023-04-01,2023,4,2,805.79,0.038,775.17
S004565,R065,T028,P001,2023-04-01,2023,4,1,530.0,0.054,501.38
S004566,R065,T028,P003,2023-05-01,2023,5,4,5083.7,0.049,4834.6
S004567,R065,T028,P004,2023-05-01,2023,5,5,1566.84,0.087,1430.52
S004568,R065,T028,P006,2023-05-01,2023,5,1,1518.85,0.039,1459.61
S004569,R065,T028,P006,2023-06-01,2023,6,1,1415.46,0.147,1207.39
S004570,R065,T028,P002,2023-06-01,2023,6,3,2201.02,0.157,1855.46
S004571,R065,T028,P006,2023-07-01,2023,7,1,1508.05,0.064,1411.53
S004572,R065,T028,P004,2023-07-01,2023,7,1,236.37,0.142,202.81
S004573,R065,T028,P004,2023-08-01,2023,8,1,435.88,0.043,417.14
S004574,R065,T028,P003,2023-08-01,2023,8,2,3491.25,0.07,3246.86
S004575,R065,T028,P002,2023-09-01,2023,9,2,1594.64,0.021,1561.15
S004576,R065,T028,P001,2023-09-01,2023,9,5,2193.63,0.155,1853.62
S004577,R065,T028,P002,2023-10-01,2023,10,4,3168.98,0.163,2652.44
S004578,R065,T028,P003,2023-10-01,2023,10,2,2877.81,0.098,2595.78
S004579,R065,T028,P006,2023-10-01,2023,10,2,1835.84,0.162,1538.43
S004580,R065,T028,P001,2023-10-01,2023,10,2,1062.76,0.057,1002.18
S004581,R065,T028,P003,2023-11-01,2023,11,1,2033.48,0.03,1972.48
S004582,R065,T028,P004,2023-11-01,2023,11,2,635.48,0.162,532.53
S004583,R065,T028,P002,2023-12-01,2023,12,1,935.62,0.123,820.54
S004584,R065,T028,P003,2023-12-01,2023,12,3,4773.22,0.117,4214.75
S004585,R065,T028,P001,2023-12-01,2023,12,2,1113.63,0.093,1010.06
S004586,R065,T028,P006,2024-01-01,2024,1,1,1317.3,0.137,1136.83
S004587,R065,T028,P003,2024-01-01,2024,1,6,7576.99,0.056,7152.68
S004588,R065,T028,P004,2024-01-01,2024,1,1,198.94,0.106,177.85
S004589,R065,T028,P005,2024-01-01,2024,1,4,1411.41,0.127,1232.16
S004590,R065,T028,P001,2024-02-01,2024,2,5,2509.51,0.135,2170.73
S004591,R065,T028,P005,2024-02-01,2024,2,1,515.47,0.093,467.53
S004592,R065,T028,P006,2024-03-01,2024,3,1,965.82,0.123,847.02
S004593,R065,T028,P002,2024-03-01,2024,3,2,1669.53,0.049,1587.72
S004594,R065,T028,P004,2024-03-01,2024,3,1,531.88,0.139,457.95
S004595,R065,T028,P002,2024-04-01,2024,4,3,2424.49,0.051,2300.84
S004596,R065,T028,P001,2024-04-01,2024,4,1,398.37,0.136,344.19
S004597,R065,T028,P006,2024-04-01,2024,4,3,2722.02,0.164,2275.61
S004598,R065,T028,P003,2024-04-01,2024,4,3,4093.13,0.101,3679.72
S004599,R065,T028,P006,2024-05-01,2024,5,1,1301.23,0.083,1193.23
S004600,R065,T028,P003,2024-05-01,2024,5,5,7238.57,0.092,6572.62
S004601,R065,T028,P004,2024-05-01,2024,5,4,1433.7,0.132,1244.45
S004602,R065,T028,P001,2024-05-01,2024,5,3,1464.79,0.027,1425.24
S004603,R065,T028,P006,2024-06-01,2024,6,3,3224.19,0.148,2747.01
S004604,R065,T028,P003,2024-06-01,2024,6,1,1151.78,0.17,955.98
S004605,R065,T028,P001,2024-07-01,2024,7,3,1449.48,0.139,1248.0
S004606,R065,T028,P004,2024-07-01,2024,7,6,2106.12,0.125,1842.86
S004607,R065,T028,P006,2024-07-01,2024,7,1,877.77,0.134,760.15
S004608,R065,T028,P003,2024-07-01,2024,7,1,1536.46,0.103,1378.2
S004609,R065,T028,P001,2024-08-01,2024,8,4,1835.66,0.023,1793.44
S004610,R065,T028,P004,2024-08-01,2024,8,3,973.98,0.138,839.57
S004611,R065,T028,P005,2024-09-01,2024,9,2,852.02,0.076,787.27
S004612,R065,T028,P006,2024-09-01,2024,9,1,1665.56,0.038,1602.27
S004613,R065,T028,P004,2024-09-01,2024,9,3,1089.51,0.17,904.29
S004614,R065,T028,P001,2024-09-01,2024,9,1,676.17,0.02,662.65
S004615,R065,T028,P003,2024-10-01,2024,10,3,3889.63,0.061,3652.36
S004616,R065,T028,P004,2024-10-01,2024,10,3,1105.17,0.041,1059.86
S004617,R065,T028,P004,2024-11-01,2024,11,1,263.54,0.075,243.77
S004618,R065,T028,P003,2024-11-01,2024,11,1,1951.46,0.056,1842.18
S004619,R065,T028,P001,2024-11-01,2024,11,1,772.62,0.148,658.27
S004620,R065,T028,P003,2024-12-01,2024,12,1,1839.34,0.1,1655.41
S004621,R065,T028,P002,2024-12-01,2024,12,3,2334.79,0.169,1940.21
S004622,R065,T028,P005,2024-12-01,2024,12,4,1180.27,0.135,1020.93
S004623,R066,T028,P003,2023-01-01,2023,1,2,3530.48,0.175,2912.65
S004624,R066,T028,P006,2023-01-01,2023,1,4,3994.19,0.049,3798.47
S004625,R066,T028,P002,2023-01-01,2023,1,7,4769.77,0.156,4025.69
S004626,R066,T028,P005,2023-01-01,2023,1,4,1295.95,0.036,1249.3
S004627,R066,T028,P004,2023-02-01,2023,2,1,534.01,0.042,511.58
S004628,R066,T028,P003,2023-02-01,2023,2,3,4981.2,0.038,4791.91
S004629,R066,T028,P001,2023-02-01,2023,2,4,1956.84,0.094,1772.9
S004630,R066,T028,P006,2023-02-01,2023,2,1,891.23,0.058,839.54
S004631,R066,T028,P006,2023-03-01,2023,3,4,4053.04,0.164,3388.34
S004632,R066,T028,P001,2023-03-01,2023,3,1,579.04,0.107,517.08
S004633,R066,T028,P004,2023-04-01,2023,4,1,609.95,0.176,502.6
S004634,R066,T028,P005,2023-04-01,2023,4,1,408.4,0.164,341.42
S004635,R066,T028,P003,2023-04-01,2023,4,3,3803.85,0.095,3442.48
S004636,R066,T028,P002,2023-04-01,2023,4,5,3531.92,0.116,3122.22
S004637,R066,T028,P006,2023-05-01,2023,5,5,4548.53,0.122,3993.61
S004638,R066,T028,P002,2023-05-01,2023,5,2,1472.89,0.065,1377.15
S004639,R066,T028,P003,2023-05-01,2023,5,3,4345.48,0.071,4036.95
S004640,R066,T028,P005,2023-05-01,2023,5,1,283.58,0.093,257.21
S004641,R066,T028,P006,2023-06-01,2023,6,4,4191.06,0.134,3629.46
S004642,R066,T028,P005,2023-06-01,2023,6,2,748.18,0.108,667.38
S004643,R066,T028,P002,2023-06-01,2023,6,5,3944.48,0.125,3451.42
S004644,R066,T028,P002,2023-07-01,2023,7,2,1645.74,0.107,1469.65
S004645,R066,T028,P003,2023-07-01,2023,7,1,1770.57,0.151,1503.21
S004646,R066,T028,P005,2023-07-01,2023,7,2,838.48,0.037,807.46
S004647,R066,T028,P003,2023-08-01,2023,8,3,3828.5,0.147,3265.71
S004648,R066,T028,P006,2023-08-01,2023,8,3,3007.64,0.151,2553.49
S004649,R066,T028,P004,2023-09-01,2023,9,3,1156.29,0.136,999.03
S004650,R066,T028,P001,2023-09-01,2023,9,1,551.5,0.052,522.82
S004651,R066,T028,P003,2023-09-01,2023,9,2,3746.29,0.078,3454.08
S004652,R066,T028,P006,2023-10-01,2023,10,1,620.65,0.098,559.83
S004653,R066,T028,P003,2023-10-01,2023,10,1,1083.39,0.152,918.71
S004654,R066,T028,P004,2023-10-01,2023,10,4,1277.79,0.155,1079.73
S004655,R066,T028,P001,2023-10-01,2023,10,4,2023.17,0.149,1721.72
S004656,R066,T028,P002,2023-11-01,2023,11,2,1983.25,0.023,1937.64
S004657,R066,T028,P004,2023-11-01,2023,11,1,139.93,0.097,126.36
S004658,R066,T028,P003,2023-11-01,2023,11,2,2845.44,0.033,2751.54
S004659,R066,T028,P005,2023-11-01,2023,11,3,905.2,0.034,874.42
S004660,R066,T028,P001,2023-12-01,2023,12,1,293.74,0.155,248.21
S004661,R066,T028,P003,2023-12-01,2023,12,2,3448.48,0.098,3110.53
S004662,R066,T028,P006,2023-12-01,2023,12,1,1443.61,0.175,1190.98
S004663,R066,T028,P002,2023-12-01,2023,12,2,1657.06,0.154,1401.87
S004664,R066,T028,P002,2024-01-01,2024,1,1,645.61,0.047,615.27
S004665,R066,T028,P005,2024-01-01,2024,1,3,1114.17,0.098,1004.98
S004666,R066,T028,P003,2024-01-01,2024,1,1,2323.82,0.103,2084.47
S004667,R066,T028,P005,2024-02-01,2024,2,1,492.95,0.044,471.26
S004668,R066,T028,P002,2024-02-01,2024,2,2,1420.23,0.166,1184.47
S004669,R066,T028,P001,2024-02-01,2024,2,5,2104.35,0.074,1948.63
S004670,R066,T028,P003,2024-02-01,2024,2,1,1881.65,0.098,1697.25
S004671,R066,T028,P004,2024-03-01,2024,3,4,1428.59,0.05,1357.16
S004672,R066,T028,P005,2024-03-01,2024,3,1,306.16,0.058,288.4
S004673,R066,T028,P001,2024-03-01,2024,3,6,2616.44,0.138,2255.37
S004674,R066,T028,P006,2024-03-01,2024,3,6,5985.78,0.159,5034.04
S004675,R066,T028,P006,2024-04-01,2024,4,3,2760.26,0.124,2417.99
S004676,R066,T028,P005,2024-04-01,2024,4,1,338.61,0.081,311.18
S004677,R066,T028,P001,2024-04-01,2024,4,3,1469.9,0.103,1318.5
S004678,R066,T028,P003,2024-05-01,2024,5,6,7903.73,0.137,6820.92
S004679,R066,T028,P004,2024-05-01,2024,5,5,1729.02,0.163,1447.19
S004680,R066,T028,P001,2024-06-01,2024,6,2,1132.42,0.041,1085.99
S004681,R066,T028,P006,2024-06-01,2024,6,4,3752.24,0.081,3448.31
S004682,R066,T028,P004,2024-06-01,2024,6,1,429.66,0.093,389.7
S004683,R066,T028,P002,2024-07-01,2024,7,4,3182.32,0.059,2994.56
S004684,R066,T028,P005,2024-07-01,2024,7,4,1303.69,0.146,1113.35
S004685,R066,T028,P001,2024-07-01,2024,7,3,1435.24,0.148,1222.82
S004686,R066,T028,P003,2024-07-01,2024,7,5,6297.85,0.066,5882.19
S004687,R066,T028,P002,2024-08-01,2024,8,3,2592.43,0.09,2359.11
S004688,R066,T028,P001,2024-08-01,2024,8,3,1394.45,0.178,1146.24
S004689,R066,T028,P006,2024-08-01,2024,8,1,1440.05,0.18,1180.84
S004690,R066,T028,P004,2024-08-01,2024,8,3,1166.66,0.029,1132.83
S004691,R066,T028,P001,2024-09-01,2024,9,2,1144.67,0.176,943.21
S004692,R066,T028,P003,2024-09-01,2024,9,1,1258.6,0.099,1134.0
S004693,R066,T028,P002,2024-09-01,2024,9,1,414.25,0.1,372.82
S004694,R066,T028,P005,2024-09-01,2024,9,6,1780.3,0.141,1529.28
S004695,R066,T028,P005,2024-10-01,2024,10,1,243.81,0.104,218.45
S004696,R066,T028,P004,2024-10-01,2024,10,1,529.77,0.096,478.91
S004697,R066,T028,P005,2024-11-01,2024,11,5,1450.67,0.057,1367.98
S004698,R066,T028,P006,2024-11-01,2024,11,2,1808.76,0.073,1676.72
S004699,R066,T028,P005,2024-12-01,2024,12,2,800.9,0.09,728.82
S004700,R066,T028,P006,2024-12-01,2024,12,2,1842.41,0.163,1542.1
S004701,R066,T028,P002,2024-12-01,2024,12,5,3627.49,0.175,2992.68
S004702,R066,T028,P003,2024-12-01,2024,12,3,4574.79,0.079,4213.38
S004703,R067,T037,P006,2023-01-01,2023,1,3,3079.07,0.068,2869.69
S004704,R067,T037,P001,2023-01-01,2023,1,5,2477.92,0.082,2274.73
S004705,R067,T037,P005,2023-02-01,2023,2,7,2054.16,0.086,1877.5
S004706,R067,T037,P001,2023-02-01,2023,2,7,3302.24,0.17,2740.86
S004707,R067,T037,P004,2023-02-01,2023,2,6,2007.65,0.125,1756.69
S004708,R067,T037,P006,2023-03-01,2023,3,3,3322.33,0.117,2933.62
S004709,R067,T037,P001,2023-03-01,2023,3,6,2911.79,0.09,2649.73
S004710,R067,T037,P004,2023-03-01,2023,3,2,777.45,0.121,683.38
S004711,R067,T037,P005,2023-03-01,2023,3,5,1565.63,0.105,1401.24
S004712,R067,T037,P001,2023-04-01,2023,4,5,2195.76,0.067,2048.64
S004713,R067,T037,P005,2023-04-01,2023,4,5,1452.44,0.067,1355.13
S004714,R067,T037,P004,2023-04-01,2023,4,2,911.05,0.142,781.68
S004715,R067,T037,P006,2023-05-01,2023,5,1,1401.48,0.089,1276.75
S004716,R067,T037,P005,2023-05-01,2023,5,5,1598.33,0.096,1444.89
S004717,R067,T037,P002,2023-06-01,2023,6,9,6360.52,0.053,6023.41
S004718,R067,T037,P004,2023-06-01,2023,6,4,1294.97,0.078,1193.96
S004719,R067,T037,P006,2023-06-01,2023,6,3,2684.19,0.048,2555.35
S004720,R067,T037,P003,2023-07-01,2023,7,8,10195.84,0.106,9115.08
S004721,R067,T037,P005,2023-07-01,2023,7,2,591.96,0.173,489.55
S004722,R067,T037,P006,2023-07-01,2023,7,6,6154.85,0.079,5668.62
S004723,R067,T037,P002,2023-07-01,2023,7,4,3077.64,0.059,2896.06
S004724,R067,T037,P002,2023-08-01,2023,8,3,2600.99,0.178,2138.01
S004725,R067,T037,P006,2023-08-01,2023,8,6,5651.07,0.039,5430.68
S004726,R067,T037,P003,2023-09-01,2023,9,2,2615.61,0.134,2265.12
S004727,R067,T037,P004,2023-09-01,2023,9,2,766.47,0.147,653.8
S004728,R067,T037,P006,2023-09-01,2023,9,3,2868.02,0.084,2627.11
S004729,R067,T037,P003,2023-10-01,2023,10,5,6293.08,0.057,5934.37
S004730,R067,T037,P006,2023-10-01,2023,10,3,3250.24,0.099,2928.47
S004731,R067,T037,P002,2023-10-01,2023,10,3,2060.99,0.14,1772.45
S004732,R067,T037,P005,2023-10-01,2023,10,3,1024.89,0.088,934.7
S004733,R067,T037,P001,2023-11-01,2023,11,4,1926.13,0.116,1702.7
S004734,R067,T037,P002,2023-11-01,2023,11,6,4175.8,0.142,3582.84
S004735,R067,T037,P006,2023-12-01,2023,12,3,2835.77,0.1,2552.19
S004736,R067,T037,P002,2023-12-01,2023,12,4,3235.83,0.176,2666.32
S004737,R067,T037,P001,2024-01-01,2024,1,1,348.04,0.157,293.4
S004738,R067,T037,P005,2024-01-01,2024,1,4,1329.29,0.043,1272.13
S004739,R067,T037,P002,2024-01-01,2024,1,8,5834.95,0.174,4819.67
S004740,R067,T037,P002,2024-02-01,2024,2,5,3874.27,0.179,3180.78
S004741,R067,T037,P001,2024-02-01,2024,2,6,2584.82,0.131,2246.21
S004742,R067,T037,P001,2024-03-01,2024,3,1,645.71,0.04,619.88
S004743,R067,T037,P005,2024-03-01,2024,3,4,1409.8,0.077,1301.25
S004744,R067,T037,P006,2024-03-01,2024,3,3,2705.95,0.032,2619.36
S004745,R067,T037,P002,2024-03-01,2024,3,5,3954.95,0.163,3310.29
S004746,R067,T037,P004,2024-04-01,2024,4,8,2784.26,0.168,2316.5
S004747,R067,T037,P005,2024-04-01,2024,4,7,2269.75,0.101,2040.51
S004748,R067,T037,P003,2024-04-01,2024,4,1,2475.47,0.152,2099.2
S004749,R067,T037,P003,2024-05-01,2024,5,4,5588.51,0.17,4638.46
S004750,R067,T037,P002,2024-05-01,2024,5,4,2881.74,0.164,2409.13
S004751,R067,T037,P001,2024-05-01,2024,5,2,862.56,0.101,775.44
S004752,R067,T037,P006,2024-05-01,2024,5,1,891.18,0.03,864.44
S004753,R067,T037,P003,2024-06-01,2024,6,9,11698.16,0.157,9861.55
S004754,R067,T037,P004,2024-06-01,2024,6,5,1669.17,0.056,1575.7
S004755,R067,T037,P001,2024-06-01,2024,6,4,1785.75,0.079,1644.68
S004756,R067,T037,P005,2024-06-01,2024,6,5,1676.41,0.087,1530.56
S004757,R067,T037,P002,2024-07-01,2024,7,3,2081.32,0.078,1918.98
S004758,R067,T037,P001,2024-07-01,2024,7,2,897.67,0.057,846.5
S004759,R067,T037,P004,2024-07-01,2024,7,6,2081.04,0.146,1777.21
S004760,R067,T037,P002,2024-08-01,2024,8,5,3944.63,0.078,3636.95
S004761,R067,T037,P001,2024-08-01,2024,8,7,3015.89,0.072,2798.75
S004762,R067,T037,P006,2024-08-01,2024,8,1,1403.14,0.177,1154.78
S004763,R067,T037,P006,2024-09-01,2024,9,4,4316.23,0.149,3673.11
S004764,R067,T037,P003,2024-09-01,2024,9,6,8647.36,0.031,8379.29
S004765,R067,T037,P001,2024-10-01,2024,10,5,2309.54,0.142,1981.59
S004766,R067,T037,P006,2024-10-01,2024,10,1,619.64,0.143,531.03
S004767,R067,T037,P003,2024-10-01,2024,10,2,2716.39,0.05,2580.57
S004768,R067,T037,P004,2024-11-01,2024,11,5,1567.24,0.177,1289.84
S004769,R067,T037,P005,2024-11-01,2024,11,1,524.98,0.158,442.03
S004770,R067,T037,P006,2024-12-01,2024,12,5,5001.4,0.13,4351.22
S004771,R067,T037,P001,2024-12-01,2024,12,3,1669.99,0.085,1528.04
S004772,R067,T037,P002,2024-12-01,2024,12,8,6083.1,0.153,5152.39
S004773,R067,T037,P004,2024-12-01,2024,12,4,1492.93,0.138,1286.91
S004774,R068,T041,P003,2023-01-01,2023,1,1,2284.29,0.095,2067.28
S004775,R068,T041,P005,2023-01-01,2023,1,2,602.47,0.128,525.35
S004776,R068,T041,P006,2023-02-01,2023,2,1,441.39,0.123,387.1
S004777,R068,T041,P005,2023-02-01,2023,2,1,177.22,0.042,169.78
S004778,R068,T041,P004,2023-02-01,2023,2,1,177.92,0.08,163.69
S004779,R068,T041,P003,2023-02-01,2023,2,2,2739.0,0.147,2336.37
S004780,R068,T041,P001,2023-03-01,2023,3,1,561.43,0.129,489.01
S004781,R068,T041,P002,2023-03-01,2023,3,2,1513.65,0.026,1474.3
S004782,R068,T041,P005,2023-03-01,2023,3,1,474.09,0.077,437.59
S004783,R068,T041,P006,2023-03-01,2023,3,3,2856.59,0.075,2642.35
S004784,R068,T041,P006,2023-04-01,2023,4,2,1812.61,0.069,1687.54
S004785,R068,T041,P001,2023-04-01,2023,4,2,1058.06,0.066,988.23
S004786,R068,T041,P002,2023-05-01,2023,5,1,1034.53,0.03,1003.49
S004787,R068,T041,P001,2023-05-01,2023,5,1,743.65,0.104,666.31
S004788,R068,T041,P004,2023-05-01,2023,5,1,485.25,0.048,461.96
S004789,R068,T041,P001,2023-06-01,2023,6,1,751.28,0.048,715.22
S004790,R068,T041,P002,2023-06-01,2023,6,2,1754.19,0.056,1655.96
S004791,R068,T041,P004,2023-06-01,2023,6,1,154.66,0.058,145.69
S004792,R068,T041,P004,2023-07-01,2023,7,1,607.19,0.036,585.33
S004793,R068,T041,P005,2023-07-01,2023,7,1,513.96,0.031,498.03
S004794,R068,T041,P003,2023-07-01,2023,7,1,821.42,0.145,702.31
S004795,R068,T041,P001,2023-07-01,2023,7,2,870.22,0.112,772.76
S004796,R068,T041,P003,2023-08-01,2023,8,1,2012.94,0.164,1682.82
S004797,R068,T041,P004,2023-08-01,2023,8,1,136.7,0.108,121.94
S004798,R068,T041,P001,2023-08-01,2023,8,2,952.09,0.165,795.0
S004799,R068,T041,P002,2023-08-01,2023,8,1,837.63,0.069,779.83
S004800,R068,T041,P005,2023-09-01,2023,9,1,335.36,0.146,286.4
S004801,R068,T041,P002,2023-09-01,2023,9,2,1443.77,0.058,1360.03
S004802,R068,T041,P006,2023-10-01,2023,10,2,1876.13,0.067,1750.43
S004803,R068,T041,P002,2023-10-01,2023,10,1,1281.68,0.108,1143.26
S004804,R068,T041,P006,2023-11-01,2023,11,1,419.06,0.178,344.47
S004805,R068,T041,P004,2023-11-01,2023,11,1,599.56,0.165,500.63
S004806,R068,T041,P004,2023-12-01,2023,12,1,199.17,0.05,189.21
S004807,R068,T041,P003,2023-12-01,2023,12,1,2137.01,0.174,1765.17
S004808,R068,T041,P005,2023-12-01,2023,12,1,177.62,0.089,161.81
S004809,R068,T041,P002,2023-12-01,2023,12,1,281.56,0.057,265.51
S004810,R068,T041,P006,2024-01-01,2024,1,1,810.86,0.032,784.91
S004811,R068,T041,P001,2024-01-01,2024,1,2,1020.64,0.023,997.17
S004812,R068,T041,P006,2024-02-01,2024,2,1,867.29,0.051,823.06
S004813,R068,T041,P002,2024-02-01,2024,2,2,1840.62,0.072,1708.1
S004814,R068,T041,P001,2024-02-01,2024,2,1,406.81,0.085,372.23
S004815,R068,T041,P004,2024-02-01,2024,2,1,295.96,0.053,280.27
S004816,R068,T041,P002,2024-03-01,2024,3,1,1272.53,0.061,1194.91
S004817,R068,T041,P004,2024-03-01,2024,3,1,137.52,0.098,124.04
S004818,R068,T041,P003,2024-04-01,2024,4,1,564.74,0.08,519.56
S004819,R068,T041,P001,2024-04-01,2024,4,1,716.47,0.118,631.93
S004820,R068,T041,P003,2024-05-01,2024,5,1,1720.8,0.064,1610.67
S004821,R068,T041,P001,2024-05-01,2024,5,1,828.79,0.107,740.11
S004822,R068,T041,P006,2024-05-01,2024,5,1,1191.58,0.066,1112.94
S004823,R068,T041,P005,2024-06-01,2024,6,1,334.25,0.136,288.79
S004824,R068,T041,P006,2024-06-01,2024,6,1,1139.01,0.1,1025.11
S004825,R068,T041,P003,2024-07-01,2024,7,1,817.79,0.033,790.8
S004826,R068,T041,P005,2024-07-01,2024,7,1,99.87,0.045,95.38
S004827,R068,T041,P001,2024-07-01,2024,7,1,497.1,0.026,484.18
S004828,R068,T041,P003,2024-08-01,2024,8,2,2912.7,0.074,2697.16
S004829,R068,T041,P002,2024-08-01,2024,8,3,2110.29,0.144,1806.41
S004830,R068,T041,P002,2024-09-01,2024,9,2,1586.19,0.169,1318.12
S004831,R068,T041,P001,2024-09-01,2024,9,1,318.22,0.075,294.35
S004832,R068,T041,P004,2024-09-01,2024,9,1,584.32,0.08,537.57
S004833,R068,T041,P003,2024-09-01,2024,9,1,1959.36,0.065,1832.0
S004834,R068,T041,P004,2024-10-01,2024,10,1,488.21,0.061,458.43
S004835,R068,T041,P005,2024-10-01,2024,10,2,655.56,0.151,556.57
S004836,R068,T041,P001,2024-10-01,2024,10,1,336.83,0.145,287.99
S004837,R068,T041,P002,2024-11-01,2024,11,1,988.56,0.106,883.77
S004838,R068,T041,P001,2024-11-01,2024,11,1,421.89,0.174,348.48
S004839,R068,T041,P006,2024-11-01,2024,11,1,634.14,0.088,578.34
S004840,R068,T041,P004,2024-11-01,2024,11,1,266.5,0.111,236.92
S004841,R068,T041,P005,2024-12-01,2024,12,1,493.56,0.095,446.67
S004842,R068,T041,P006,2024-12-01,2024,12,1,1169.96,0.068,1090.4
S004843,R068,T041,P003,2024-12-01,2024,12,2,3124.46,0.027,3040.1
S004844,R068,T041,P004,2024-12-01,2024,12,1,372.23,0.104,333.52
S004845,R069,T036,P004,2023-01-01,2023,1,1,152.07,0.113,134.89
S004846,R069,T036,P006,2023-01-01,2023,1,5,4878.25,0.074,4517.26
S004847,R069,T036,P003,2023-02-01,2023,2,2,2605.14,0.029,2529.59
S004848,R069,T036,P002,2023-02-01,2023,2,5,3490.35,0.176,2876.05
S004849,R069,T036,P002,2023-03-01,2023,3,1,997.22,0.169,828.69
S004850,R069,T036,P006,2023-03-01,2023,3,2,2330.11,0.158,1961.95
S004851,R069,T036,P005,2023-04-01,2023,4,1,231.52,0.032,224.11
S004852,R069,T036,P002,2023-04-01,2023,4,2,1805.99,0.131,1569.41
S004853,R069,T036,P006,2023-04-01,2023,4,1,812.94,0.157,685.31
S004854,R069,T036,P004,2023-04-01,2023,4,1,306.1,0.089,278.86
S004855,R069,T036,P004,2023-05-01,2023,5,4,1325.59,0.029,1287.15
S004856,R069,T036,P001,2023-05-01,2023,5,1,647.29,0.155,546.96
S004857,R069,T036,P003,2023-05-01,2023,5,4,5249.65,0.169,4362.46
S004858,R069,T036,P006,2023-05-01,2023,5,1,893.51,0.11,795.22
S004859,R069,T036,P006,2023-06-01,2023,6,1,1323.06,0.167,1102.11
S004860,R069,T036,P005,2023-06-01,2023,6,4,1208.07,0.144,1034.11
S004861,R069,T036,P002,2023-06-01,2023,6,1,984.9,0.069,916.94
S004862,R069,T036,P001,2023-06-01,2023,6,2,985.2,0.129,858.11
S004863,R069,T036,P006,2023-07-01,2023,7,2,2520.98,0.051,2392.41
S004864,R069,T036,P001,2023-07-01,2023,7,3,1490.5,0.051,1414.48
S004865,R069,T036,P005,2023-07-01,2023,7,3,878.45,0.172,727.36
S004866,R069,T036,P004,2023-08-01,2023,8,2,770.42,0.17,639.45
S004867,R069,T036,P002,2023-08-01,2023,8,3,2380.82,0.104,2133.21
S004868,R069,T036,P005,2023-08-01,2023,8,1,351.79,0.052,333.5
S004869,R069,T036,P003,2023-08-01,2023,8,2,2678.08,0.174,2212.09
S004870,R069,T036,P001,2023-09-01,2023,9,1,325.73,0.164,272.31
S004871,R069,T036,P005,2023-09-01,2023,9,1,151.1,0.073,140.07
S004872,R069,T036,P003,2023-09-01,2023,9,3,4878.78,0.165,4073.78
S004873,R069,T036,P005,2023-10-01,2023,10,2,615.68,0.135,532.56
S004874,R069,T036,P004,2023-10-01,2023,10,2,636.99,0.024,621.7
S004875,R069,T036,P004,2023-11-01,2023,11,1,520.57,0.031,504.43
S004876,R069,T036,P002,2023-11-01,2023,11,4,3337.78,0.044,3190.92
S004877,R069,T036,P004,2023-12-01,2023,12,1,197.6,0.068,184.16
S004878,R069,T036,P005,2023-12-01,2023,12,4,1396.11,0.046,1331.89
S004879,R069,T036,P006,2023-12-01,2023,12,1,948.89,0.136,819.84
S004880,R069,T036,P002,2024-01-01,2024,1,3,2656.42,0.035,2563.45
S004881,R069,T036,P001,2024-01-01,2024,1,3,1399.34,0.02,1371.35
S004882,R069,T036,P003,2024-01-01,2024,1,5,6835.44,0.071,6350.12
S004883,R069,T036,P006,2024-02-01,2024,2,2,2128.42,0.098,1919.83
S004884,R069,T036,P003,2024-02-01,2024,2,3,4393.57,0.076,4059.66
S004885,R069,T036,P005,2024-03-01,2024,3,3,1067.94,0.111,949.4
S004886,R069,T036,P001,2024-03-01,2024,3,1,297.13,0.146,253.75
S004887,R069,T036,P001,2024-04-01,2024,4,2,886.5,0.07,824.44
S004888,R069,T036,P005,2024-04-01,2024,4,1,313.29,0.132,271.94
S004889,R069,T036,P003,2024-04-01,2024,4,3,4812.75,0.058,4533.61
S004890,R069,T036,P004,2024-04-01,2024,4,3,1189.27,0.122,1044.18
S004891,R069,T036,P004,2024-05-01,2024,5,1,252.48,0.093,229.0
S004892,R069,T036,P003,2024-05-01,2024,5,3,3992.74,0.116,3529.58
S004893,R069,T036,P002,2024-05-01,2024,5,3,2255.29,0.048,2147.04
S004894,R069,T036,P005,2024-06-01,2024,6,3,1087.29,0.135,940.51
S004895,R069,T036,P002,2024-06-01,2024,6,5,3401.55,0.147,2901.52
S004896,R069,T036,P004,2024-06-01,2024,6,1,310.09,0.153,262.65
S004897,R069,T036,P006,2024-06-01,2024,6,3,2792.41,0.025,2722.6
S004898,R069,T036,P004,2024-07-01,2024,7,5,1594.21,0.068,1485.8
S004899,R069,T036,P006,2024-07-01,2024,7,1,1085.56,0.135,939.01
S004900,R069,T036,P001,2024-07-01,2024,7,1,539.64,0.131,468.95
S004901,R069,T036,P005,2024-08-01,2024,8,2,683.03,0.145,583.99
S004902,R069,T036,P002,2024-08-01,2024,8,1,805.41,0.023,786.89
S004903,R069,T036,P004,2024-08-01,2024,8,1,604.54,0.126,528.37
S004904,R069,T036,P002,2024-09-01,2024,9,3,2360.58,0.031,2287.4
S004905,R069,T036,P006,2024-09-01,2024,9,2,2068.15,0.087,1888.22
S004906,R069,T036,P004,2024-09-01,2024,9,2,641.12,0.042,614.19
S004907,R069,T036,P003,2024-10-01,2024,10,1,612.94,0.143,525.29
S004908,R069,T036,P005,2024-10-01,2024,10,1,263.73,0.038,253.71
S004909,R069,T036,P004,2024-10-01,2024,10,2,675.24,0.071,627.3
S004910,R069,T036,P002,2024-10-01,2024,10,3,2069.57,0.117,1827.43
S004911,R069,T036,P003,2024-11-01,2024,11,1,730.34,0.092,663.15
S004912,R069,T036,P005,2024-11-01,2024,11,1,236.41,0.154,200.0
S004913,R069,T036,P002,2024-11-01,2024,11,2,1546.01,0.095,1399.14
S004914,R069,T036,P006,2024-12-01,2024,12,3,3352.98,0.123,2940.56
S004915,R069,T036,P002,2024-12-01,2024,12,1,280.35,0.049,266.61
S004916,R070,T027,P004,2023-01-01,2023,1,3,1213.35,0.148,1033.77
S004917,R070,T027,P003,2023-01-01,2023,1,3,3966.47,0.086,3625.35
S004918,R070,T027,P005,2023-02-01,2023,2,3,878.31,0.028,853.72
S004919,R070,T027,P002,2023-02-01,2023,2,3,2215.89,0.075,2049.7
S004920,R070,T027,P005,2023-03-01,2023,3,8,2421.57,0.054,2290.81
S004921,R070,T027,P004,2023-03-01,2023,3,6,2113.0,0.079,1946.07
S004922,R070,T027,P006,2023-03-01,2023,3,5,4539.59,0.081,4171.88
S004923,R070,T027,P003,2023-04-01,2023,4,3,4978.74,0.084,4560.53
S004924,R070,T027,P001,2023-04-01,2023,4,8,3653.19,0.08,3360.93
S004925,R070,T027,P006,2023-05-01,2023,5,2,2443.47,0.1,2199.12
S004926,R070,T027,P001,2023-05-01,2023,5,9,3829.11,0.116,3384.93
S004927,R070,T027,P003,2023-06-01,2023,6,6,8043.66,0.077,7424.3
S004928,R070,T027,P005,2023-06-01,2023,6,6,1764.18,0.06,1658.33
S004929,R070,T027,P001,2023-07-01,2023,7,2,970.52,0.159,816.21
S004930,R070,T027,P005,2023-07-01,2023,7,8,2452.15,0.177,2018.12
S004931,R070,T027,P006,2023-07-01,2023,7,1,687.87,0.098,620.46
S004932,R070,T027,P004,2023-07-01,2023,7,1,317.09,0.173,262.23
S004933,R070,T027,P001,2023-08-01,2023,8,6,2838.5,0.172,2350.28
S004934,R070,T027,P002,2023-08-01,2023,8,3,2624.3,0.044,2508.83
S004935,R070,T027,P003,2023-08-01,2023,8,6,8064.17,0.157,6798.1
S004936,R070,T027,P005,2023-08-01,2023,8,5,1547.75,0.128,1349.64
S004937,R070,T027,P006,2023-09-01,2023,9,2,2408.27,0.136,2080.75
S004938,R070,T027,P005,2023-09-01,2023,9,2,866.87,0.147,739.44
S004939,R070,T027,P002,2023-09-01,2023,9,1,1073.73,0.175,885.83
S004940,R070,T027,P003,2023-09-01,2023,9,1,1591.26,0.022,1556.25
S004941,R070,T027,P002,2023-10-01,2023,10,6,4310.11,0.153,3650.66
S004942,R070,T027,P001,2023-10-01,2023,10,3,1573.89,0.171,1304.75
S004943,R070,T027,P005,2023-10-01,2023,10,4,1331.13,0.021,1303.18
S004944,R070,T027,P001,2023-11-01,2023,11,4,1706.9,0.042,1635.21
S004945,R070,T027,P004,2023-11-01,2023,11,2,717.44,0.119,632.06
S004946,R070,T027,P006,2023-12-01,2023,12,1,1620.2,0.101,1456.56
S004947,R070,T027,P003,2023-12-01,2023,12,2,3007.69,0.082,2761.06
S004948,R070,T027,P001,2023-12-01,2023,12,3,1541.82,0.133,1336.76
S004949,R070,T027,P002,2023-12-01,2023,12,2,1468.12,0.109,1308.09
S004950,R070,T027,P005,2024-01-01,2024,1,6,1947.99,0.144,1667.48
S004951,R070,T027,P002,2024-01-01,2024,1,6,4089.61,0.031,3962.83
S004952,R070,T027,P001,2024-01-01,2024,1,3,1330.17,0.103,1193.16
S004953,R070,T027,P004,2024-02-01,2024,2,3,1133.69,0.054,1072.47
S004954,R070,T027,P003,2024-02-01,2024,2,6,8002.63,0.105,7162.35
S004955,R070,T027,P001,2024-03-01,2024,3,6,2808.65,0.165,2345.22
S004956,R070,T027,P005,2024-03-01,2024,3,1,496.36,0.101,446.23
S004957,R070,T027,P002,2024-04-01,2024,4,5,3588.53,0.17,2978.48
S004958,R070,T027,P006,2024-04-01,2024,4,8,7913.8,0.07,7359.83
S004959,R070,T027,P003,2024-04-01,2024,4,7,8879.92,0.035,8569.12
S004960,R070,T027,P004,2024-05-01,2024,5,4,1501.75,0.163,1256.96
S004961,R070,T027,P006,2024-05-01,2024,5,2,2098.8,0.175,1731.51
S004962,R070,T027,P002,2024-05-01,2024,5,2,1865.78,0.135,1613.9
S004963,R070,T027,P005,2024-06-01,2024,6,2,782.6,0.12,688.69
S004964,R070,T027,P004,2024-06-01,2024,6,2,763.42,0.137,658.83
S004965,R070,T027,P002,2024-06-01,2024,6,4,2901.1,0.036,2796.66
S004966,R070,T027,P001,2024-06-01,2024,6,7,3011.47,0.177,2478.44
S004967,R070,T027,P004,2024-07-01,2024,7,3,1231.87,0.132,1069.26
S004968,R070,T027,P003,2024-07-01,2024,7,2,2683.54,0.17,2227.34
S004969,R070,T027,P001,2024-07-01,2024,7,4,1759.83,0.117,1553.93
S004970,R070,T027,P002,2024-07-01,2024,7,3,2626.11,0.095,2376.63
S004971,R070,T027,P005,2024-08-01,2024,8,3,880.79,0.18,722.25
S004972,R070,T027,P002,2024-08-01,2024,8,6,4717.57,0.079,4344.88
S004973,R070,T027,P004,2024-08-01,2024,8,3,974.43,0.064,912.07
S004974,R070,T027,P002,2024-09-01,2024,9,6,4131.95,0.111,3673.3
S004975,R070,T027,P001,2024-09-01,2024,9,1,596.55,0.042,571.49
S004976,R070,T027,P002,2024-10-01,2024,10,6,4174.58,0.147,3560.92
S004977,R070,T027,P005,2024-10-01,2024,10,5,1607.86,0.106,1437.43
S004978,R070,T027,P006,2024-10-01,2024,10,2,1840.34,0.165,1536.68
S004979,R070,T027,P004,2024-11-01,2024,11,8,2539.47,0.176,2092.52
S004980,R070,T027,P005,2024-11-01,2024,11,5,1580.87,0.027,1538.19
S004981,R070,T027,P006,2024-11-01,2024,11,5,4687.93,0.056,4425.41
S004982,R070,T027,P006,2024-12-01,2024,12,3,3401.82,0.106,3041.23
S004983,R070,T027,P003,2024-12-01,2024,12,3,4416.41,0.125,3864.36
S004984,R070,T027,P005,2024-12-01,2024,12,1,430.71,0.145,368.26
S004985,R070,T027,P004,2024-12-01,2024,12,5,1681.07,0.118,1482.7
S004986,R071,T017,P004,2023-01-01,2023,1,12,3765.3,0.081,3460.31
S004987,R071,T017,P003,2023-01-01,2023,1,8,10383.43,0.133,9002.43
S004988,R071,T017,P002,2023-02-01,2023,2,1,1298.1,0.107,1159.2
S004989,R071,T017,P005,2023-02-01,2023,2,8,2568.18,0.086,2347.32
S004990,R071,T017,P002,2023-03-01,2023,3,13,9044.94,0.143,7751.51
S004991,R071,T017,P004,2023-03-01,2023,3,14,4366.05,0.044,4173.94
S004992,R071,T017,P005,2023-03-01,2023,3,7,2193.83,0.155,1853.79
S004993,R071,T017,P003,2023-04-01,2023,4,10,12717.2,0.111,11305.59
S004994,R071,T017,P004,2023-04-01,2023,4,10,3313.46,0.063,3104.71
S004995,R071,T017,P005,2023-04-01,2023,4,15,4548.67,0.079,4189.33
S004996,R071,T017,P001,2023-05-01,2023,5,16,6738.2,0.087,6151.98
S004997,R071,T017,P006,2023-05-01,2023,5,11,10295.48,0.127,8987.95
S004998,R071,T017,P004,2023-05-01,2023,5,6,2010.92,0.137,1735.42
S004999,R071,T017,P002,2023-05-01,2023,5,8,5823.55,0.071,5410.08
S005000,R071,T017,P003,2023-06-01,2023,6,12,15765.87,0.08,14504.6
S005001,R071,T017,P002,2023-06-01,2023,6,11,7823.15,0.113,6939.13
S005002,R071,T017,P004,2023-06-01,2023,6,12,3939.46,0.064,3687.33
S005003,R071,T017,P002,2023-07-01,2023,7,2,1464.96,0.026,1426.87
S005004,R071,T017,P005,2023-07-01,2023,7,17,5089.79,0.101,4575.72
S005005,R071,T017,P006,2023-07-01,2023,7,15,14121.62,0.075,13062.5
S005006,R071,T017,P003,2023-08-01,2023,8,8,10482.85,0.163,8774.15
S005007,R071,T017,P001,2023-08-01,2023,8,5,2307.33,0.159,1940.46
S005008,R071,T017,P003,2023-09-01,2023,9,15,18889.54,0.108,16849.47
S005009,R071,T017,P004,2023-09-01,2023,9,5,1766.0,0.152,1497.57
S005010,R071,T017,P004,2023-10-01,2023,10,5,1624.02,0.122,1425.89
S005011,R071,T017,P005,2023-10-01,2023,10,5,1529.94,0.149,1301.98
S005012,R071,T017,P006,2023-10-01,2023,10,9,8051.32,0.058,7584.34
S005013,R071,T017,P001,2023-11-01,2023,11,9,4199.63,0.034,4056.84
S005014,R071,T017,P006,2023-11-01,2023,11,2,1816.66,0.079,1673.14
S005015,R071,T017,P005,2023-11-01,2023,11,2,650.47,0.057,613.39
S005016,R071,T017,P002,2023-12-01,2023,12,7,5295.52,0.157,4464.12
S005017,R071,T017,P004,2023-12-01,2023,12,12,3775.22,0.115,3341.07
S005018,R071,T017,P006,2024-01-01,2024,1,4,3716.84,0.111,3304.27
S005019,R071,T017,P001,2024-01-01,2024,1,8,3450.06,0.132,2994.65
S005020,R071,T017,P003,2024-01-01,2024,1,3,4736.8,0.136,4092.6
S005021,R071,T017,P004,2024-01-01,2024,1,9,3055.58,0.163,2557.52
S005022,R071,T017,P004,2024-02-01,2024,2,6,2036.42,0.108,1816.49
S005023,R071,T017,P003,2024-02-01,2024,2,14,17510.35,0.099,15776.83
S005024,R071,T017,P002,2024-02-01,2024,2,5,4065.07,0.132,3528.48
S005025,R071,T017,P005,2024-02-01,2024,2,11,3323.24,0.177,2735.03
S005026,R071,T017,P006,2024-03-01,2024,3,9,8436.39,0.069,7854.28
S005027,R071,T017,P001,2024-03-01,2024,3,9,4131.14,0.036,3982.42
S005028,R071,T017,P003,2024-03-01,2024,3,6,8475.01,0.141,7280.03
S005029,R071,T017,P005,2024-04-01,2024,4,9,2682.44,0.047,2556.37
S005030,R071,T017,P003,2024-04-01,2024,4,5,7440.86,0.046,7098.58
S005031,R071,T017,P006,2024-05-01,2024,5,6,5833.76,0.08,5367.06
S005032,R071,T017,P002,2024-05-01,2024,5,2,1703.64,0.172,1410.61
S005033,R071,T017,P005,2024-05-01,2024,5,17,5017.68,0.08,4616.27
S005034,R071,T017,P001,2024-06-01,2024,6,12,5445.61,0.09,4955.51
S005035,R071,T017,P002,2024-06-01,2024,6,12,8507.6,0.169,7069.82
S005036,R071,T017,P006,2024-07-01,2024,7,4,3570.16,0.041,3423.78
S005037,R071,T017,P003,2024-07-01,2024,7,5,7118.89,0.157,6001.22
S005038,R071,T017,P005,2024-08-01,2024,8,9,2882.56,0.112,2559.71
S005039,R071,T017,P006,2024-08-01,2024,8,11,10194.2,0.061,9572.35
S005040,R071,T017,P002,2024-09-01,2024,9,7,5234.17,0.101,4705.52
S005041,R071,T017,P003,2024-09-01,2024,9,3,4607.05,0.167,3837.67
S005042,R071,T017,P004,2024-09-01,2024,9,4,1456.4,0.089,1326.78
S005043,R071,T017,P001,2024-10-01,2024,10,4,1827.01,0.108,1629.69
S005044,R071,T017,P002,2024-10-01,2024,10,10,7188.17,0.165,6002.12
S005045,R071,T017,P005,2024-11-01,2024,11,8,2602.09,0.102,2336.68
S005046,R071,T017,P003,2024-11-01,2024,11,14,18027.61,0.108,16080.63
S005047,R071,T017,P006,2024-12-01,2024,12,2,2354.44,0.15,2001.27
S005048,R071,T017,P004,2024-12-01,2024,12,10,3156.03,0.125,2761.53
S005049,R072,T009,P004,2023-01-01,2023,1,9,3092.06,0.074,2863.25
S005050,R072,T009,P001,2023-01-01,2023,1,13,5777.13,0.171,4789.24
S005051,R072,T009,P004,2023-02-01,2023,2,4,1381.16,0.154,1168.46
S005052,R072,T009,P001,2023-02-01,2023,2,12,5174.44,0.023,5055.43
S005053,R072,T009,P002,2023-02-01,2023,2,9,6208.83,0.038,5972.89
S005054,R072,T009,P006,2023-02-01,2023,2,2,2253.3,0.074,2086.56
S005055,R072,T009,P002,2023-03-01,2023,3,5,3864.76,0.172,3200.02
S005056,R072,T009,P004,2023-03-01,2023,3,2,706.85,0.103,634.04
S005057,R072,T009,P005,2023-03-01,2023,3,9,2698.92,0.155,2280.59
S005058,R072,T009,P002,2023-04-01,2023,4,9,6583.21,0.031,6379.13
S005059,R072,T009,P003,2023-04-01,2023,4,2,3238.77,0.157,2730.28
S005060,R072,T009,P001,2023-04-01,2023,4,7,3307.42,0.105,2960.14
S005061,R072,T009,P002,2023-05-01,2023,5,12,8201.29,0.141,7044.91
S005062,R072,T009,P001,2023-05-01,2023,5,3,1537.17,0.113,1363.47
S005063,R072,T009,P002,2023-06-01,2023,6,9,6388.07,0.162,5353.2
S005064,R072,T009,P004,2023-06-01,2023,6,6,1993.1,0.093,1807.74
S005065,R072,T009,P001,2023-06-01,2023,6,6,2938.97,0.143,2518.7
S005066,R072,T009,P005,2023-06-01,2023,6,11,3225.19,0.157,2718.84
S005067,R072,T009,P001,2023-07-01,2023,7,11,4781.78,0.17,3968.88
S005068,R072,T009,P005,2023-07-01,2023,7,3,927.23,0.022,906.83
S005069,R072,T009,P003,2023-07-01,2023,7,11,14847.95,0.076,13719.51
S005070,R072,T009,P006,2023-07-01,2023,7,9,8143.22,0.083,7467.33
S005071,R072,T009,P006,2023-08-01,2023,8,9,8055.27,0.09,7330.3
S005072,R072,T009,P002,2023-08-01,2023,8,3,2671.73,0.099,2407.23
S005073,R072,T009,P005,2023-08-01,2023,8,9,2651.77,0.085,2426.37
S005074,R072,T009,P006,2023-09-01,2023,9,3,3368.05,0.038,3240.06
S005075,R072,T009,P001,2023-09-01,2023,9,9,4085.25,0.172,3382.59
S005076,R072,T009,P003,2023-09-01,2023,9,14,18621.6,0.081,17113.25
S005077,R072,T009,P002,2023-10-01,2023,10,11,8128.25,0.023,7941.3
S005078,R072,T009,P005,2023-10-01,2023,10,3,960.44,0.106,858.63
S005079,R072,T009,P001,2023-10-01,2023,10,12,5050.87,0.172,4182.12
S005080,R072,T009,P002,2023-11-01,2023,11,13,9242.55,0.127,8068.75
S005081,R072,T009,P006,2023-11-01,2023,11,9,8847.8,0.168,7361.37
S005082,R072,T009,P003,2023-11-01,2023,11,4,5603.76,0.045,5351.59
S005083,R072,T009,P006,2023-12-01,2023,12,7,6689.3,0.112,5940.1
S005084,R072,T009,P002,2023-12-01,2023,12,4,3051.3,0.041,2926.2
S005085,R072,T009,P004,2023-12-01,2023,12,14,4412.71,0.155,3728.74
S005086,R072,T009,P002,2024-01-01,2024,1,9,6313.17,0.128,5505.08
S005087,R072,T009,P001,2024-01-01,2024,1,7,3131.02,0.111,2783.48
S005088,R072,T009,P003,2024-01-01,2024,1,11,13959.75,0.063,13080.29
S005089,R072,T009,P005,2024-01-01,2024,1,8,2436.62,0.128,2124.73
S005090,R072,T009,P005,2024-02-01,2024,2,5,1513.85,0.065,1415.45
S005091,R072,T009,P001,2024-02-01,2024,2,1,544.09,0.076,502.74
S005092,R072,T009,P002,2024-03-01,2024,3,2,1531.15,0.021,1499.0
S005093,R072,T009,P006,2024-03-01,2024,3,8,7969.0,0.098,7188.04
S005094,R072,T009,P003,2024-03-01,2024,3,8,10410.11,0.169,8650.8
S005095,R072,T009,P003,2024-04-01,2024,4,6,8714.37,0.139,7503.07
S005096,R072,T009,P004,2024-04-01,2024,4,10,3289.2,0.083,3016.2
S005097,R072,T009,P003,2024-05-01,2024,5,3,4155.54,0.062,3897.9
S005098,R072,T009,P002,2024-05-01,2024,5,2,1930.45,0.154,1633.16
S005099,R072,T009,P001,2024-05-01,2024,5,11,4651.77,0.138,4009.83
S005100,R072,T009,P001,2024-06-01,2024,6,10,4278.4,0.141,3675.15
S005101,R072,T009,P004,2024-06-01,2024,6,3,1119.56,0.057,1055.75
S005102,R072,T009,P003,2024-07-01,2024,7,7,9949.25,0.046,9491.58
S005103,R072,T009,P005,2024-07-01,2024,7,3,1070.06,0.148,911.69
S005104,R072,T009,P006,2024-07-01,2024,7,8,7773.98,0.104,6965.49
S005105,R072,T009,P005,2024-08-01,2024,8,6,1938.03,0.047,1846.94
S005106,R072,T009,P006,2024-08-01,2024,8,8,7434.78,0.154,6289.82
S005107,R072,T009,P003,2024-09-01,2024,9,11,14511.7,0.076,13408.81
S005108,R072,T009,P005,2024-09-01,2024,9,1,396.18,0.101,356.17
S005109,R072,T009,P005,2024-10-01,2024,10,1,364.93,0.065,341.21
S005110,R072,T009,P001,2024-10-01,2024,10,8,3576.38,0.143,3064.96
S005111,R072,T009,P001,2024-11-01,2024,11,3,1626.43,0.117,1436.14
S005112,R072,T009,P005,2024-11-01,2024,11,10,2904.01,0.156,2450.98
S005113,R072,T009,P002,2024-11-01,2024,11,8,5590.12,0.139,4813.09
S005114,R072,T009,P002,2024-12-01,2024,12,8,5931.63,0.045,5664.71
S005115,R072,T009,P006,2024-12-01,2024,12,1,1587.8,0.133,1376.62
S005116,R072,T009,P001,2024-12-01,2024,12,3,1636.14,0.139,1408.72
S005117,R072,T009,P004,2024-12-01,2024,12,6,2033.12,0.062,1907.07
S005118,R073,T033,P005,2023-01-01,2023,1,2,801.65,0.096,724.69
S005119,R073,T033,P004,2023-01-01,2023,1,1,318.42,0.043,304.73
S005120,R073,T033,P001,2023-01-01,2023,1,1,513.72,0.03,498.31
S005121,R073,T033,P003,2023-01-01,2023,1,4,5051.85,0.033,4885.14
S005122,R073,T033,P006,2023-02-01,2023,2,3,2814.8,0.149,2395.39
S005123,R073,T033,P001,2023-02-01,2023,2,1,815.78,0.066,761.94
S005124,R073,T033,P004,2023-03-01,2023,3,1,557.54,0.032,539.7
S005125,R073,T033,P005,2023-03-01,2023,3,1,368.77,0.107,329.31
S005126,R073,T033,P001,2023-03-01,2023,3,2,945.0,0.072,876.96
S005127,R073,T033,P006,2023-04-01,2023,4,1,865.71,0.141,743.64
S005128,R073,T033,P002,2023-04-01,2023,4,2,1362.19,0.081,1251.85
S005129,R073,T033,P004,2023-04-01,2023,4,1,204.21,0.073,189.3
S005130,R073,T033,P004,2023-05-01,2023,5,1,462.65,0.132,401.58
S005131,R073,T033,P005,2023-05-01,2023,5,1,362.3,0.083,332.23
S005132,R073,T033,P003,2023-05-01,2023,5,1,1683.89,0.086,1539.08
S005133,R073,T033,P002,2023-06-01,2023,6,1,279.01,0.133,241.9
S005134,R073,T033,P001,2023-06-01,2023,6,3,1484.74,0.078,1368.93
S005135,R073,T033,P006,2023-07-01,2023,7,3,3206.4,0.148,2731.85
S005136,R073,T033,P001,2023-07-01,2023,7,1,194.55,0.131,169.06
S005137,R073,T033,P005,2023-07-01,2023,7,1,410.42,0.055,387.85
S005138,R073,T033,P002,2023-07-01,2023,7,1,644.48,0.07,599.37
S005139,R073,T033,P001,2023-08-01,2023,8,1,479.65,0.14,412.5
S005140,R073,T033,P003,2023-08-01,2023,8,1,812.65,0.171,673.69
S005141,R073,T033,P005,2023-08-01,2023,8,2,587.02,0.169,487.81
S005142,R073,T033,P004,2023-08-01,2023,8,2,644.84,0.134,558.43
S005143,R073,T033,P001,2023-09-01,2023,9,1,180.57,0.091,164.14
S005144,R073,T033,P004,2023-09-01,2023,9,1,383.44,0.171,317.87
S005145,R073,T033,P001,2023-10-01,2023,10,1,358.7,0.176,295.57
S005146,R073,T033,P003,2023-10-01,2023,10,3,4041.89,0.133,3504.32
S005147,R073,T033,P001,2023-11-01,2023,11,2,850.55,0.048,809.72
S005148,R073,T033,P002,2023-11-01,2023,11,3,2622.86,0.046,2502.21
S005149,R073,T033,P003,2023-11-01,2023,11,1,1352.59,0.166,1128.06
S005150,R073,T033,P005,2023-11-01,2023,11,1,312.87,0.142,268.44
S005151,R073,T033,P006,2023-12-01,2023,12,1,1481.25,0.157,1248.69
S005152,R073,T033,P005,2023-12-01,2023,12,1,314.84,0.162,263.84
S005153,R073,T033,P004,2023-12-01,2023,12,3,980.76,0.07,912.11
S005154,R073,T033,P001,2024-01-01,2024,1,2,898.92,0.054,850.38
S005155,R073,T033,P002,2024-01-01,2024,1,1,939.48,0.129,818.29
S005156,R073,T033,P004,2024-02-01,2024,2,3,1076.64,0.089,980.82
S005157,R073,T033,P002,2024-02-01,2024,2,2,1816.41,0.124,1591.18
S005158,R073,T033,P005,2024-03-01,2024,3,3,902.9,0.174,745.8
S005159,R073,T033,P001,2024-03-01,2024,3,1,592.59,0.069,551.7
S005160,R073,T033,P002,2024-03-01,2024,3,3,2651.84,0.081,2437.04
S005161,R073,T033,P006,2024-03-01,2024,3,1,1762.8,0.167,1468.41
S005162,R073,T033,P002,2024-04-01,2024,4,2,1525.43,0.059,1435.43
S005163,R073,T033,P005,2024-04-01,2024,4,1,511.18,0.129,445.24
S005164,R073,T033,P001,2024-04-01,2024,4,2,1186.97,0.163,993.49
S005165,R073,T033,P002,2024-05-01,2024,5,1,337.01,0.113,298.93
S005166,R073,T033,P004,2024-05-01,2024,5,2,764.8,0.074,708.2
S005167,R073,T033,P006,2024-06-01,2024,6,3,2850.88,0.114,2525.88
S005168,R073,T033,P005,2024-06-01,2024,6,1,425.23,0.062,398.87
S005169,R073,T033,P003,2024-07-01,2024,7,1,1543.78,0.164,1290.6
S005170,R073,T033,P004,2024-07-01,2024,7,1,244.43,0.077,225.61
S005171,R073,T033,P006,2024-07-01,2024,7,2,2008.32,0.072,1863.72
S005172,R073,T033,P005,2024-08-01,2024,8,2,745.61,0.071,692.67
S005173,R073,T033,P002,2024-08-01,2024,8,3,2653.17,0.16,2228.66
S005174,R073,T033,P006,2024-08-01,2024,8,2,2454.32,0.138,2115.62
S005175,R073,T033,P001,2024-08-01,2024,8,3,1314.09,0.078,1211.59
S005176,R073,T033,P003,2024-09-01,2024,9,1,765.22,0.18,627.48
S005177,R073,T033,P001,2024-09-01,2024,9,1,616.84,0.07,573.66
S005178,R073,T033,P006,2024-09-01,2024,9,1,1576.33,0.057,1486.48
S005179,R073,T033,P006,2024-10-01,2024,10,1,546.46,0.118,481.98
S005180,R073,T033,P002,2024-10-01,2024,10,3,2090.75,0.105,1871.22
S005181,R073,T033,P006,2024-11-01,2024,11,2,2176.46,0.028,2115.52
S005182,R073,T033,P002,2024-11-01,2024,11,2,1634.24,0.117,1443.03
S005183,R073,T033,P003,2024-11-01,2024,11,2,3346.65,0.145,2861.39
S005184,R073,T033,P001,2024-11-01,2024,11,1,416.87,0.054,394.36
S005185,R073,T033,P001,2024-12-01,2024,12,2,1162.62,0.057,1096.35
S005186,R073,T033,P004,2024-12-01,2024,12,1,408.19,0.081,375.13
S005187,R073,T033,P003,2024-12-01,2024,12,2,3154.38,0.147,2690.69
S005188,R074,T020,P006,2023-01-01,2023,1,13,11854.31,0.073,10988.95
S005189,R074,T020,P002,2023-01-01,2023,1,9,6560.43,0.096,5930.63
S005190,R074,T020,P005,2023-02-01,2023,2,1,577.56,0.062,541.75
S005191,R074,T020,P002,2023-02-01,2023,2,7,5001.52,0.1,4501.37
S005192,R074,T020,P003,2023-02-01,2023,2,6,7536.23,0.092,6842.9
S005193,R074,T020,P001,2023-02-01,2023,2,7,3078.25,0.097,2779.66
S005194,R074,T020,P001,2023-03-01,2023,3,12,5189.55,0.16,4359.22
S005195,R074,T020,P005,2023-03-01,2023,3,6,1845.53,0.13,1605.61
S005196,R074,T020,P004,2023-03-01,2023,3,3,1155.34,0.072,1072.16
S005197,R074,T020,P004,2023-04-01,2023,4,16,5096.89,0.062,4780.88
S005198,R074,T020,P001,2023-04-01,2023,4,9,4140.84,0.099,3730.9
S005199,R074,T020,P004,2023-05-01,2023,5,4,1425.41,0.028,1385.5
S005200,R074,T020,P001,2023-05-01,2023,5,17,7526.58,0.091,6841.66
S005201,R074,T020,P005,2023-06-01,2023,6,6,1775.65,0.179,1457.81
S005202,R074,T020,P001,2023-06-01,2023,6,11,4837.59,0.045,4619.9
S005203,R074,T020,P002,2023-07-01,2023,7,4,3345.66,0.051,3175.03
S005204,R074,T020,P004,2023-07-01,2023,7,6,2075.82,0.117,1832.95
S005205,R074,T020,P004,2023-08-01,2023,8,3,1115.35,0.083,1022.78
S005206,R074,T020,P006,2023-08-01,2023,8,4,3879.17,0.168,3227.47
S005207,R074,T020,P001,2023-08-01,2023,8,9,3825.42,0.074,3542.34
S005208,R074,T020,P002,2023-08-01,2023,8,6,4526.3,0.167,3770.41
S005209,R074,T020,P001,2023-09-01,2023,9,11,4693.56,0.147,4003.61
S005210,R074,T020,P002,2023-09-01,2023,9,6,4303.75,0.051,4084.26
S005211,R074,T020,P006,2023-09-01,2023,9,8,7557.59,0.027,7353.54
S005212,R074,T020,P002,2023-10-01,2023,10,9,6760.22,0.099,6090.96
S005213,R074,T020,P004,2023-10-01,2023,10,8,2728.37,0.093,2474.63
S005214,R074,T020,P006,2023-11-01,2023,11,14,12768.58,0.039,12270.61
S005215,R074,T020,P001,2023-11-01,2023,11,15,6489.8,0.135,5613.68
S005216,R074,T020,P005,2023-11-01,2023,11,13,3774.42,0.035,3642.32
S005217,R074,T020,P002,2023-11-01,2023,11,11,7814.53,0.02,7658.24
S005218,R074,T020,P001,2023-12-01,2023,12,7,3126.51,0.167,2604.38
S005219,R074,T020,P003,2023-12-01,2023,12,6,8270.96,0.173,6840.08
S005220,R074,T020,P004,2023-12-01,2023,12,4,1416.85,0.072,1314.84
S005221,R074,T020,P006,2024-01-01,2024,1,10,9525.29,0.076,8801.37
S005222,R074,T020,P003,2024-01-01,2024,1,5,6319.31,0.111,5617.87
S005223,R074,T020,P002,2024-01-01,2024,1,13,9110.81,0.161,7643.97
S005224,R074,T020,P001,2024-01-01,2024,1,8,3472.42,0.086,3173.79
S005225,R074,T020,P006,2024-02-01,2024,2,5,4994.8,0.172,4135.69
S005226,R074,T020,P005,2024-02-01,2024,2,3,1065.0,0.068,992.58
S005227,R074,T020,P004,2024-03-01,2024,3,16,5202.46,0.158,4380.47
S005228,R074,T020,P001,2024-03-01,2024,3,14,5943.52,0.076,5491.81
S005229,R074,T020,P003,2024-03-01,2024,3,14,18266.65,0.058,17207.18
S005230,R074,T020,P006,2024-03-01,2024,3,2,2080.26,0.075,1924.24
S005231,R074,T020,P001,2024-04-01,2024,4,15,6351.97,0.162,5322.95
S005232,R074,T020,P005,2024-04-01,2024,4,12,3750.23,0.139,3228.95
S005233,R074,T020,P005,2024-05-01,2024,5,8,2348.43,0.141,2017.3
S005234,R074,T020,P003,2024-05-01,2024,5,5,6370.38,0.105,5701.49
S005235,R074,T020,P004,2024-05-01,2024,5,8,2621.0,0.122,2301.24
S005236,R074,T020,P001,2024-06-01,2024,6,8,3642.77,0.051,3456.99
S005237,R074,T020,P004,2024-06-01,2024,6,5,1572.41,0.022,1537.82
S005238,R074,T020,P006,2024-06-01,2024,6,11,10213.43,0.053,9672.12
S005239,R074,T020,P005,2024-06-01,2024,6,3,906.13,0.106,810.08
S005240,R074,T020,P001,2024-07-01,2024,7,4,2080.13,0.061,1953.24
S005241,R074,T020,P003,2024-07-01,2024,7,7,9285.82,0.098,8375.81
S005242,R074,T020,P002,2024-07-01,2024,7,7,4975.24,0.151,4223.98
S005243,R074,T020,P001,2024-08-01,2024,8,12,5167.72,0.02,5064.37
S005244,R074,T020,P003,2024-08-01,2024,8,8,11066.68,0.083,10148.15
S005245,R074,T020,P004,2024-09-01,2024,9,16,5262.68,0.107,4699.57
S005246,R074,T020,P002,2024-09-01,2024,9,10,7354.49,0.176,6060.1
S005247,R074,T020,P005,2024-09-01,2024,9,7,2283.51,0.05,2169.33
S005248,R074,T020,P003,2024-10-01,2024,10,6,8213.57,0.138,7080.1
S005249,R074,T020,P005,2024-10-01,2024,10,3,1064.78,0.137,918.91
S005250,R074,T020,P001,2024-10-01,2024,10,11,4987.01,0.067,4652.88
S005251,R074,T020,P002,2024-10-01,2024,10,11,7788.24,0.178,6401.93
S005252,R074,T020,P001,2024-11-01,2024,11,6,2658.22,0.082,2440.25
S005253,R074,T020,P005,2024-11-01,2024,11,8,2598.41,0.066,2426.91
S005254,R074,T020,P003,2024-11-01,2024,11,15,19765.28,0.067,18441.01
S005255,R074,T020,P006,2024-11-01,2024,11,6,5521.24,0.025,5383.21
S005256,R074,T020,P004,2024-12-01,2024,12,18,5679.65,0.174,4691.39
S005257,R074,T020,P006,2024-12-01,2024,12,9,8362.92,0.108,7459.72
S005258,R075,T013,P004,2023-01-01,2023,1,1,380.67,0.142,326.61
S005259,R075,T013,P005,2023-01-01,2023,1,1,251.5,0.072,233.39
S005260,R075,T013,P001,2023-01-01,2023,1,1,316.37,0.055,298.97
S005261,R075,T013,P002,2023-02-01,2023,2,1,1046.69,0.106,935.74
S005262,R075,T013,P003,2023-02-01,2023,2,5,7411.1,0.176,6106.75
S005263,R075,T013,P006,2023-02-01,2023,2,2,1857.57,0.137,1603.08
S005264,R075,T013,P004,2023-03-01,2023,3,3,1238.85,0.112,1100.1
S005265,R075,T013,P002,2023-03-01,2023,3,3,2250.31,0.071,2090.54
S005266,R075,T013,P002,2023-04-01,2023,4,4,3163.96,0.154,2676.71
S005267,R075,T013,P005,2023-04-01,2023,4,1,335.18,0.127,292.61
S005268,R075,T013,P001,2023-04-01,2023,4,2,928.65,0.031,899.86
S005269,R075,T013,P003,2023-04-01,2023,4,3,4397.27,0.11,3913.57
S005270,R075,T013,P005,2023-05-01,2023,5,1,418.29,0.048,398.21
S005271,R075,T013,P001,2023-05-01,2023,5,4,1742.52,0.17,1446.29
S005272,R075,T013,P003,2023-05-01,2023,5,3,4498.55,0.027,4377.09
S005273,R075,T013,P006,2023-05-01,2023,5,1,1320.15,0.174,1090.44
S005274,R075,T013,P003,2023-06-01,2023,6,1,1590.77,0.118,1403.06
S005275,R075,T013,P002,2023-06-01,2023,6,2,1479.4,0.077,1365.49
S005276,R075,T013,P001,2023-06-01,2023,6,3,1515.34,0.173,1253.19
S005277,R075,T013,P006,2023-06-01,2023,6,2,2024.79,0.141,1739.29
S005278,R075,T013,P005,2023-07-01,2023,7,2,721.51,0.145,616.89
S005279,R075,T013,P004,2023-07-01,2023,7,3,940.51,0.134,814.48
S005280,R075,T013,P004,2023-08-01,2023,8,4,1355.52,0.054,1282.32
S005281,R075,T013,P003,2023-08-01,2023,8,2,3270.26,0.102,2936.69
S005282,R075,T013,P005,2023-08-01,2023,8,3,1140.46,0.115,1009.31
S005283,R075,T013,P003,2023-09-01,2023,9,2,2616.78,0.079,2410.05
S005284,R075,T013,P006,2023-09-01,2023,9,1,1093.26,0.055,1033.13
S005285,R075,T013,P005,2023-09-01,2023,9,1,205.32,0.034,198.34
S005286,R075,T013,P004,2023-10-01,2023,10,1,403.66,0.069,375.81
S005287,R075,T013,P006,2023-10-01,2023,10,1,1041.7,0.052,987.53
S005288,R075,T013,P001,2023-11-01,2023,11,2,974.57,0.162,816.69
S005289,R075,T013,P003,2023-11-01,2023,11,2,3633.38,0.049,3455.34
S005290,R075,T013,P002,2023-11-01,2023,11,4,2826.01,0.076,2611.23
S005291,R075,T013,P005,2023-11-01,2023,11,1,202.79,0.042,194.27
S005292,R075,T013,P003,2023-12-01,2023,12,1,1495.03,0.172,1237.88
S005293,R075,T013,P001,2023-12-01,2023,12,4,1907.19,0.029,1851.88
S005294,R075,T013,P006,2023-12-01,2023,12,3,3387.45,0.176,2791.26
S005295,R075,T013,P004,2023-12-01,2023,12,3,994.53,0.168,827.45
S005296,R075,T013,P002,2024-01-01,2024,1,2,1620.85,0.034,1565.74
S005297,R075,T013,P004,2024-01-01,2024,1,2,850.8,0.074,787.84
S005298,R075,T013,P006,2024-01-01,2024,1,3,3136.96,0.15,2666.42
S005299,R075,T013,P006,2024-02-01,2024,2,2,1915.27,0.128,1670.12
S005300,R075,T013,P001,2024-02-01,2024,2,3,1353.12,0.086,1236.75
S005301,R075,T013,P005,2024-02-01,2024,2,2,826.57,0.156,697.63
S005302,R075,T013,P001,2024-03-01,2024,3,5,2336.28,0.134,2023.22
S005303,R075,T013,P004,2024-03-01,2024,3,4,1376.58,0.11,1225.16
S005304,R075,T013,P005,2024-03-01,2024,3,1,301.74,0.032,292.08
S005305,R075,T013,P006,2024-04-01,2024,4,4,4228.06,0.165,3530.43
S005306,R075,T013,P001,2024-04-01,2024,4,2,904.68,0.06,850.4
S005307,R075,T013,P003,2024-04-01,2024,4,3,4808.02,0.119,4235.87
S005308,R075,T013,P002,2024-04-01,2024,4,1,1158.41,0.023,1131.77
S005309,R075,T013,P002,2024-05-01,2024,5,2,1730.81,0.102,1554.27
S005310,R075,T013,P003,2024-05-01,2024,5,2,2635.03,0.089,2400.51
S005311,R075,T013,P005,2024-05-01,2024,5,5,1477.07,0.137,1274.71
S005312,R075,T013,P006,2024-05-01,2024,5,1,1531.11,0.035,1477.52
S005313,R075,T013,P001,2024-06-01,2024,6,1,517.09,0.084,473.65
S005314,R075,T013,P004,2024-06-01,2024,6,1,456.09,0.048,434.2
S005315,R075,T013,P002,2024-06-01,2024,6,1,570.13,0.18,467.51
S005316,R075,T013,P005,2024-07-01,2024,7,4,1222.76,0.062,1146.95
S005317,R075,T013,P001,2024-07-01,2024,7,3,1322.42,0.113,1172.99
S005318,R075,T013,P006,2024-07-01,2024,7,1,636.06,0.05,604.26
S005319,R075,T013,P004,2024-07-01,2024,7,4,1351.08,0.174,1115.99
S005320,R075,T013,P001,2024-08-01,2024,8,4,1692.08,0.166,1411.19
S005321,R075,T013,P005,2024-08-01,2024,8,1,485.75,0.029,471.66
S005322,R075,T013,P004,2024-08-01,2024,8,3,1200.8,0.133,1041.09
S005323,R075,T013,P003,2024-08-01,2024,8,1,1769.83,0.097,1598.16
S005324,R075,T013,P004,2024-09-01,2024,9,2,722.05,0.157,608.69
S005325,R075,T013,P006,2024-09-01,2024,9,3,3383.78,0.124,2964.19
S005326,R075,T013,P005,2024-09-01,2024,9,1,237.61,0.102,213.37
S005327,R075,T013,P002,2024-09-01,2024,9,1,1355.27,0.11,1206.19
S005328,R075,T013,P001,2024-10-01,2024,10,1,234.22,0.082,215.01
S005329,R075,T013,P002,2024-10-01,2024,10,3,2606.06,0.048,2480.97
S005330,R075,T013,P003,2024-10-01,2024,10,1,1455.52,0.132,1263.39
S005331,R075,T013,P006,2024-10-01,2024,10,2,2592.7,0.126,2266.02
S005332,R075,T013,P003,2024-11-01,2024,11,1,1282.09,0.072,1189.78
S005333,R075,T013,P004,2024-11-01,2024,11,1,568.0,0.151,482.23
S005334,R075,T013,P005,2024-11-01,2024,11,1,552.66,0.161,463.68
S005335,R075,T013,P001,2024-11-01,2024,11,2,1214.11,0.162,1017.42
S005336,R075,T013,P006,2024-12-01,2024,12,1,1041.3,0.038,1001.73
S005337,R075,T013,P005,2024-12-01,2024,12,3,975.64,0.051,925.88
S005338,R075,T013,P003,2024-12-01,2024,12,3,4263.64,0.06,4007.82
S005339,R076,T028,P001,2023-01-01,2023,1,1,702.86,0.077,648.74
S005340,R076,T028,P006,2023-01-01,2023,1,4,4196.75,0.11,3735.11
S005341,R076,T028,P006,2023-02-01,2023,2,3,3302.44,0.102,2965.59
S005342,R076,T028,P005,2023-02-01,2023,2,9,2761.96,0.133,2394.62
S005343,R076,T028,P002,2023-02-01,2023,2,5,3976.07,0.031,3852.81
S005344,R076,T028,P001,2023-02-01,2023,2,3,1464.05,0.123,1283.97
S005345,R076,T028,P002,2023-03-01,2023,3,4,3200.57,0.141,2749.29
S005346,R076,T028,P001,2023-03-01,2023,3,4,1767.86,0.082,1622.9
S005347,R076,T028,P003,2023-03-01,2023,3,3,4543.42,0.03,4407.12
S005348,R076,T028,P004,2023-04-01,2023,4,7,2202.74,0.067,2055.16
S005349,R076,T028,P006,2023-04-01,2023,4,4,4170.55,0.116,3686.77
S005350,R076,T028,P002,2023-04-01,2023,4,1,613.93,0.069,571.57
S005351,R076,T028,P004,2023-05-01,2023,5,4,1328.57,0.039,1276.76
S005352,R076,T028,P001,2023-05-01,2023,5,8,3532.24,0.066,3299.11
S005353,R076,T028,P006,2023-05-01,2023,5,1,917.64,0.126,802.02
S005354,R076,T028,P002,2023-05-01,2023,5,2,1434.16,0.101,1289.31
S005355,R076,T028,P003,2023-06-01,2023,6,3,4672.17,0.138,4027.41
S005356,R076,T028,P002,2023-06-01,2023,6,1,858.71,0.133,744.5
S005357,R076,T028,P002,2023-07-01,2023,7,1,1052.96,0.131,915.02
S005358,R076,T028,P001,2023-07-01,2023,7,7,3270.31,0.078,3015.23
S005359,R076,T028,P006,2023-07-01,2023,7,1,1465.01,0.029,1422.52
S005360,R076,T028,P003,2023-07-01,2023,7,8,10062.61,0.156,8492.84
S005361,R076,T028,P005,2023-08-01,2023,8,2,584.65,0.164,488.77
S005362,R076,T028,P003,2023-08-01,2023,8,2,3300.25,0.049,3138.54
S005363,R076,T028,P002,2023-08-01,2023,8,6,4107.38,0.128,3581.64
S005364,R076,T028,P005,2023-09-01,2023,9,7,2236.54,0.047,2131.42
S005365,R076,T028,P002,2023-09-01,2023,9,3,2078.81,0.078,1916.66
S005366,R076,T028,P006,2023-09-01,2023,9,2,2475.15,0.141,2126.15
S005367,R076,T028,P003,2023-10-01,2023,10,2,3589.49,0.07,3338.23
S005368,R076,T028,P001,2023-10-01,2023,10,3,1530.21,0.041,1467.47
S005369,R076,T028,P005,2023-11-01,2023,11,5,1660.89,0.177,1366.91
S005370,R076,T028,P001,2023-11-01,2023,11,3,1674.1,0.141,1438.05
S005371,R076,T028,P006,2023-11-01,2023,11,1,1713.18,0.053,1622.38
S005372,R076,T028,P001,2023-12-01,2023,12,2,900.28,0.024,878.67
S005373,R076,T028,P004,2023-12-01,2023,12,2,679.45,0.106,607.43
S005374,R076,T028,P004,2024-01-01,2024,1,3,1038.19,0.091,943.71
S005375,R076,T028,P006,2024-01-01,2024,1,4,3691.62,0.044,3529.19
S005376,R076,T028,P005,2024-01-01,2024,1,3,997.89,0.121,877.15
S005377,R076,T028,P001,2024-01-01,2024,1,2,971.24,0.136,839.15
S005378,R076,T028,P005,2024-02-01,2024,2,3,1015.3,0.083,931.03
S005379,R076,T028,P002,2024-02-01,2024,2,1,688.92,0.11,613.14
S005380,R076,T028,P006,2024-03-01,2024,3,5,5285.79,0.092,4799.5
S005381,R076,T028,P001,2024-03-01,2024,3,2,878.7,0.147,749.53
S005382,R076,T028,P004,2024-03-01,2024,3,6,1936.25,0.085,1771.67
S005383,R076,T028,P002,2024-04-01,2024,4,8,6064.73,0.103,5440.06
S005384,R076,T028,P006,2024-04-01,2024,4,4,4089.16,0.165,3414.45
S005385,R076,T028,P003,2024-04-01,2024,4,6,8199.03,0.12,7215.15
S005386,R076,T028,P004,2024-04-01,2024,4,2,908.5,0.039,873.07
S005387,R076,T028,P002,2024-05-01,2024,5,5,3616.16,0.169,3005.03
S005388,R076,T028,P003,2024-05-01,2024,5,1,1211.86,0.074,1122.18
S005389,R076,T028,P004,2024-06-01,2024,6,3,1085.95,0.061,1019.71
S005390,R076,T028,P003,2024-06-01,2024,6,2,2712.65,0.141,2330.17
S005391,R076,T028,P006,2024-06-01,2024,6,5,5275.42,0.063,4943.07
S005392,R076,T028,P005,2024-07-01,2024,7,1,229.96,0.123,201.67
S005393,R076,T028,P001,2024-07-01,2024,7,4,1851.63,0.175,1527.59
S005394,R076,T028,P002,2024-07-01,2024,7,4,3273.43,0.052,3103.21
S005395,R076,T028,P003,2024-07-01,2024,7,9,11920.31,0.085,10907.08
S005396,R076,T028,P005,2024-08-01,2024,8,1,456.85,0.115,404.31
S005397,R076,T028,P003,2024-08-01,2024,8,2,3648.43,0.161,3061.03
S005398,R076,T028,P004,2024-08-01,2024,8,3,948.37,0.104,849.74
S005399,R076,T028,P002,2024-09-01,2024,9,5,3563.23,0.115,3153.46
S005400,R076,T028,P003,2024-09-01,2024,9,3,3779.63,0.123,3314.74
S005401,R076,T028,P006,2024-10-01,2024,10,6,5691.34,0.123,4991.31
S005402,R076,T028,P005,2024-10-01,2024,10,1,207.87,0.041,199.35
S005403,R076,T028,P002,2024-10-01,2024,10,1,1222.94,0.125,1070.07
S005404,R076,T028,P005,2024-11-01,2024,11,6,1825.37,0.133,1582.6
S005405,R076,T028,P001,2024-11-01,2024,11,3,1637.09,0.082,1502.85
S005406,R076,T028,P002,2024-11-01,2024,11,1,962.76,0.14,827.97
S005407,R076,T028,P003,2024-11-01,2024,11,2,3208.28,0.035,3095.99
S005408,R076,T028,P005,2024-12-01,2024,12,4,1215.62,0.137,1049.08
S005409,R076,T028,P003,2024-12-01,2024,12,4,5726.79,0.108,5108.3
S005410,R076,T028,P001,2024-12-01,2024,12,8,3517.88,0.143,3014.82
S005411,R077,T048,P001,2023-01-01,2023,1,2,937.66,0.05,890.78
S005412,R077,T048,P005,2023-01-01,2023,1,1,456.16,0.161,382.72
S005413,R077,T048,P002,2023-02-01,2023,2,1,681.98,0.12,600.14
S005414,R077,T048,P004,2023-02-01,2023,2,5,1635.12,0.072,1517.39
S005415,R077,T048,P003,2023-02-01,2023,2,1,2484.58,0.086,2270.91
S005416,R077,T048,P006,2023-02-01,2023,2,4,4168.1,0.041,3997.21
S005417,R077,T048,P005,2023-03-01,2023,3,4,1225.54,0.111,1089.51
S005418,R077,T048,P001,2023-03-01,2023,3,2,1254.77,0.045,1198.31
S005419,R077,T048,P002,2023-03-01,2023,3,2,1528.9,0.072,1418.82
S005420,R077,T048,P006,2023-03-01,2023,3,3,3391.62,0.131,2947.32
S005421,R077,T048,P001,2023-04-01,2023,4,1,620.06,0.138,534.49
S005422,R077,T048,P005,2023-04-01,2023,4,2,635.03,0.135,549.3
S005423,R077,T048,P002,2023-04-01,2023,4,1,653.34,0.095,591.27
S005424,R077,T048,P003,2023-05-01,2023,5,1,1436.6,0.153,1216.8
S005425,R077,T048,P002,2023-05-01,2023,5,4,3215.9,0.093,2916.82
S005426,R077,T048,P001,2023-06-01,2023,6,2,880.03,0.029,854.51
S005427,R077,T048,P002,2023-06-01,2023,6,2,1872.0,0.156,1579.97
S005428,R077,T048,P003,2023-06-01,2023,6,1,1278.88,0.153,1083.21
S005429,R077,T048,P001,2023-07-01,2023,7,3,1287.77,0.047,1227.24
S005430,R077,T048,P004,2023-07-01,2023,7,2,691.73,0.067,645.38
S005431,R077,T048,P003,2023-07-01,2023,7,1,897.82,0.171,744.29
S005432,R077,T048,P006,2023-07-01,2023,7,4,3567.83,0.021,3492.91
S005433,R077,T048,P002,2023-08-01,2023,8,1,529.12,0.124,463.51
S005434,R077,T048,P003,2023-08-01,2023,8,1,1641.4,0.063,1537.99
S005435,R077,T048,P006,2023-09-01,2023,9,2,2394.34,0.052,2269.83
S005436,R077,T048,P004,2023-09-01,2023,9,1,221.04,0.161,185.45
S005437,R077,T048,P003,2023-09-01,2023,9,2,2963.79,0.069,2759.29
S005438,R077,T048,P002,2023-09-01,2023,9,1,671.29,0.178,551.8
S005439,R077,T048,P003,2023-10-01,2023,10,3,4576.75,0.025,4462.33
S005440,R077,T048,P006,2023-10-01,2023,10,1,1551.82,0.041,1488.2
S005441,R077,T048,P005,2023-10-01,2023,10,1,537.96,0.142,461.57
S005442,R077,T048,P002,2023-10-01,2023,10,1,605.29,0.162,507.23
S005443,R077,T048,P005,2023-11-01,2023,11,1,242.85,0.111,215.89
S005444,R077,T048,P006,2023-11-01,2023,11,1,1226.75,0.168,1020.66
S005445,R077,T048,P003,2023-12-01,2023,12,3,4677.75,0.089,4261.43
S005446,R077,T048,P006,2023-12-01,2023,12,1,1053.7,0.155,890.38
S005447,R077,T048,P005,2023-12-01,2023,12,1,341.55,0.119,300.91
S005448,R077,T048,P001,2023-12-01,2023,12,1,598.9,0.024,584.53
S005449,R077,T048,P001,2024-01-01,2024,1,2,1155.12,0.167,962.21
S005450,R077,T048,P003,2024-01-01,2024,1,1,1196.0,0.161,1003.44
S005451,R077,T048,P005,2024-01-01,2024,1,3,1022.37,0.17,848.57
S005452,R077,T048,P001,2024-02-01,2024,2,2,1256.37,0.087,1147.07
S005453,R077,T048,P002,2024-02-01,2024,2,1,1030.75,0.158,867.89
S005454,R077,T048,P004,2024-02-01,2024,2,2,654.69,0.062,614.1
S005455,R077,T048,P006,2024-02-01,2024,2,1,965.27,0.049,917.97
S005456,R077,T048,P005,2024-03-01,2024,3,4,1249.7,0.107,1115.98
S005457,R077,T048,P003,2024-03-01,2024,3,2,3535.07,0.04,3393.67
S005458,R077,T048,P003,2024-04-01,2024,4,2,3289.1,0.175,2713.51
S005459,R077,T048,P001,2024-04-01,2024,4,2,1065.97,0.139,917.8
S005460,R077,T048,P002,2024-04-01,2024,4,4,2830.92,0.072,2627.09
S005461,R077,T048,P004,2024-04-01,2024,4,2,659.49,0.107,588.92
S005462,R077,T048,P003,2024-05-01,2024,5,2,2674.85,0.145,2287.0
S005463,R077,T048,P005,2024-05-01,2024,5,2,740.58,0.111,658.38
S005464,R077,T048,P002,2024-05-01,2024,5,2,1423.03,0.108,1269.34
S005465,R077,T048,P005,2024-06-01,2024,6,1,167.87,0.172,139.0
S005466,R077,T048,P006,2024-06-01,2024,6,1,1177.57,0.064,1102.21
S005467,R077,T048,P003,2024-07-01,2024,7,3,4244.52,0.159,3569.64
S005468,R077,T048,P002,2024-07-01,2024,7,1,628.16,0.156,530.17
S005469,R077,T048,P001,2024-08-01,2024,8,1,769.54,0.151,653.34
S005470,R077,T048,P004,2024-08-01,2024,8,2,853.18,0.069,794.31
S005471,R077,T048,P003,2024-08-01,2024,8,1,855.77,0.024,835.23
S005472,R077,T048,P002,2024-08-01,2024,8,4,2726.66,0.071,2533.07
S005473,R077,T048,P003,2024-09-01,2024,9,1,1428.81,0.153,1210.2
S005474,R077,T048,P006,2024-09-01,2024,9,3,2888.02,0.16,2425.94
S005475,R077,T048,P003,2024-10-01,2024,10,1,1018.96,0.113,903.82
S005476,R077,T048,P004,2024-10-01,2024,10,2,897.37,0.094,813.02
S005477,R077,T048,P001,2024-11-01,2024,11,1,819.0,0.087,747.75
S005478,R077,T048,P003,2024-11-01,2024,11,2,2502.52,0.067,2334.85
S005479,R077,T048,P002,2024-11-01,2024,11,5,3542.39,0.03,3436.12
S005480,R077,T048,P006,2024-11-01,2024,11,1,1692.24,0.179,1389.33
S005481,R077,T048,P003,2024-12-01,2024,12,3,4087.52,0.147,3486.65
S005482,R077,T048,P004,2024-12-01,2024,12,2,765.84,0.144,655.56
S005483,R078,T029,P004,2023-01-01,2023,1,1,546.02,0.039,524.73
S005484,R078,T029,P005,2023-01-01,2023,1,2,765.1,0.032,740.62
S005485,R078,T029,P002,2023-01-01,2023,1,3,2167.71,0.087,1979.12
S005486,R078,T029,P005,2023-02-01,2023,2,1,496.74,0.142,426.2
S005487,R078,T029,P001,2023-02-01,2023,2,4,1899.27,0.135,1642.87
S005488,R078,T029,P002,2023-02-01,2023,2,3,2133.95,0.151,1811.72
S005489,R078,T029,P003,2023-03-01,2023,3,4,5342.47,0.123,4685.35
S005490,R078,T029,P002,2023-03-01,2023,3,2,1919.07,0.121,1686.86
S005491,R078,T029,P004,2023-03-01,2023,3,5,1664.82,0.088,1518.32
S005492,R078,T029,P004,2023-04-01,2023,4,1,520.55,0.062,488.28
S005493,R078,T029,P005,2023-04-01,2023,4,5,1535.82,0.172,1271.66
S005494,R078,T029,P001,2023-04-01,2023,4,7,3272.83,0.159,2752.45
S005495,R078,T029,P006,2023-05-01,2023,5,9,8039.39,0.058,7573.11
S005496,R078,T029,P003,2023-05-01,2023,5,3,4557.08,0.074,4219.86
S005497,R078,T029,P005,2023-05-01,2023,5,2,781.91,0.047,745.16
S005498,R078,T029,P001,2023-05-01,2023,5,10,4403.04,0.112,3909.9
S005499,R078,T029,P004,2023-06-01,2023,6,8,2756.67,0.084,2525.11
S005500,R078,T029,P006,2023-06-01,2023,6,1,1231.9,0.05,1170.3
S005501,R078,T029,P003,2023-06-01,2023,6,5,7069.8,0.101,6355.75
S005502,R078,T029,P002,2023-06-01,2023,6,5,3779.23,0.074,3499.57
S005503,R078,T029,P003,2023-07-01,2023,7,7,9771.12,0.026,9517.07
S005504,R078,T029,P004,2023-07-01,2023,7,7,2302.5,0.138,1984.76
S005505,R078,T029,P006,2023-07-01,2023,7,1,1582.78,0.057,1492.56
S005506,R078,T029,P001,2023-07-01,2023,7,3,1509.36,0.129,1314.65
S005507,R078,T029,P005,2023-08-01,2023,8,3,996.1,0.037,959.24
S005508,R078,T029,P001,2023-08-01,2023,8,5,2173.48,0.054,2056.11
S005509,R078,T029,P004,2023-08-01,2023,8,8,2645.61,0.143,2267.29
S005510,R078,T029,P005,2023-09-01,2023,9,3,957.32,0.111,851.06
S005511,R078,T029,P001,2023-09-01,2023,9,5,2470.32,0.152,2094.83
S005512,R078,T029,P005,2023-10-01,2023,10,6,1836.63,0.114,1627.25
S005513,R078,T029,P006,2023-10-01,2023,10,1,874.58,0.115,774.0
S005514,R078,T029,P003,2023-10-01,2023,10,5,6358.28,0.137,5487.2
S005515,R078,T029,P001,2023-10-01,2023,10,3,1378.58,0.174,1138.71
S005516,R078,T029,P002,2023-11-01,2023,11,2,1575.05,0.175,1299.42
S005517,R078,T029,P001,2023-11-01,2023,11,4,1751.45,0.123,1536.02
S005518,R078,T029,P003,2023-12-01,2023,12,4,5336.97,0.058,5027.43
S005519,R078,T029,P001,2023-12-01,2023,12,8,3368.61,0.06,3166.49
S005520,R078,T029,P001,2024-01-01,2024,1,4,1711.61,0.041,1641.43
S005521,R078,T029,P006,2024-01-01,2024,1,2,2493.64,0.064,2334.05
S005522,R078,T029,P004,2024-01-01,2024,1,8,2499.77,0.05,2374.78
S005523,R078,T029,P003,2024-01-01,2024,1,1,2101.89,0.121,1847.56
S005524,R078,T029,P006,2024-02-01,2024,2,1,1533.55,0.168,1275.91
S005525,R078,T029,P003,2024-02-01,2024,2,1,2398.1,0.073,2223.04
S005526,R078,T029,P004,2024-03-01,2024,3,5,1584.18,0.157,1335.46
S005527,R078,T029,P003,2024-03-01,2024,3,3,4226.69,0.075,3909.69
S005528,R078,T029,P002,2024-03-01,2024,3,5,3916.69,0.098,3532.85
S005529,R078,T029,P005,2024-03-01,2024,3,3,909.37,0.068,847.53
S005530,R078,T029,P006,2024-04-01,2024,4,7,6478.69,0.136,5597.59
S005531,R078,T029,P004,2024-04-01,2024,4,5,1606.95,0.07,1494.46
S005532,R078,T029,P002,2024-05-01,2024,5,2,1396.37,0.03,1354.48
S005533,R078,T029,P001,2024-05-01,2024,5,6,2932.95,0.074,2715.91
S005534,R078,T029,P002,2024-06-01,2024,6,4,2764.69,0.172,2289.16
S005535,R078,T029,P003,2024-06-01,2024,6,8,11023.7,0.141,9469.36
S005536,R078,T029,P005,2024-06-01,2024,6,8,2322.02,0.091,2110.72
S005537,R078,T029,P002,2024-07-01,2024,7,2,1365.62,0.061,1282.32
S005538,R078,T029,P004,2024-07-01,2024,7,3,946.32,0.175,780.71
S005539,R078,T029,P005,2024-08-01,2024,8,7,2096.1,0.04,2012.26
S005540,R078,T029,P006,2024-08-01,2024,8,2,1832.28,0.135,1584.92
S005541,R078,T029,P001,2024-08-01,2024,8,2,1173.28,0.173,970.3
S005542,R078,T029,P003,2024-08-01,2024,8,4,5593.89,0.07,5202.32
S005543,R078,T029,P004,2024-09-01,2024,9,3,936.54,0.11,833.52
S005544,R078,T029,P003,2024-09-01,2024,9,4,5278.9,0.15,4487.06
S005545,R078,T029,P006,2024-09-01,2024,9,6,5760.77,0.176,4746.87
S005546,R078,T029,P002,2024-09-01,2024,9,2,1605.97,0.17,1332.96
S005547,R078,T029,P003,2024-10-01,2024,10,4,5833.9,0.084,5343.85
S005548,R078,T029,P002,2024-10-01,2024,10,2,1862.36,0.165,1555.07
S005549,R078,T029,P005,2024-11-01,2024,11,5,1695.6,0.101,1524.34
S005550,R078,T029,P003,2024-11-01,2024,11,1,2323.45,0.075,2149.19
S005551,R078,T029,P001,2024-11-01,2024,11,3,1561.62,0.057,1472.61
S005552,R078,T029,P004,2024-11-01,2024,11,1,412.22,0.039,396.14
S005553,R078,T029,P005,2024-12-01,2024,12,2,811.91,0.102,729.1
S005554,R078,T029,P006,2024-12-01,2024,12,5,5253.26,0.12,4622.87
S005555,R079,T013,P004,2023-01-01,2023,1,2,739.77,0.161,620.67
S005556,R079,T013,P005,2023-01-01,2023,1,2,714.98,0.039,687.1
S005557,R079,T013,P006,2023-02-01,2023,2,2,2403.16,0.104,2153.23
S005558,R079,T013,P005,2023-02-01,2023,2,2,614.02,0.175,506.57
S005559,R079,T013,P003,2023-03-01,2023,3,3,4025.93,0.138,3470.35
S005560,R079,T013,P006,2023-03-01,2023,3,1,1314.3,0.121,1155.27
S005561,R079,T013,P002,2023-03-01,2023,3,4,2873.11,0.032,2781.17
S005562,R079,T013,P006,2023-04-01,2023,4,5,5317.02,0.068,4955.46
S005563,R079,T013,P005,2023-04-01,2023,4,5,1479.99,0.115,1309.79
S005564,R079,T013,P003,2023-04-01,2023,4,1,1042.03,0.082,956.58
S005565,R079,T013,P004,2023-04-01,2023,4,1,405.22,0.048,385.77
S005566,R079,T013,P004,2023-05-01,2023,5,3,1098.97,0.064,1028.64
S005567,R079,T013,P001,2023-05-01,2023,5,2,920.31,0.103,825.52
S005568,R079,T013,P002,2023-05-01,2023,5,4,2974.25,0.031,2882.05
S005569,R079,T013,P003,2023-05-01,2023,5,3,4232.19,0.046,4037.51
S005570,R079,T013,P004,2023-06-01,2023,6,4,1365.74,0.12,1201.85
S005571,R079,T013,P003,2023-06-01,2023,6,5,6569.35,0.156,5544.53
S005572,R079,T013,P002,2023-06-01,2023,6,3,2251.7,0.157,1898.18
S005573,R079,T013,P002,2023-07-01,2023,7,1,516.87,0.091,469.83
S005574,R079,T013,P003,2023-07-01,2023,7,4,5566.52,0.083,5104.5
S005575,R079,T013,P006,2023-07-01,2023,7,3,2823.03,0.154,2388.28
S005576,R079,T013,P005,2023-08-01,2023,8,3,971.98,0.136,839.79
S005577,R079,T013,P006,2023-08-01,2023,8,3,2971.69,0.149,2528.91
S005578,R079,T013,P004,2023-08-01,2023,8,2,764.52,0.165,638.37
S005579,R079,T013,P005,2023-09-01,2023,9,2,823.9,0.14,708.55
S005580,R079,T013,P004,2023-09-01,2023,9,1,286.0,0.059,269.13
S005581,R079,T013,P005,2023-10-01,2023,10,2,835.44,0.123,732.68
S005582,R079,T013,P004,2023-10-01,2023,10,1,543.56,0.022,531.6
S005583,R079,T013,P001,2023-11-01,2023,11,1,656.53,0.145,561.33
S005584,R079,T013,P005,2023-11-01,2023,11,1,206.16,0.15,175.24
S005585,R079,T013,P005,2023-12-01,2023,12,3,1103.79,0.033,1067.36
S005586,R079,T013,P003,2023-12-01,2023,12,3,4919.15,0.152,4171.44
S005587,R079,T013,P004,2024-01-01,2024,1,2,655.86,0.064,613.88
S005588,R079,T013,P001,2024-01-01,2024,1,1,428.07,0.034,413.52
S005589,R079,T013,P006,2024-01-01,2024,1,4,3872.42,0.169,3217.98
S005590,R079,T013,P002,2024-02-01,2024,2,3,2362.49,0.166,1970.32
S005591,R079,T013,P003,2024-02-01,2024,2,5,7134.11,0.131,6199.54
S005592,R079,T013,P001,2024-02-01,2024,2,4,1979.64,0.125,1732.19
S005593,R079,T013,P002,2024-03-01,2024,3,3,2448.1,0.043,2342.83
S005594,R079,T013,P003,2024-03-01,2024,3,1,1611.19,0.038,1549.96
S005595,R079,T013,P002,2024-04-01,2024,4,3,2635.54,0.116,2329.82
S005596,R079,T013,P006,2024-04-01,2024,4,4,3905.39,0.057,3682.78
S005597,R079,T013,P002,2024-05-01,2024,5,3,2628.22,0.056,2481.04
S005598,R079,T013,P004,2024-05-01,2024,5,3,1234.88,0.167,1028.66
S005599,R079,T013,P003,2024-05-01,2024,5,1,2263.26,0.074,2095.78
S005600,R079,T013,P005,2024-06-01,2024,6,1,396.84,0.138,342.08
S005601,R079,T013,P001,2024-06-01,2024,6,1,714.83,0.128,623.33
S005602,R079,T013,P004,2024-06-01,2024,6,3,1191.28,0.113,1056.67
S005603,R079,T013,P002,2024-07-01,2024,7,3,2361.63,0.136,2040.45
S005604,R079,T013,P005,2024-07-01,2024,7,3,873.38,0.136,754.6
S005605,R079,T013,P003,2024-07-01,2024,7,2,2731.29,0.161,2291.55
S005606,R079,T013,P006,2024-07-01,2024,7,1,1629.68,0.025,1588.94
S005607,R079,T013,P004,2024-08-01,2024,8,3,1143.81,0.039,1099.2
S005608,R079,T013,P005,2024-08-01,2024,8,1,330.15,0.156,278.65
S005609,R079,T013,P002,2024-08-01,2024,8,2,1486.56,0.13,1293.31
S005610,R079,T013,P003,2024-08-01,2024,8,2,3235.23,0.036,3118.76
S005611,R079,T013,P002,2024-09-01,2024,9,4,2861.47,0.023,2795.66
S005612,R079,T013,P005,2024-09-01,2024,9,3,1046.92,0.14,900.35
S005613,R079,T013,P006,2024-09-01,2024,9,2,2221.73,0.104,1990.67
S005614,R079,T013,P002,2024-10-01,2024,10,1,422.49,0.074,391.23
S005615,R079,T013,P005,2024-10-01,2024,10,3,973.71,0.104,872.44
S005616,R079,T013,P001,2024-10-01,2024,10,1,315.66,0.156,266.42
S005617,R079,T013,P004,2024-11-01,2024,11,1,529.81,0.07,492.72
S005618,R079,T013,P006,2024-11-01,2024,11,1,1232.36,0.126,1077.08
S005619,R079,T013,P001,2024-11-01,2024,11,2,873.98,0.079,804.94
S005620,R079,T013,P002,2024-11-01,2024,11,2,1753.34,0.124,1535.93
S005621,R079,T013,P003,2024-12-01,2024,12,1,1005.7,0.038,967.48
S005622,R079,T013,P005,2024-12-01,2024,12,1,496.39,0.071,461.15
S005623,R079,T013,P006,2024-12-01,2024,12,3,3187.11,0.164,2664.42
S005624,R079,T013,P002,2024-12-01,2024,12,5,3796.91,0.178,3121.06
S005625,R080,T046,P002,2023-01-01,2023,1,1,932.96,0.102,837.8
S005626,R080,T046,P003,2023-01-01,2023,1,1,2395.17,0.032,2318.52
S005627,R080,T046,P001,2023-02-01,2023,2,1,328.27,0.05,311.86
S005628,R080,T046,P003,2023-02-01,2023,2,1,514.76,0.128,448.87
S005629,R080,T046,P005,2023-02-01,2023,2,1,182.52,0.156,154.05
S005630,R080,T046,P002,2023-02-01,2023,2,1,250.71,0.134,217.11
S005631,R080,T046,P003,2023-03-01,2023,3,1,799.56,0.073,741.19
S005632,R080,T046,P004,2023-03-01,2023,3,2,899.42,0.107,803.18
S005633,R080,T046,P006,2023-03-01,2023,3,1,1078.55,0.059,1014.92
S005634,R080,T046,P005,2023-03-01,2023,3,2,637.56,0.058,600.58
S005635,R080,T046,P005,2023-04-01,2023,4,1,329.97,0.073,305.88
S005636,R080,T046,P001,2023-04-01,2023,4,1,495.28,0.176,408.11
S005637,R080,T046,P006,2023-05-01,2023,5,1,1452.33,0.08,1336.14
S005638,R080,T046,P004,2023-05-01,2023,5,1,520.37,0.08,478.74
S005639,R080,T046,P003,2023-05-01,2023,5,1,571.93,0.152,485.0
S005640,R080,T046,P001,2023-05-01,2023,5,1,713.52,0.11,635.03
S005641,R080,T046,P004,2023-06-01,2023,6,1,321.88,0.115,284.86
S005642,R080,T046,P005,2023-06-01,2023,6,1,121.5,0.173,100.48
S005643,R080,T046,P001,2023-06-01,2023,6,1,356.07,0.098,321.18
S005644,R080,T046,P003,2023-07-01,2023,7,1,434.29,0.086,396.94
S005645,R080,T046,P004,2023-07-01,2023,7,1,202.35,0.17,167.95
S005646,R080,T046,P006,2023-07-01,2023,7,1,1178.12,0.116,1041.46
S005647,R080,T046,P001,2023-07-01,2023,7,1,584.04,0.135,505.19
S005648,R080,T046,P002,2023-08-01,2023,8,1,955.95,0.113,847.93
S005649,R080,T046,P004,2023-08-01,2023,8,1,551.57,0.118,486.48
S005650,R080,T046,P006,2023-08-01,2023,8,1,1135.18,0.078,1046.64
S005651,R080,T046,P005,2023-09-01,2023,9,1,398.89,0.122,350.23
S005652,R080,T046,P004,2023-09-01,2023,9,1,309.49,0.156,261.21
S005653,R080,T046,P003,2023-09-01,2023,9,1,1711.32,0.172,1416.97
S005654,R080,T046,P006,2023-09-01,2023,9,2,1844.28,0.087,1683.83
S005655,R080,T046,P003,2023-10-01,2023,10,1,887.45,0.169,737.47
S005656,R080,T046,P002,2023-10-01,2023,10,1,314.78,0.105,281.73
S005657,R080,T046,P001,2023-10-01,2023,10,1,414.82,0.045,396.15
S005658,R080,T046,P003,2023-11-01,2023,11,1,2122.28,0.139,1827.28
S005659,R080,T046,P005,2023-11-01,2023,11,1,314.25,0.132,272.77
S005660,R080,T046,P006,2023-11-01,2023,11,1,498.09,0.069,463.72
S005661,R080,T046,P006,2023-12-01,2023,12,1,626.25,0.174,517.28
S005662,R080,T046,P002,2023-12-01,2023,12,2,1475.93,0.103,1323.91
S005663,R080,T046,P003,2023-12-01,2023,12,1,2373.17,0.139,2043.3
S005664,R080,T046,P005,2023-12-01,2023,12,1,191.08,0.131,166.05
S005665,R080,T046,P002,2024-01-01,2024,1,1,1241.85,0.14,1067.99
S005666,R080,T046,P005,2024-01-01,2024,1,1,246.69,0.07,229.42
S005667,R080,T046,P001,2024-01-01,2024,1,2,896.03,0.099,807.32
S005668,R080,T046,P002,2024-02-01,2024,2,1,1172.3,0.087,1070.31
S005669,R080,T046,P005,2024-02-01,2024,2,1,282.32,0.147,240.82
S005670,R080,T046,P003,2024-02-01,2024,2,1,2372.07,0.04,2277.19
S005671,R080,T046,P001,2024-03-01,2024,3,1,442.3,0.171,366.67
S005672,R080,T046,P006,2024-03-01,2024,3,2,2019.44,0.056,1906.35
S005673,R080,T046,P005,2024-03-01,2024,3,1,558.1,0.061,524.06
S005674,R080,T046,P003,2024-03-01,2024,3,2,3398.05,0.102,3051.45
S005675,R080,T046,P002,2024-04-01,2024,4,2,1498.93,0.029,1455.46
S005676,R080,T046,P006,2024-04-01,2024,4,2,2483.4,0.073,2302.11
S005677,R080,T046,P002,2024-05-01,2024,5,1,1146.29,0.119,1009.88
S005678,R080,T046,P006,2024-05-01,2024,5,1,685.97,0.034,662.65
S005679,R080,T046,P001,2024-05-01,2024,5,1,445.4,0.052,422.24
S005680,R080,T046,P005,2024-06-01,2024,6,1,412.56,0.047,393.17
S005681,R080,T046,P003,2024-06-01,2024,6,1,1634.49,0.074,1513.54
S005682,R080,T046,P004,2024-06-01,2024,6,1,218.54,0.101,196.47
S005683,R080,T046,P006,2024-06-01,2024,6,1,1353.11,0.129,1178.56
S005684,R080,T046,P003,2024-07-01,2024,7,1,1468.61,0.136,1268.88
S005685,R080,T046,P005,2024-07-01,2024,7,1,524.55,0.067,489.41
S005686,R080,T046,P003,2024-08-01,2024,8,1,1694.1,0.044,1619.56
S005687,R080,T046,P004,2024-08-01,2024,8,1,603.25,0.164,504.32
S005688,R080,T046,P005,2024-08-01,2024,8,2,679.69,0.025,662.7
S005689,R080,T046,P005,2024-09-01,2024,9,1,233.61,0.154,197.63
S005690,R080,T046,P004,2024-09-01,2024,9,1,373.28,0.036,359.84
S005691,R080,T046,P003,2024-09-01,2024,9,3,3953.41,0.114,3502.72
S005692,R080,T046,P002,2024-09-01,2024,9,1,1034.05,0.066,965.8
S005693,R080,T046,P006,2024-10-01,2024,10,1,664.22,0.077,613.08
S005694,R080,T046,P004,2024-10-01,2024,10,1,550.35,0.069,512.38
S005695,R080,T046,P005,2024-10-01,2024,10,1,124.89,0.128,108.9
S005696,R080,T046,P004,2024-11-01,2024,11,1,375.91,0.09,342.08
S005697,R080,T046,P003,2024-11-01,2024,11,1,581.86,0.033,562.66
S005698,R080,T046,P001,2024-12-01,2024,12,1,421.6,0.052,399.68
S005699,R080,T046,P004,2024-12-01,2024,12,1,475.69,0.021,465.7
S005700,R080,T046,P006,2024-12-01,2024,12,1,274.39,0.073,254.36
S005701,R080,T046,P003,2024-12-01,2024,12,2,3500.65,0.099,3154.09
